User ID,Vehicle Model,Battery Capacity (kWh),Charging Station ID,Charging Station Location,Charging Start Time,Charging End Time,Energy Consumed (kWh),Charging Duration (hours),Charging Rate (kW),Charging Cost (USD),Time of Day,Day of Week,State of Charge (Start %),State of Charge (End %),Distance Driven (since last charge) (km),Temperature (°C),Vehicle Age (years),Charger Type,User Type
User_1,BMW i3,108.46,Station_391,Houston,01/01/2024 0:00,01/01/2024 0:39,60.71,0.59,36.39,13.09,Evening,Tuesday,29.37,86.12,293.6,27.95,2,DC Fast Charger,Commuter
User_2,Hyundai Kona,100,Station_428,San Francisco,01/01/2024 1:00,01/01/2024 3:01,12.34,3.13,30.68,21.13,Morning,Monday,10.12,84.66,112.11,14.31,3,Level 1,Casual Driver
User_3,Chevy Bolt,75,Station_181,San Francisco,01/01/2024 2:00,01/01/2024 4:48,19.13,2.45,27.51,35.67,Morning,Thursday,6.85,69.92,71.8,21,2,Level 2,Commuter
User_4,Hyundai Kona,50,Station_327,Houston,01/01/2024 3:00,01/01/2024 6:42,79.46,1.27,32.88,13.04,Evening,Saturday,83.12,99.62,199.58,38.32,1,Level 1,Long-Distance Traveler
User_5,Hyundai Kona,50,Station_108,Los Angeles,01/01/2024 4:00,01/01/2024 5:46,19.63,2.02,10.22,10.16,Morning,Saturday,54.26,63.74,203.66,-7.83,1,Level 1,Long-Distance Traveler
User_6,Nissan Leaf,50,Station_335,San Francisco,01/01/2024 5:00,01/01/2024 7:10,43.18,1.17,14.33,36.9,Evening,Saturday,75.22,71.98,143.68,-5.27,0,DC Fast Charger,Long-Distance Traveler
User_7,Chevy Bolt,85,Station_162,Houston,01/01/2024 6:00,01/01/2024 7:53,36.86,3.54,26.19,22.21,Evening,Friday,60.75,70.8,81.34,27.55,4,Level 2,Commuter
User_8,Chevy Bolt,75,Station_302,Los Angeles,01/01/2024 7:00,01/01/2024 10:42,51.47,2.66,26.7,9.8,Afternoon,Monday,56.2,63.79,116.54,-4.42,0,Level 2,Long-Distance Traveler
User_9,Chevy Bolt,62,Station_493,Los Angeles,01/01/2024 8:00,01/01/2024 9:21,43.59,1.72,14.29,32.47,Evening,Wednesday,33.47,92.96,208.26,22.52,4,Level 1,Commuter
User_10,Hyundai Kona,50,Station_452,Chicago,01/01/2024 9:00,01/01/2024 12:44,78.87,2.03,11.76,21.31,Morning,Wednesday,27.4,70.05,54.01,27.51,2.83,DC Fast Charger,Commuter
User_11,BMW i3,50,Station_206,Los Angeles,01/01/2024 10:00,01/01/2024 13:59,18.21,2.65,10.31,38.22,Night,Thursday,76.09,82.27,64.63,0.5,3,DC Fast Charger,Casual Driver
User_12,Chevy Bolt,85,Station_78,San Francisco,01/01/2024 11:00,01/01/2024 14:55,22.56,2.06,4.46,14.05,Evening,Sunday,14.62,85.86,194.76,34.26,0,DC Fast Charger,Long-Distance Traveler
User_13,Hyundai Kona,100,Station_16,San Francisco,01/01/2024 12:00,01/01/2024 13:00,34.26,3.07,5.52,10.97,Afternoon,Monday,19.21,51.63,249.13,23.66,0,Level 2,Casual Driver
User_14,Nissan Leaf,75,Station_327,Houston,01/01/2024 13:00,01/01/2024 15:54,16.56,3.59,19.77,37.44,Morning,Friday,25.78,69.2,159.23,34.11,7,Level 2,Commuter
User_15,BMW i3,85,Station_96,Houston,01/01/2024 14:00,01/01/2024 17:32,12.93,3.42,24.21,18.55,Afternoon,Monday,71.68,63.71,155.36,39.51,4,Level 1,Casual Driver
User_16,Nissan Leaf,100,Station_147,Los Angeles,01/01/2024 15:00,01/01/2024 17:19,27.35,2.7,11.11,33.09,Evening,Monday,10.68,72.4,247.66,-8.3,1.54,DC Fast Charger,Long-Distance Traveler
User_17,BMW i3,97.68,Station_2,New York,01/01/2024 16:00,01/01/2024 18:02,24.73,3.46,49.4,17.49,Evening,Thursday,67.59,89.94,237.31,4.42,7,DC Fast Charger,Commuter
User_18,Hyundai Kona,50,Station_10,Chicago,01/01/2024 17:00,01/01/2024 20:13,23.82,0.85,6.61,6.43,Evening,Friday,57.6,74.96,22.01,18.41,6,Level 2,Casual Driver
User_19,Tesla Model 3,100,Station_434,New York,01/01/2024 18:00,01/01/2024 21:03,42.64,0.81,20.49,25.08,Evening,Saturday,55.52,52.71,280.86,37.43,0,Level 1,Long-Distance Traveler
User_20,BMW i3,50,Station_125,Los Angeles,01/01/2024 19:00,01/01/2024 20:22,48.48,2.58,45.29,7.09,Morning,Wednesday,12.75,116.1,243.26,9.2,3,Level 2,Long-Distance Traveler
User_21,Nissan Leaf,50,Station_81,Los Angeles,01/01/2024 20:00,01/01/2024 22:54,50.28,3.17,30.49,28.87,Night,Tuesday,16.55,77.94,15.42,33.98,3,Level 2,Casual Driver
User_22,Hyundai Kona,62,Station_485,New York,01/01/2024 21:00,01/01/2024 22:55,59.14,2.93,,34.85,Evening,Sunday,71.53,75.97,219.63,-2.76,5,Level 1,Commuter
User_23,BMW i3,75,Station_140,Chicago,01/01/2024 22:00,01/02/2024 1:02,49.2,2.56,19.19,14.86,Afternoon,Saturday,49.02,64.48,298.19,39.96,4.26,DC Fast Charger,Long-Distance Traveler
User_24,Tesla Model 3,100,Station_326,New York,01/01/2024 23:00,01/01/2024 23:31,68.45,2.07,49.71,38.41,Morning,Friday,19.23,74.01,280.92,3.58,5,DC Fast Charger,Commuter
User_25,Tesla Model 3,100,Station_150,Houston,01/02/2024 0:00,01/02/2024 1:55,27.6,0.96,11.24,24.04,Morning,Wednesday,65.49,65.35,173.47,35.98,4,Level 1,Long-Distance Traveler
User_26,Chevy Bolt,75,Station_288,San Francisco,01/02/2024 1:00,01/02/2024 3:42,40.18,3.6,12.32,38.76,Morning,Saturday,80.34,80,82.75,21.54,1,DC Fast Charger,Commuter
User_27,Chevy Bolt,75,Station_361,Houston,01/02/2024 2:00,01/02/2024 2:33,43.49,3.65,36.18,27.45,Afternoon,Thursday,88.75,87.82,80.91,29.87,0.36,Level 1,Commuter
User_28,Nissan Leaf,50,Station_340,San Francisco,01/02/2024 3:00,01/02/2024 6:13,10.34,1.55,45.78,9.86,Night,Sunday,98.33,94.5,162.69,5.5,0,Level 1,Long-Distance Traveler
User_29,BMW i3,75,Station_129,Los Angeles,01/02/2024 4:00,01/02/2024 4:35,31.68,2.44,48.65,25.62,Afternoon,Friday,34.73,54.4,,20.38,3,Level 2,Casual Driver
User_30,BMW i3,75,Station_438,Chicago,01/02/2024 5:00,01/02/2024 7:58,56.59,3.15,45.81,33.13,Afternoon,Friday,29.21,85.01,186.16,12.33,0,DC Fast Charger,Casual Driver
User_31,Chevy Bolt,100,Station_239,New York,01/02/2024 6:00,01/02/2024 9:54,19.47,1.44,7.04,36.95,Afternoon,Wednesday,31.32,78.06,,8.35,2,DC Fast Charger,Casual Driver
User_32,BMW i3,100,Station_58,Chicago,03/02/2024 7:00,03/02/2024 9:27,38.29,2.01,12.06,17.01,Evening,Wednesday,75.64,65.62,238.91,2.27,6,Level 1,Commuter
User_33,BMW i3,100,Station_198,New York,01/02/2024 8:00,01/02/2024 9:58,16.14,1.31,21.52,26.44,Evening,Monday,23.6,88.2,35.5,39.38,1,Level 2,Casual Driver
User_34,Tesla Model 3,62,Station_211,Houston,01/02/2024 9:00,01/02/2024 12:03,60.07,1,7.65,18.03,Afternoon,Monday,22.88,51.43,46.36,13.99,1,Level 2,Casual Driver
User_35,Chevy Bolt,75,Station_402,Houston,04/02/2024 10:00,04/02/2024 13:32,57.72,1.87,4.49,35.5,Afternoon,Friday,41.87,79.65,157.61,28.43,1.81,DC Fast Charger,Long-Distance Traveler
User_36,Hyundai Kona,75,Station_390,New York,04/02/2024 11:00,04/02/2024 14:16,37.37,2.89,18.87,29.87,Evening,Tuesday,24.49,73.38,76.2,59.93,4,Level 1,Commuter
User_37,Chevy Bolt,75,Station_45,Chicago,05/02/2024 12:00,05/02/2024 15:10,39.94,3.47,28.63,15.86,Evening,Thursday,85.86,50.4,102.43,31.46,1,DC Fast Charger,Casual Driver
User_38,Hyundai Kona,75,Station_97,New York,01/02/2024 13:00,01/02/2024 13:43,73.39,1.04,38.45,15.88,Night,Wednesday,49.28,94.6,42.1,33.93,6,DC Fast Charger,Long-Distance Traveler
User_39,Tesla Model 3,85,Station_279,Los Angeles,06/02/2024 14:00,06/02/2024 15:25,61.52,1.28,12.51,26.51,Afternoon,Monday,87.98,79.39,141.24,5.76,7,Level 2,Commuter
User_40,Nissan Leaf,100,Station_23,Houston,01/02/2024 15:00,01/02/2024 16:50,68.18,3.24,23.31,8.5,Morning,Thursday,17.04,56.08,130.38,-3.19,2,Level 2,Long-Distance Traveler
User_41,BMW i3,79.8,Station_410,Los Angeles,08/17/2024 21:00,08/17/2024 23:47,67.52,1.96,6.9,29.22,Night,Sunday,80.86,62.53,119.63,35.23,1.97,Level 2,Casual Driver
User_42,Tesla Model 3,100,Station_461,Houston,09/02/2024 17:00,09/02/2024 18:15,39.4,2.4,20.46,26.62,Morning,Saturday,28.25,96.29,111.02,19.78,2.94,Level 2,Commuter
User_43,BMW i3,85,Station_391,Houston,11/18/2024 20:00,11/18/2024 22:54,12.05,1.37,29.47,32.04,Night,Saturday,36.64,66.98,83.25,39.42,4,Level 1,Commuter
User_44,Nissan Leaf,48.8,Station_335,San Francisco,01/02/2024 19:00,01/02/2024 19:45,77.05,3.03,8.39,6.36,Afternoon,Friday,15.14,84.34,144.01,22.07,1,DC Fast Charger,Casual Driver
User_45,Nissan Leaf,75,Station_44,Los Angeles,01/02/2024 20:00,01/02/2024 22:29,,3.3,5.11,30.04,Morning,Wednesday,15.22,132.95,49.38,32.01,3.68,Level 2,Long-Distance Traveler
User_46,Tesla Model 3,62,Station_27,Los Angeles,01/02/2024 21:00,01/02/2024 22:53,46.81,3.88,16.92,10.61,Evening,Saturday,49.3,90.97,210.17,-0.04,1,DC Fast Charger,Commuter
User_47,Nissan Leaf,75,Station_282,San Francisco,01/02/2024 22:00,01/03/2024 1:06,67.48,2.11,49.6,19.03,Night,Sunday,63.04,81.75,97.45,3.19,5,Level 1,Commuter
User_48,Hyundai Kona,62,Station_97,Chicago,01/02/2024 23:00,01/02/2024 23:37,30.71,1.63,6.35,18.13,Morning,Wednesday,76.12,76.68,18.93,27.9,0,Level 2,Commuter
User_49,Nissan Leaf,85,Station_463,Los Angeles,01/03/2024 0:00,01/03/2024 1:57,,1.74,14.15,13.11,Night,Monday,77.81,87.95,212.94,-4.45,1,Level 1,Casual Driver
User_50,BMW i3,100,Station_36,New York,01/03/2024 1:00,01/03/2024 3:40,8.71,2.21,49.28,9.64,Afternoon,Saturday,27.2,86.89,170.48,5.38,6,Level 2,Long-Distance Traveler
User_51,BMW i3,85,Station_109,San Francisco,01/03/2024 2:00,01/03/2024 2:48,9.07,0.51,40.18,24.5,Morning,Tuesday,13.87,93.63,226.22,30.69,2.62,DC Fast Charger,Casual Driver
User_52,BMW i3,50,Station_55,Los Angeles,01/03/2024 3:00,01/03/2024 5:06,58.73,1.89,13.18,28.1,Morning,Saturday,83.86,71.37,57.38,1.94,3,Level 1,Commuter
User_53,BMW i3,50,Station_192,Chicago,01/03/2024 4:00,01/03/2024 5:35,65.99,3.31,46.28,18.85,Morning,Wednesday,17.39,73.44,235,-7.72,0,Level 2,Long-Distance Traveler
User_54,Hyundai Kona,62,Station_219,Los Angeles,01/03/2024 5:00,01/03/2024 6:48,75,1.91,35.93,34.09,Night,Tuesday,87.29,80.42,51.83,17.81,5,DC Fast Charger,Long-Distance Traveler
User_55,Chevy Bolt,100,Station_185,Houston,01/03/2024 6:00,01/03/2024 7:55,17.77,3.31,34.46,9.8,Evening,Thursday,27.7,70.51,166.31,19.7,4,DC Fast Charger,Casual Driver
User_56,Tesla Model 3,76.88,Station_69,New York,01/03/2024 7:00,01/03/2024 9:33,50.27,1.68,36.3,38.94,Evening,Saturday,13.49,82.7,133.99,3.04,0,DC Fast Charger,Casual Driver
User_57,BMW i3,69.88,Station_317,San Francisco,01/03/2024 8:00,01/03/2024 11:51,76.45,3.87,11.34,30.19,Evening,Wednesday,63.67,55.39,191.94,10.42,2,Level 2,Commuter
User_58,Nissan Leaf,62,Station_130,Houston,01/03/2024 9:00,01/03/2024 12:59,77.86,0.92,47.15,28.3,Afternoon,Saturday,56.92,57.47,129.39,38.47,3,DC Fast Charger,Casual Driver
User_59,BMW i3,100,Station_55,Chicago,01/03/2024 10:00,01/03/2024 12:59,21.89,1.29,25.37,8.64,Morning,Saturday,80.23,64.67,148.42,5.07,7,DC Fast Charger,Casual Driver
User_60,Nissan Leaf,100,Station_378,Houston,01/03/2024 11:00,01/03/2024 12:15,71.28,2.41,40.62,6.74,Evening,Wednesday,26.16,89.92,140.47,33.06,5,Level 2,Casual Driver
User_61,Nissan Leaf,62,Station_97,Houston,01/03/2024 12:00,01/03/2024 14:22,21.83,2.08,26.51,36.07,Evening,Tuesday,33.26,51.5,48.04,38.66,7,Level 1,Casual Driver
User_62,BMW i3,75,Station_336,Chicago,01/03/2024 13:00,01/03/2024 15:00,62.72,2.12,31,30.04,Morning,Monday,82.84,72.83,282.94,32.85,7,DC Fast Charger,Casual Driver
User_63,Hyundai Kona,124.32,Station_87,Houston,01/03/2024 14:00,01/03/2024 16:50,46.2,0.65,47.88,30.86,Afternoon,Sunday,53.01,59.9,25.03,6.17,1,Level 2,Commuter
User_64,Nissan Leaf,100,Station_294,San Francisco,01/03/2024 15:00,01/03/2024 16:02,29.35,2.48,6.87,24.65,Night,Saturday,85.33,67.48,127.02,34.06,0,Level 1,Long-Distance Traveler
User_65,Nissan Leaf,50,Station_119,Los Angeles,01/03/2024 16:00,01/03/2024 18:42,76.93,2.12,34.18,34.23,Night,Friday,27.17,92.14,295.89,7.94,2.59,DC Fast Charger,Casual Driver
User_66,BMW i3,62,Station_208,Houston,01/03/2024 17:00,01/03/2024 18:46,59.25,1.28,,12.22,Night,Thursday,77.04,91.83,167.3,35.27,7,Level 2,Long-Distance Traveler
User_67,Nissan Leaf,100,Station_334,San Francisco,01/03/2024 18:00,01/03/2024 21:04,37.06,1.61,15.23,37.88,Morning,Wednesday,7.52,67.8,98.15,16.48,2,Level 2,Long-Distance Traveler
User_68,Nissan Leaf,85,Station_413,Los Angeles,01/03/2024 19:00,01/03/2024 21:30,67.7,0.86,32.98,13.78,Afternoon,Saturday,22.49,86.78,81.28,-7.33,6,DC Fast Charger,Casual Driver
User_69,BMW i3,75,Station_154,Los Angeles,01/03/2024 20:00,01/03/2024 22:37,16.41,1.7,,21.67,Morning,Sunday,36.95,77.14,188.47,18.54,7,Level 1,Casual Driver
User_70,BMW i3,50,Station_35,Houston,01/03/2024 21:00,01/03/2024 22:47,67.01,3.61,4.09,14.42,Night,Monday,57.68,57.11,276.37,-2.72,4.12,Level 1,Long-Distance Traveler
User_71,Tesla Model 3,75,Station_79,San Francisco,01/03/2024 22:00,01/04/2024 1:01,70.62,3.28,26.07,15.47,Evening,Wednesday,86.23,57.97,23,34.85,2.77,Level 1,Commuter
User_72,Hyundai Kona,75,Station_67,Houston,01/03/2024 23:00,01/04/2024 0:36,61.13,0.95,23.28,37.15,Evening,Saturday,34.9,92.36,58.86,7.66,1,DC Fast Charger,Long-Distance Traveler
User_73,Hyundai Kona,85,Station_343,Chicago,01/04/2024 0:00,01/04/2024 2:24,22.88,1.57,29.99,10.71,Evening,Thursday,15.67,96.6,98.47,19.21,3,DC Fast Charger,Commuter
User_74,Nissan Leaf,59.83,Station_413,Los Angeles,01/04/2024 1:00,01/04/2024 2:32,12.89,0.58,40.88,15.2,Night,Friday,31.55,97.46,183.17,28.64,2,Level 1,Long-Distance Traveler
User_75,Hyundai Kona,85,Station_34,Houston,01/04/2024 2:00,01/04/2024 4:22,69.17,2.29,5.56,20.77,Afternoon,Wednesday,41.09,74.4,276.57,20.01,4,Level 1,Casual Driver
User_76,Nissan Leaf,50,Station_97,Los Angeles,01/04/2024 3:00,01/04/2024 5:03,,3.52,9.57,24.79,Night,Saturday,51.28,93.2,171.9,-5.28,4,Level 1,Commuter
User_77,Tesla Model 3,100,Station_169,San Francisco,01/04/2024 4:00,01/04/2024 5:17,49.28,3.87,49.41,39.93,Morning,Tuesday,86.33,75.5,246.34,30.08,0,Level 1,Long-Distance Traveler
User_78,BMW i3,75,Station_169,New York,01/04/2024 5:00,01/04/2024 8:40,31.22,3.34,30.03,17.6,Afternoon,Monday,39.52,71.27,242.49,39.83,3,Level 2,Commuter
User_79,BMW i3,100,Station_151,Houston,01/04/2024 6:00,01/04/2024 9:55,30.65,1.03,28.52,39.32,Evening,Friday,38.12,81.2,12.15,-4.93,1,DC Fast Charger,Casual Driver
User_80,BMW i3,75,Station_71,Houston,01/04/2024 7:00,01/04/2024 7:41,59.99,3.73,23.42,15.68,Afternoon,Wednesday,88.1,96.13,281.76,15.06,0,Level 1,Commuter
User_81,Hyundai Kona,48.05,Station_3,Los Angeles,01/04/2024 8:00,01/04/2024 11:05,51.67,0.69,46.6,18.01,Afternoon,Saturday,55.07,62.94,222.27,2.55,7,Level 2,Casual Driver
User_82,Tesla Model 3,50,Station_314,San Francisco,01/04/2024 9:00,01/04/2024 12:21,35.91,2.73,25.6,19.28,Night,Friday,48.89,43.05,93.86,33.08,6,Level 1,Casual Driver
User_83,Hyundai Kona,85,Station_32,Chicago,01/04/2024 10:00,01/04/2024 13:20,41.61,0.81,,29.53,Afternoon,Tuesday,55,97.26,94.65,17.74,3,Level 1,Commuter
User_84,Hyundai Kona,62,Station_287,San Francisco,01/04/2024 11:00,01/04/2024 13:54,32.83,3.41,44.49,39.67,Night,Wednesday,26.65,63.71,279.9,5.8,1,Level 2,Casual Driver
User_85,Tesla Model 3,50,Station_82,Houston,01/04/2024 12:00,01/04/2024 13:09,57.92,1.26,12.54,19.82,Morning,Friday,49.87,54.26,64.14,1.83,1,Level 1,Casual Driver
User_86,Tesla Model 3,100,Station_43,Chicago,01/04/2024 13:00,01/04/2024 16:26,21.66,1.89,32.95,18.03,Afternoon,Wednesday,78.43,97.73,170.56,10.4,3,Level 1,Casual Driver
User_87,Tesla Model 3,62,Station_391,San Francisco,01/04/2024 14:00,01/04/2024 15:54,41.01,3.37,45.32,18.07,Afternoon,Wednesday,73.62,83.05,103.79,-4.57,3,Level 2,Commuter
User_88,Tesla Model 3,62,Station_105,New York,01/04/2024 15:00,01/04/2024 16:26,79.82,2.61,13.01,35.97,Afternoon,Friday,86.11,69.4,274.02,10.69,2,Level 2,Casual Driver
User_89,BMW i3,85,Station_1,Los Angeles,01/04/2024 16:00,01/04/2024 17:56,33.07,1.47,30.34,15.55,Evening,Wednesday,105.03,83.02,164.68,-6.51,1,Level 2,Long-Distance Traveler
User_90,Chevy Bolt,75,Station_61,San Francisco,01/04/2024 17:00,01/04/2024 18:53,27.84,2.54,17,12.28,Night,Tuesday,47.99,85.87,79.35,7.52,7,Level 2,Casual Driver
User_91,Chevy Bolt,50,Station_270,San Francisco,01/04/2024 18:00,01/04/2024 21:41,28.44,1.08,42.43,13.78,Night,Friday,13.67,96.35,398.36,27.81,0,Level 2,Long-Distance Traveler
User_92,Tesla Model 3,62,Station_180,New York,01/04/2024 19:00,01/04/2024 22:52,68.57,2.93,5.45,15.89,Evening,Saturday,50.32,93.89,191.46,37.9,4,Level 1,Commuter
User_93,Chevy Bolt,85,Station_224,Houston,01/04/2024 20:00,01/04/2024 23:34,65.43,0.93,20.27,10.4,Night,Sunday,76.47,75.85,71.44,30.2,6,DC Fast Charger,Long-Distance Traveler
User_94,Chevy Bolt,75,Station_6,Los Angeles,01/04/2024 21:00,01/04/2024 23:30,71.62,3.52,31.27,21.26,Morning,Friday,51.79,64.55,16.68,-1.72,3,Level 2,Casual Driver
User_95,Tesla Model 3,85,Station_103,San Francisco,01/04/2024 22:00,01/05/2024 1:51,7.93,2.34,44.12,33.82,Evening,Tuesday,42.74,72.97,55.68,16.81,7,DC Fast Charger,Casual Driver
User_96,Chevy Bolt,24.6,Station_10,Chicago,01/04/2024 23:00,01/05/2024 0:43,,1.38,32.44,38.06,Night,Tuesday,48.33,85.07,,23.4,5,Level 1,Casual Driver
User_97,Hyundai Kona,75,Station_71,San Francisco,01/05/2024 0:00,01/05/2024 2:16,55.73,3.83,21.72,38.09,Morning,Tuesday,63.4,68.35,74.05,34.66,0,Level 2,Casual Driver
User_98,Nissan Leaf,85,Station_90,Los Angeles,01/05/2024 1:00,01/05/2024 3:33,31.05,0.69,28,6.25,Night,Saturday,47.16,66.19,,15.63,7,DC Fast Charger,Casual Driver
User_99,Nissan Leaf,62,Station_226,San Francisco,01/05/2024 2:00,01/05/2024 5:47,15.92,3.35,17.55,9.53,Evening,Saturday,80.2,73.22,117.79,15.44,0.93,DC Fast Charger,Casual Driver
User_100,Tesla Model 3,100,Station_158,New York,01/05/2024 3:00,01/05/2024 5:09,50.9,3.62,,28.34,Night,Sunday,54.45,60.56,10.44,30.04,7,DC Fast Charger,Commuter
User_101,BMW i3,77.3,Station_228,San Francisco,01/05/2024 4:00,01/05/2024 7:53,71.48,0.65,,11.36,Morning,Sunday,27.58,53.79,197.65,28.98,3,DC Fast Charger,Casual Driver
User_102,Tesla Model 3,100,Station_405,San Francisco,01/05/2024 5:00,01/05/2024 6:12,74.15,4.12,31.28,26,Morning,Wednesday,12.96,52.99,91.38,35.79,0,DC Fast Charger,Long-Distance Traveler
User_103,BMW i3,75,Station_126,Chicago,01/05/2024 6:00,01/05/2024 8:28,46.78,3.12,32.08,18.59,Morning,Wednesday,77.52,56.73,246.22,27.27,4,Level 2,Long-Distance Traveler
User_104,Nissan Leaf,95.15,Station_444,New York,01/05/2024 7:00,01/05/2024 7:52,8.47,1.96,16.02,31.24,Night,Thursday,84.4,73.57,297.55,22.17,1,Level 2,Long-Distance Traveler
User_105,Tesla Model 3,85,Station_209,New York,01/05/2024 8:00,01/05/2024 11:04,61.7,2.53,30.78,22.49,Evening,Sunday,84.27,57.22,208.65,28.31,6,Level 2,Commuter
User_106,Hyundai Kona,62,Station_97,San Francisco,01/05/2024 9:00,01/05/2024 12:35,41.26,3.6,29.08,29.02,Night,Sunday,64.42,73.24,268.52,19.64,6,DC Fast Charger,Long-Distance Traveler
User_107,Chevy Bolt,85,Station_74,Chicago,01/05/2024 10:00,01/05/2024 11:06,6.5,1.49,35.93,35.24,Afternoon,Wednesday,67.52,57.35,204.77,35.96,6,DC Fast Charger,Long-Distance Traveler
User_108,BMW i3,147.4,Station_115,San Francisco,01/05/2024 11:00,01/05/2024 13:43,65.89,3.15,24.83,11.04,Evening,Tuesday,27.38,64.7,74.92,13.42,6,Level 1,Long-Distance Traveler
User_109,Chevy Bolt,50,Station_191,San Francisco,01/05/2024 12:00,01/05/2024 13:34,13.26,3.07,47.67,32.91,Afternoon,Thursday,25,90.02,220.67,31.87,3,DC Fast Charger,Commuter
User_110,Chevy Bolt,85,Station_495,Los Angeles,01/05/2024 13:00,01/05/2024 15:43,,3.29,49.88,13.28,Night,Sunday,59.85,56.29,137.14,0.03,5,Level 1,Long-Distance Traveler
User_111,Tesla Model 3,62,Station_170,Los Angeles,01/05/2024 14:00,01/05/2024 17:27,27.43,0.91,32.17,19.78,Evening,Tuesday,74.65,10.08,216.07,-4.15,5,Level 1,Long-Distance Traveler
User_112,Chevy Bolt,100,Station_307,Chicago,01/05/2024 15:00,01/05/2024 15:51,7.36,2.43,11.48,13.79,Afternoon,Monday,77.49,71.63,166.67,-7.81,5,Level 2,Commuter
User_113,Hyundai Kona,100,Station_448,Houston,01/05/2024 16:00,01/05/2024 18:14,36.14,2.45,36.38,7.87,Night,Sunday,48.61,95.83,48.12,32.31,1,DC Fast Charger,Casual Driver
User_114,Chevy Bolt,85,Station_204,Los Angeles,01/05/2024 17:00,01/05/2024 18:57,29.17,1.84,28.5,9.16,Evening,Saturday,64.07,83.79,242,42.74,5,DC Fast Charger,Long-Distance Traveler
User_115,Tesla Model 3,85,Station_56,Houston,01/05/2024 18:00,01/05/2024 21:02,43.45,1.41,,34.68,Morning,Friday,55.71,52.81,38.2,19.87,5,Level 1,Casual Driver
User_116,Hyundai Kona,100,Station_208,New York,01/05/2024 19:00,01/05/2024 21:34,26.87,2.46,12.05,17.54,Morning,Monday,28.18,54.56,289.57,7.79,3,Level 1,Long-Distance Traveler
User_117,Nissan Leaf,85,Station_41,Los Angeles,01/05/2024 20:00,01/05/2024 21:48,17.93,2.78,25.58,25.5,Morning,Saturday,29.95,76.88,104.4,38.36,7,DC Fast Charger,Commuter
User_118,Chevy Bolt,50,Station_32,Los Angeles,01/05/2024 21:00,01/05/2024 22:59,60.47,3.19,,15.89,Afternoon,Saturday,74.54,79.37,84.38,32.84,2,Level 1,Casual Driver
User_119,Tesla Model 3,50,Station_15,Chicago,01/05/2024 22:00,01/06/2024 1:49,17.7,3.46,19.71,19.92,Afternoon,Tuesday,47.81,79.37,258.65,-9.35,7,DC Fast Charger,Commuter
User_120,Nissan Leaf,63.1,Station_62,Houston,01/05/2024 23:00,01/06/2024 0:20,47.71,1.18,,15.35,Night,Wednesday,49.54,57.94,214.47,34.28,1,DC Fast Charger,Casual Driver
User_121,Nissan Leaf,85,Station_155,Los Angeles,01/06/2024 0:00,01/06/2024 3:25,71.19,1.43,10.3,5.14,Morning,Friday,36.88,73.97,276.22,-4.81,6,Level 1,Commuter
User_122,BMW i3,75,Station_284,Los Angeles,01/06/2024 1:00,01/06/2024 3:11,39.64,1.93,13.8,6.97,Afternoon,Wednesday,20.42,57.5,,22.57,6,Level 2,Casual Driver
User_123,Hyundai Kona,62,Station_209,Chicago,01/06/2024 2:00,01/06/2024 5:47,24.85,3.32,32.24,19.91,Morning,Wednesday,60.67,53.93,260.71,11.2,3,DC Fast Charger,Casual Driver
User_124,Chevy Bolt,50,Station_320,Chicago,01/06/2024 3:00,01/06/2024 5:15,7.52,3.42,10.62,34.76,Night,Sunday,61.76,83.21,126.59,9.79,6,Level 1,Casual Driver
User_125,Tesla Model 3,75,Station_494,Houston,01/06/2024 4:00,01/06/2024 7:42,64.42,3.19,24.62,29,Evening,Friday,49.17,62.34,230.49,25.32,2,Level 1,Long-Distance Traveler
User_126,BMW i3,85,Station_187,New York,01/06/2024 5:00,01/06/2024 6:29,6.19,1.29,19.72,20.86,Afternoon,Friday,34.6,101.68,275.74,5.73,1,Level 1,Casual Driver
User_127,Hyundai Kona,100,Station_498,New York,01/06/2024 6:00,01/06/2024 7:15,37.79,3.62,36,29.12,Afternoon,Monday,88.04,61.07,66,-0.33,1,DC Fast Charger,Casual Driver
User_128,BMW i3,85,Station_442,San Francisco,01/06/2024 7:00,01/06/2024 8:05,9.15,2.58,34.05,27.67,Evening,Tuesday,71.45,50.02,223.1,-1.09,1.75,DC Fast Charger,Long-Distance Traveler
User_129,Hyundai Kona,93.27,Station_130,Los Angeles,01/06/2024 8:00,01/06/2024 11:35,15.66,3.14,7.7,32.14,Afternoon,Wednesday,30.88,51.48,202.14,29.54,2,DC Fast Charger,Long-Distance Traveler
User_130,Hyundai Kona,50,Station_127,Houston,01/06/2024 9:00,01/06/2024 12:53,35.55,3.54,45.86,23.37,Night,Tuesday,85.49,74.66,275.57,26.13,4,Level 1,Commuter
User_131,Chevy Bolt,100,Station_292,Los Angeles,01/06/2024 10:00,01/06/2024 13:15,47.53,3.8,14.33,31.1,Afternoon,Tuesday,59.93,81.18,139.38,18.98,3,Level 2,Commuter
User_132,Hyundai Kona,100,Station_114,Houston,01/06/2024 11:00,01/06/2024 11:40,36.62,3.36,27.32,11.58,Afternoon,Sunday,66.56,56.24,69.23,24.52,7,Level 2,Long-Distance Traveler
User_133,BMW i3,50,Station_199,Houston,01/06/2024 12:00,01/06/2024 12:41,65.49,2.07,37.58,31.15,Evening,Thursday,42.84,83.71,102.24,17.52,6,DC Fast Charger,Long-Distance Traveler
User_134,Hyundai Kona,85,Station_13,Houston,01/06/2024 13:00,01/06/2024 16:19,33.89,3.63,18.6,24.47,Night,Monday,40.14,63.35,267.84,-4.16,2.78,DC Fast Charger,Long-Distance Traveler
User_135,Chevy Bolt,48.47,Station_271,Los Angeles,01/06/2024 14:00,01/06/2024 15:08,47.29,3.29,15.41,46.27,Morning,Wednesday,28.21,50.64,277.49,7.12,7,DC Fast Charger,Long-Distance Traveler
User_136,Chevy Bolt,100,Station_89,Chicago,01/06/2024 15:00,01/06/2024 18:48,48.49,0.56,16.76,7.6,Morning,Saturday,35.89,90.85,103.91,0.53,7,Level 2,Long-Distance Traveler
User_137,BMW i3,75,Station_215,Los Angeles,01/06/2024 16:00,01/06/2024 18:48,15.01,0.65,13.76,13.73,Evening,Friday,84.24,77.86,220.2,19.99,6,Level 2,Commuter
User_138,Nissan Leaf,85,Station_444,Houston,01/06/2024 17:00,01/06/2024 18:05,30.07,1.27,35.87,35.04,Night,Friday,13.95,93.6,122.76,33.02,1,DC Fast Charger,Long-Distance Traveler
User_139,Nissan Leaf,85,Station_278,San Francisco,01/06/2024 18:00,01/06/2024 19:21,74.11,2.97,32.29,25.66,Evening,Tuesday,33.44,86.9,179.59,14.12,4,Level 1,Long-Distance Traveler
User_140,Hyundai Kona,62,Station_447,New York,01/06/2024 19:00,01/06/2024 20:00,66.15,3.06,50.17,36.3,Evening,Monday,75.49,56.12,46.81,32.29,1,Level 2,Commuter
User_141,Tesla Model 3,100,Station_474,Houston,01/06/2024 20:00,01/06/2024 21:02,47.38,1.3,48.16,28.11,Morning,Monday,23.64,68.06,,8.51,4,DC Fast Charger,Casual Driver
User_142,Hyundai Kona,62,Station_481,San Francisco,01/06/2024 21:00,01/06/2024 23:50,45.99,2.85,30.6,23.61,Night,Wednesday,34.87,77.64,108.66,3.85,6,Level 2,Commuter
User_143,BMW i3,75,Station_203,Chicago,01/06/2024 22:00,01/07/2024 0:55,48.29,2.07,34.39,30.24,Night,Wednesday,61.87,92.69,208.75,-8.04,6,Level 1,Commuter
User_144,BMW i3,50,Station_74,Houston,01/06/2024 23:00,01/07/2024 2:18,78.69,2.86,36.56,7.64,Evening,Tuesday,38.19,82.43,17.24,12.74,7,Level 1,Long-Distance Traveler
User_145,BMW i3,93.09,Station_25,San Francisco,01/07/2024 0:00,01/07/2024 1:27,68.03,1.52,16.4,18.97,Morning,Tuesday,50.7,60.75,148.09,34.79,0,Level 2,Casual Driver
User_146,BMW i3,85,Station_101,Houston,01/07/2024 1:00,01/07/2024 4:33,40.25,3.64,33.73,17.24,Night,Tuesday,45.03,77.8,28.45,38.97,6,DC Fast Charger,Commuter
User_147,BMW i3,100,Station_176,Los Angeles,01/07/2024 2:00,01/07/2024 5:01,74.28,1.06,41.34,12.89,Evening,Thursday,66.01,82.71,35.48,4.76,7,Level 2,Casual Driver
User_148,Chevy Bolt,85,Station_427,San Francisco,01/07/2024 3:00,01/07/2024 6:50,,3.88,38.87,20.26,Afternoon,Monday,20.22,99.53,246.41,7.46,1,DC Fast Charger,Commuter
User_149,Nissan Leaf,50,Station_117,Los Angeles,01/07/2024 4:00,01/07/2024 6:37,74.95,2.02,43.62,31.58,Morning,Tuesday,72.34,62.45,127.91,12.26,5,Level 2,Long-Distance Traveler
User_150,BMW i3,100,Station_166,Los Angeles,01/07/2024 5:00,01/07/2024 6:00,52.88,1.28,35.53,7.95,Night,Sunday,30.6,76.03,186.81,19.19,0,Level 1,Commuter
User_151,Tesla Model 3,50,Station_41,San Francisco,01/07/2024 6:00,01/07/2024 7:24,34.97,2.5,19.65,16.53,Night,Monday,36.73,69.41,249.06,9.6,4,Level 2,Commuter
User_152,Tesla Model 3,85,Station_429,New York,01/07/2024 7:00,01/07/2024 7:39,55.92,2.55,6.64,25.57,Night,Saturday,46.87,67.96,179.09,15.17,6,DC Fast Charger,Commuter
User_153,Tesla Model 3,62,Station_344,San Francisco,01/07/2024 8:00,01/07/2024 11:37,76.6,3.32,31.6,19.34,Morning,Friday,69.31,92.69,290.99,31.25,3,DC Fast Charger,Casual Driver
User_154,Tesla Model 3,100,Station_424,New York,01/07/2024 9:00,01/07/2024 11:39,20.26,1.35,3.02,31.89,Evening,Friday,79.65,88.24,32.01,36.55,0,Level 1,Casual Driver
User_155,Chevy Bolt,50,Station_366,Houston,01/07/2024 10:00,01/07/2024 10:44,56.07,3.25,28.17,7.96,Afternoon,Monday,75.63,55.82,219.43,7.11,4,DC Fast Charger,Long-Distance Traveler
User_156,Tesla Model 3,62,Station_120,Houston,01/07/2024 11:00,01/07/2024 11:32,65.05,3.44,22.56,20.8,Night,Saturday,83.59,80.04,188.08,25.34,3,DC Fast Charger,Casual Driver
User_157,BMW i3,85,Station_97,San Francisco,01/07/2024 12:00,01/07/2024 13:12,,2.72,9.95,11.75,Morning,Friday,20.16,87.84,81.39,37.84,3,Level 1,Casual Driver
User_158,Hyundai Kona,50.87,Station_145,Houston,01/07/2024 13:00,01/07/2024 16:08,23.57,0.84,49.78,22,Night,Friday,51.07,79,267.35,-3.09,3,DC Fast Charger,Casual Driver
User_159,Tesla Model 3,62,Station_216,Chicago,01/07/2024 14:00,01/07/2024 17:47,,1.99,21.74,8.61,Evening,Friday,45.19,52.94,56.9,38.59,3,DC Fast Charger,Long-Distance Traveler
User_160,Chevy Bolt,100,Station_229,Los Angeles,01/07/2024 15:00,01/07/2024 16:36,41.09,5.22,7.85,37.37,Afternoon,Wednesday,10.71,64.16,35.44,-2.56,6.64,Level 2,Long-Distance Traveler
User_161,Chevy Bolt,58.01,Station_313,Los Angeles,01/07/2024 16:00,01/07/2024 17:25,49,3.74,2.56,15.93,Night,Saturday,15.6,98,85.1,15.56,6,Level 2,Long-Distance Traveler
User_162,Tesla Model 3,85,Station_130,New York,01/07/2024 17:00,01/07/2024 18:32,10.28,2.36,45.69,7.05,Morning,Wednesday,27.84,52.21,39.28,35.09,1.8,Level 2,Long-Distance Traveler
User_163,Hyundai Kona,85,Station_352,Houston,01/07/2024 18:00,01/07/2024 21:52,45.57,3.27,11.09,34.03,Evening,Monday,45.71,87.23,217.59,-9.09,1,Level 2,Commuter
User_164,Tesla Model 3,62,Station_377,New York,01/07/2024 19:00,01/07/2024 19:44,69.11,3.28,22.99,9.36,Afternoon,Monday,58.58,62.96,101.38,1.5,1,Level 2,Long-Distance Traveler
User_165,Chevy Bolt,102.95,Station_318,Los Angeles,01/07/2024 20:00,01/07/2024 22:18,37.76,3.4,32.73,26.22,Morning,Thursday,74.68,64.65,156.42,2.22,6,Level 2,Long-Distance Traveler
User_166,Nissan Leaf,85,Station_472,Los Angeles,01/07/2024 21:00,01/07/2024 23:25,14.5,2.55,21.24,30.87,Night,Wednesday,30.76,56.51,119.36,-5.6,0.67,Level 2,Commuter
User_167,BMW i3,75,Station_137,Houston,01/07/2024 22:00,01/08/2024 0:01,54.64,3.25,19.71,18.84,Morning,Monday,27.02,85.54,130.55,12.63,5,Level 1,Commuter
User_168,Chevy Bolt,75,Station_324,Chicago,01/07/2024 23:00,01/08/2024 1:47,67.89,3.01,9.68,11.33,Afternoon,Wednesday,64.31,77.58,32.89,16.32,6,Level 2,Casual Driver
User_169,Tesla Model 3,100,Station_337,Chicago,01/08/2024 0:00,01/08/2024 3:15,22.74,1.03,29.64,8.23,Evening,Thursday,76.23,85.78,280.98,-2.91,4,DC Fast Charger,Casual Driver
User_170,BMW i3,85,Station_273,Houston,01/08/2024 1:00,01/08/2024 2:16,56.02,1.04,37.85,14.58,Evening,Monday,18.04,61.93,14.72,11.49,7,Level 1,Long-Distance Traveler
User_171,Tesla Model 3,85,Station_117,Houston,01/08/2024 2:00,01/08/2024 3:26,127.76,0.98,9.29,20.34,Night,Monday,27.65,90.3,103.96,18.41,1,Level 2,Casual Driver
User_172,Tesla Model 3,100,Station_306,New York,01/08/2024 3:00,01/08/2024 4:19,13.88,0.52,9.91,26.91,Night,Monday,40.8,71.38,136.28,24.76,5,Level 2,Commuter
User_173,Nissan Leaf,75,Station_368,Houston,01/08/2024 4:00,01/08/2024 5:40,,3.47,32.6,37.21,Night,Monday,68.79,75.67,62.41,27.9,7,DC Fast Charger,Casual Driver
User_174,BMW i3,100,Station_94,Chicago,01/08/2024 5:00,01/08/2024 7:52,47.82,2.05,6.08,35.99,Night,Tuesday,61.58,97.96,90.11,7.17,2,Level 1,Casual Driver
User_175,BMW i3,50,Station_168,Houston,01/08/2024 6:00,01/08/2024 8:55,71.14,1.73,14.83,37.02,Afternoon,Saturday,73.16,75.75,150.27,17.42,5,DC Fast Charger,Long-Distance Traveler
User_176,Nissan Leaf,85,Station_442,New York,01/08/2024 7:00,01/08/2024 8:51,6.09,3.28,4.87,9.19,Night,Saturday,14.45,61.79,54.82,6.17,2,DC Fast Charger,Commuter
User_177,Chevy Bolt,50,Station_203,New York,01/08/2024 8:00,01/08/2024 10:25,33.1,2.18,16.69,36.52,Morning,Wednesday,79.5,53.57,174.43,-7.87,7.69,Level 1,Commuter
User_178,Tesla Model 3,95.7,Station_341,New York,01/08/2024 9:00,01/08/2024 11:14,78.83,2.92,8.42,23.3,Afternoon,Wednesday,12.48,78.61,118.7,4.76,0,DC Fast Charger,Casual Driver
User_179,Hyundai Kona,100,Station_149,New York,01/08/2024 10:00,01/08/2024 11:57,63.24,0.84,5.26,39.7,Afternoon,Wednesday,31.11,50.16,132.96,30.79,2,Level 1,Casual Driver
User_180,Tesla Model 3,50,Station_402,San Francisco,01/08/2024 11:00,01/08/2024 11:31,50.16,3.98,29.09,8.85,Night,Thursday,62.13,95.4,42.38,18.46,7,DC Fast Charger,Casual Driver
User_181,Tesla Model 3,50,Station_183,Houston,01/08/2024 12:00,01/08/2024 14:13,21.82,0.86,97.34,13.1,Afternoon,Sunday,78.27,76.9,240.8,10.34,5,Level 1,Long-Distance Traveler
User_182,Chevy Bolt,50,Station_413,Los Angeles,01/08/2024 13:00,01/08/2024 14:53,61,3.03,5.72,20.42,Morning,Tuesday,44.95,66.2,232.32,27.54,6,Level 2,Casual Driver
User_183,Tesla Model 3,62,Station_152,Houston,01/08/2024 14:00,01/08/2024 15:12,47.31,0.97,10.16,25.92,Afternoon,Sunday,40.49,98.82,260.66,23.73,5,Level 1,Casual Driver
User_184,Nissan Leaf,62,Station_74,San Francisco,01/08/2024 15:00,01/08/2024 18:03,33.78,1.35,48.77,22.9,Afternoon,Wednesday,86.1,60.26,59.09,58.11,5,DC Fast Charger,Long-Distance Traveler
User_185,Nissan Leaf,62,Station_365,New York,01/08/2024 16:00,01/08/2024 17:40,47.84,1.61,36.25,11.35,Morning,Wednesday,61.58,55.66,258.7,31.42,6,DC Fast Charger,Commuter
User_186,BMW i3,50,Station_401,San Francisco,01/08/2024 17:00,01/08/2024 20:15,10.64,3.08,19.17,6.5,Morning,Monday,66.58,69.16,81.31,20.62,6,Level 2,Long-Distance Traveler
User_187,Hyundai Kona,102.84,Station_274,Chicago,01/08/2024 18:00,01/08/2024 20:03,72.24,3.5,14.44,24.33,Afternoon,Sunday,83.21,83.21,131.29,3.86,2,Level 2,Casual Driver
User_188,Tesla Model 3,85,Station_42,Chicago,01/08/2024 19:00,01/08/2024 20:11,36.16,3.1,46.33,37.21,Evening,Monday,12.67,86.88,87.12,28.73,2,Level 2,Casual Driver
User_189,Tesla Model 3,50,Station_496,Houston,01/08/2024 20:00,01/08/2024 22:42,63.63,2.04,9.99,35.03,Afternoon,Sunday,41.01,71.25,,5.1,1,Level 1,Commuter
User_190,Chevy Bolt,50,Station_212,Houston,01/08/2024 21:00,01/08/2024 23:48,8.35,2.31,47.48,19.75,Morning,Sunday,43.32,62.97,311.63,3.05,5,Level 1,Long-Distance Traveler
User_191,Nissan Leaf,100,Station_101,Los Angeles,01/08/2024 22:00,01/08/2024 23:34,65.83,3.71,7.25,7.45,Morning,Monday,82.15,58.36,65.29,-7.43,0,Level 1,Casual Driver
User_192,Hyundai Kona,100,Station_45,Los Angeles,01/08/2024 23:00,01/09/2024 0:03,55.19,1.41,,23.68,Morning,Wednesday,152.49,68.13,249.05,30.7,0,Level 1,Commuter
User_193,BMW i3,85,Station_82,Chicago,01/09/2024 0:00,01/09/2024 2:29,55.98,1.11,13.8,31.53,Evening,Monday,2.33,71.04,67.87,11.44,5,Level 1,Casual Driver
User_194,Nissan Leaf,62,Station_17,New York,01/09/2024 1:00,01/09/2024 1:30,38.51,0.98,15.81,38.19,Morning,Wednesday,37.91,57.54,252.97,21.38,3,DC Fast Charger,Commuter
User_195,BMW i3,85,Station_73,San Francisco,01/09/2024 2:00,01/09/2024 4:39,13.11,0.57,14.55,28.93,Night,Sunday,12.04,91.07,201.56,1.86,7,DC Fast Charger,Casual Driver
User_196,Chevy Bolt,75,Station_14,Los Angeles,01/09/2024 3:00,01/09/2024 5:57,7.82,3.46,5.1,32.27,Night,Thursday,70.55,50.1,50.31,29.88,6,DC Fast Charger,Casual Driver
User_197,Chevy Bolt,50,Station_433,Los Angeles,01/09/2024 4:00,01/09/2024 5:30,52.51,2.76,17.13,43.16,Evening,Thursday,30.48,90.93,152.26,-7.43,0,Level 1,Commuter
User_198,Tesla Model 3,85,Station_157,New York,01/09/2024 5:00,01/09/2024 7:58,12.13,0.98,32.1,31.07,Morning,Friday,47.72,62.36,212.55,-1.21,3,Level 2,Commuter
User_199,Hyundai Kona,75,Station_223,New York,01/09/2024 6:00,01/09/2024 7:57,28.99,3.28,,8.69,Morning,Tuesday,39.67,60.73,195.96,7.19,3,DC Fast Charger,Casual Driver
User_200,BMW i3,62,Station_132,Houston,01/09/2024 7:00,01/09/2024 8:37,13.49,2.67,29.87,27.32,Night,Monday,82.89,52.65,,-5.68,1,DC Fast Charger,Commuter
User_201,Nissan Leaf,62,Station_338,San Francisco,01/09/2024 8:00,01/09/2024 10:36,80.73,2.88,36.78,12.95,Night,Saturday,70.52,92.97,211.63,4.74,4,Level 1,Casual Driver
User_202,Chevy Bolt,85,Station_404,New York,01/09/2024 9:00,01/09/2024 11:49,53.59,3.45,6.93,7.44,Afternoon,Monday,58.07,92.27,101.95,7.38,6.46,Level 1,Casual Driver
User_203,Tesla Model 3,62,Station_376,Los Angeles,01/09/2024 10:00,01/09/2024 10:51,72.83,0.6,47.53,36.36,Evening,Tuesday,81.72,65.99,186.72,-8.82,2,Level 1,Long-Distance Traveler
User_204,Tesla Model 3,85,Station_376,Los Angeles,01/09/2024 11:00,01/09/2024 13:57,64.23,2.82,29.93,5.94,Afternoon,Sunday,69.29,64.34,268.93,3.95,0,DC Fast Charger,Casual Driver
User_205,BMW i3,100,Station_47,Chicago,01/09/2024 12:00,01/09/2024 13:51,17.85,2.51,48.38,38.5,Evening,Tuesday,43.82,58.45,268.97,19.26,2.01,Level 2,Casual Driver
User_206,Chevy Bolt,62,Station_107,New York,01/09/2024 13:00,01/09/2024 15:38,63.85,3.89,37.23,8.32,Morning,Sunday,17.58,74.05,128.35,28.17,3.28,Level 1,Commuter
User_207,Hyundai Kona,85,Station_108,Houston,01/09/2024 14:00,01/09/2024 14:59,70.99,0.78,12.56,13.17,Morning,Friday,72.9,68.05,189.38,4.76,7,Level 1,Long-Distance Traveler
User_208,Chevy Bolt,85,Station_265,San Francisco,01/09/2024 15:00,01/09/2024 17:35,62.25,3.43,18.59,15.58,Evening,Tuesday,78.6,99.52,102.92,20.81,6,Level 2,Commuter
User_209,BMW i3,89.03,Station_205,Houston,01/09/2024 16:00,01/09/2024 18:06,78.64,0.61,34.82,31.45,Afternoon,Wednesday,74.35,50.72,,21.96,6,Level 2,Commuter
User_210,BMW i3,85,Station_79,Los Angeles,01/09/2024 17:00,01/09/2024 17:53,6.96,2.42,22.67,26.22,Night,Monday,16.34,78.76,86.56,29.56,1,Level 2,Casual Driver
User_211,Chevy Bolt,85,Station_155,Houston,01/09/2024 18:00,01/09/2024 18:43,75.19,3.62,53.17,14.74,Evening,Tuesday,17.16,64.31,150.05,24.92,5,Level 1,Casual Driver
User_212,BMW i3,50,Station_271,Los Angeles,01/09/2024 19:00,01/09/2024 20:05,1.75,0.8,8.43,22.72,Evening,Wednesday,27.12,78.97,65.89,25.94,2,Level 1,Casual Driver
User_213,Chevy Bolt,81.65,Station_476,Los Angeles,01/09/2024 20:00,01/09/2024 23:46,73.61,3.67,3.86,14.12,Evening,Tuesday,46.81,86.6,162.06,33.86,7,DC Fast Charger,Commuter
User_214,Nissan Leaf,62,Station_485,Los Angeles,01/09/2024 21:00,01/10/2024 0:52,6.38,0.9,33.84,27.8,Morning,Saturday,46.18,99.01,169.11,-2.96,2,DC Fast Charger,Commuter
User_215,Chevy Bolt,62,Station_247,Los Angeles,01/09/2024 22:00,01/09/2024 22:53,51.16,1.29,15,39.82,Evening,Wednesday,44.27,90.67,35.46,31.92,1.89,DC Fast Charger,Casual Driver
User_216,Chevy Bolt,75,Station_19,Los Angeles,01/09/2024 23:00,01/10/2024 2:37,28.23,1.22,23.44,36.34,Morning,Thursday,61.79,65.22,91.12,24.32,7,DC Fast Charger,Commuter
User_217,BMW i3,62,Station_346,Chicago,01/10/2024 0:00,01/10/2024 2:04,67.92,3.7,41.74,32.18,Night,Wednesday,63.58,89.94,157.02,14.33,5,DC Fast Charger,Long-Distance Traveler
User_218,BMW i3,75,Station_436,Houston,01/10/2024 1:00,01/10/2024 2:24,15.27,2.87,5.37,7.63,Night,Friday,86.95,85.14,113.67,6.86,6,DC Fast Charger,Long-Distance Traveler
User_219,Tesla Model 3,85,Station_26,Chicago,01/10/2024 2:00,01/10/2024 5:54,50.64,2.23,29.63,38.25,Afternoon,Sunday,31.57,70.65,195,6.43,3,Level 1,Long-Distance Traveler
User_220,Tesla Model 3,50,Station_217,Chicago,01/10/2024 3:00,01/10/2024 6:57,52.05,2.94,5.23,25,Morning,Wednesday,74.87,64.37,153.97,4.82,4,DC Fast Charger,Commuter
User_221,Nissan Leaf,75,Station_154,New York,01/10/2024 4:00,01/10/2024 4:53,57.9,0.61,15.38,28.14,Night,Tuesday,58.6,77.23,266.69,15.73,7,Level 1,Long-Distance Traveler
User_222,Tesla Model 3,75,Station_154,New York,01/10/2024 5:00,01/10/2024 8:54,30.9,0.67,40.56,14.44,Night,Thursday,24.83,61.28,13.01,33.51,4,Level 1,Casual Driver
User_223,Chevy Bolt,46.54,Station_174,New York,01/10/2024 6:00,01/10/2024 9:01,35.35,3.13,5.5,12.65,Afternoon,Thursday,41.21,98.92,219.15,-8.72,4,Level 2,Casual Driver
User_224,BMW i3,75,Station_92,San Francisco,01/10/2024 7:00,01/10/2024 10:31,11.93,2.75,49.42,25.99,Afternoon,Wednesday,29.33,88.43,192.18,-3.36,0,Level 1,Casual Driver
User_225,Tesla Model 3,62,Station_433,New York,01/10/2024 8:00,01/10/2024 8:55,55.46,0.58,20.99,16.65,Afternoon,Tuesday,78.79,55.02,90.4,15.92,3,Level 1,Long-Distance Traveler
User_226,Tesla Model 3,50,Station_338,Houston,01/10/2024 9:00,01/10/2024 12:43,44.16,3.98,23.75,5.55,Morning,Thursday,81.45,89.29,33.56,-5.33,7,Level 1,Long-Distance Traveler
User_227,Nissan Leaf,100,Station_480,Chicago,01/10/2024 10:00,01/10/2024 11:49,65.24,0.88,46.97,24.75,Evening,Saturday,27.08,55.75,95.66,20.43,4,Level 2,Commuter
User_228,Nissan Leaf,50,Station_181,Houston,01/10/2024 11:00,01/10/2024 14:15,20.46,3.65,18.6,7.67,Morning,Wednesday,18.13,56.11,62.93,25.43,7,Level 1,Casual Driver
User_229,Chevy Bolt,27.03,Station_131,New York,01/10/2024 12:00,01/10/2024 13:34,49.19,1.91,32.36,9.12,Afternoon,Wednesday,64.42,99.6,120.4,2.8,5,Level 2,Commuter
User_230,BMW i3,85,Station_450,San Francisco,01/10/2024 13:00,01/10/2024 14:44,32.64,0.56,29.2,5.78,Evening,Sunday,51.56,73.55,183.59,29.94,0,DC Fast Charger,Long-Distance Traveler
User_231,Nissan Leaf,85,Station_481,San Francisco,01/10/2024 14:00,01/10/2024 17:28,66.62,1.23,45.51,22.34,Night,Wednesday,62.39,79.43,286.07,-0.98,0,Level 1,Commuter
User_232,Tesla Model 3,62,Station_298,Chicago,01/10/2024 15:00,01/10/2024 18:12,33.37,0.61,10.2,35.96,Morning,Thursday,26.85,99.64,244.05,26.87,0,DC Fast Charger,Casual Driver
User_233,BMW i3,120.51,Station_275,Houston,01/10/2024 16:00,01/10/2024 17:12,68.83,2.47,16.94,33.86,Afternoon,Monday,70.75,55.33,139.03,-1.97,0,Level 1,Commuter
User_234,BMW i3,75,Station_273,Los Angeles,01/10/2024 17:00,01/10/2024 17:58,65.89,0.74,36.49,9.14,Afternoon,Tuesday,18.87,65.02,77.27,11.73,5,Level 2,Commuter
User_235,Tesla Model 3,62,Station_492,Houston,01/10/2024 18:00,01/10/2024 21:14,,2.17,41.53,9.08,Evening,Friday,18.86,98.32,139.22,1.57,3,DC Fast Charger,Long-Distance Traveler
User_236,Nissan Leaf,75,Station_417,New York,01/10/2024 19:00,01/10/2024 20:50,12.67,2.82,18.72,32.18,Morning,Friday,35.92,67.08,296.13,29.4,3,Level 1,Long-Distance Traveler
User_237,Tesla Model 3,50,Station_76,Los Angeles,01/10/2024 20:00,01/10/2024 23:35,25.35,0.61,16.88,19.33,Night,Tuesday,72.4,67.43,73.38,2.98,0,Level 1,Long-Distance Traveler
User_238,BMW i3,100,Station_177,San Francisco,01/10/2024 21:00,01/10/2024 22:23,37.93,1.71,,36.21,Night,Monday,35.55,87.94,69.64,-1.33,2,Level 2,Long-Distance Traveler
User_239,Hyundai Kona,75,Station_184,Chicago,01/10/2024 22:00,01/10/2024 23:08,,0.69,30,23.49,Evening,Sunday,32.64,60.22,111.19,-8.61,6,Level 1,Casual Driver
User_240,Hyundai Kona,50,Station_319,Chicago,01/10/2024 23:00,01/11/2024 0:11,31.88,1.38,23.47,38.29,Evening,Sunday,68.82,92.84,249.76,38.19,6,DC Fast Charger,Casual Driver
User_241,Chevy Bolt,50,Station_131,San Francisco,01/11/2024 0:00,01/11/2024 3:05,29.58,3.2,37.18,16.67,Night,Sunday,24.74,80.6,248.92,5.8,5,Level 2,Commuter
User_242,Tesla Model 3,100,Station_363,New York,01/11/2024 1:00,01/11/2024 1:58,37.51,3.52,6.34,23.23,Evening,Sunday,31.2,76.03,203.73,30.13,1,DC Fast Charger,Casual Driver
User_243,Tesla Model 3,62,Station_49,San Francisco,01/11/2024 2:00,01/11/2024 5:20,7.85,2.56,,25.95,Evening,Tuesday,89.85,85.15,26.36,39.57,3,DC Fast Charger,Commuter
User_244,Chevy Bolt,100,Station_55,New York,01/11/2024 3:00,01/11/2024 5:40,66.52,0.21,15.1,34.74,Morning,Wednesday,19.51,63.49,123.57,-6.76,3.97,Level 1,Long-Distance Traveler
User_245,Chevy Bolt,100,Station_154,Los Angeles,01/11/2024 4:00,01/11/2024 6:47,,2.01,74.61,7.89,Evening,Saturday,82.22,77.02,206.71,27.41,2,Level 1,Commuter
User_246,Chevy Bolt,62,Station_355,San Francisco,01/11/2024 5:00,01/11/2024 8:36,29.84,3.47,14.04,9.06,Afternoon,Tuesday,17.26,53.66,195.47,19.18,7,Level 2,Commuter
User_247,BMW i3,100,Station_200,New York,01/11/2024 6:00,01/11/2024 8:51,59.78,3.84,28.46,13.52,Afternoon,Tuesday,72.52,69.19,134.38,18.13,6,Level 2,Casual Driver
User_248,Tesla Model 3,94.82,Station_308,Los Angeles,01/11/2024 7:00,01/11/2024 10:53,76.36,2.97,10.89,68.93,Afternoon,Saturday,80.68,64.03,213.49,36.47,5,Level 2,Commuter
User_249,BMW i3,100,Station_356,San Francisco,01/11/2024 8:00,01/11/2024 11:24,60.41,1.71,48.79,17.9,Evening,Thursday,77.01,82.53,99.54,12.87,2,DC Fast Charger,Casual Driver
User_250,Chevy Bolt,85,Station_373,Chicago,01/11/2024 9:00,01/11/2024 10:11,44.79,3.43,35.39,36.91,Night,Friday,20.08,76.26,283.9,10.65,6,DC Fast Charger,Commuter
User_251,Tesla Model 3,75,Station_118,San Francisco,01/11/2024 10:00,01/11/2024 12:03,22.23,3.38,,27.52,Afternoon,Friday,30.81,57.71,227.54,0.51,1,DC Fast Charger,Casual Driver
User_252,BMW i3,100,Station_263,Houston,01/11/2024 11:00,01/11/2024 14:09,22.28,2.31,18.21,24.41,Morning,Wednesday,83.64,59.26,114.54,21.75,3,DC Fast Charger,Long-Distance Traveler
User_253,BMW i3,85,Station_46,San Francisco,01/11/2024 12:00,01/11/2024 13:01,29.01,2.53,43.01,12.29,Evening,Saturday,70.25,92.5,199.64,1.08,3,Level 1,Casual Driver
User_254,Chevy Bolt,75,Station_302,Houston,01/11/2024 13:00,01/11/2024 16:19,61.12,2.71,28.4,20.04,Night,Sunday,28.72,52.96,172.67,-3.13,1,Level 2,Long-Distance Traveler
User_255,Tesla Model 3,62,Station_356,Los Angeles,01/11/2024 14:00,01/11/2024 17:09,65.55,3.58,12.16,24.21,Night,Sunday,47.91,97.31,153.22,28.69,3,Level 1,Casual Driver
User_256,Chevy Bolt,50,Station_400,San Francisco,01/11/2024 15:00,01/11/2024 15:55,76.58,0.62,10.57,36.69,Evening,Wednesday,47.06,71.89,33.63,16.47,0,Level 1,Long-Distance Traveler
User_257,Tesla Model 3,50,Station_408,Los Angeles,01/11/2024 16:00,01/11/2024 18:24,37.09,0.85,23.62,19.54,Evening,Thursday,53.71,53.3,180.15,14.73,7,DC Fast Charger,Long-Distance Traveler
User_258,Hyundai Kona,100,Station_189,Los Angeles,01/11/2024 17:00,01/11/2024 19:38,56.36,3.21,,35.07,Morning,Wednesday,25.44,68.93,233.91,5.86,0,Level 2,Casual Driver
User_259,Nissan Leaf,85,Station_310,New York,01/11/2024 18:00,01/11/2024 19:25,6.35,1.05,4.11,10.03,Evening,Saturday,47.2,85.13,40.66,-0.23,5,DC Fast Charger,Long-Distance Traveler
User_260,Nissan Leaf,62,Station_318,Los Angeles,01/11/2024 19:00,01/11/2024 21:31,60.52,3.08,14.16,22.67,Evening,Saturday,25.51,64.21,219.12,-8.82,4,DC Fast Charger,Commuter
User_261,Nissan Leaf,50,Station_129,Los Angeles,01/11/2024 20:00,01/11/2024 22:15,49.62,3.73,28.55,12.88,Night,Monday,43.91,98.39,260.69,11.26,6,Level 2,Commuter
User_262,Chevy Bolt,100,Station_49,San Francisco,01/11/2024 21:00,01/11/2024 23:39,54.13,1.25,13.62,31.94,Afternoon,Thursday,69.63,88.99,175.21,-9.82,7,Level 2,Long-Distance Traveler
User_263,Hyundai Kona,45.38,Station_25,San Francisco,01/11/2024 22:00,01/11/2024 23:50,13.09,3.24,36.48,36.61,Afternoon,Saturday,16.78,91.51,233.57,-1.4,3,Level 1,Long-Distance Traveler
User_264,Tesla Model 3,75,Station_266,Chicago,01/11/2024 23:00,01/12/2024 2:07,7.42,1.91,15.1,36.54,Night,Saturday,61.36,59.94,,22.18,5,DC Fast Charger,Long-Distance Traveler
User_265,BMW i3,143.48,Station_118,New York,01/12/2024 0:00,01/12/2024 2:29,47.09,3.31,5.13,31.22,Evening,Thursday,85.19,76.4,35.08,13.41,7,DC Fast Charger,Casual Driver
User_266,Tesla Model 3,100,Station_464,Los Angeles,01/12/2024 1:00,01/12/2024 4:48,,0.5,,23.6,Morning,Sunday,48.54,78.14,269.5,-5.89,6,DC Fast Charger,Commuter
User_267,BMW i3,85,Station_144,New York,01/12/2024 2:00,01/12/2024 3:21,56.82,0.87,21.27,15.83,Afternoon,Tuesday,17.45,53.85,263.74,39.8,2,Level 2,Long-Distance Traveler
User_268,Tesla Model 3,75,Station_442,Houston,01/12/2024 3:00,01/12/2024 5:00,36.53,2.65,5.09,32.24,Evening,Sunday,80.02,75.53,97.73,11.3,7,DC Fast Charger,Long-Distance Traveler
User_269,Hyundai Kona,100,Station_200,Los Angeles,01/12/2024 4:00,01/12/2024 6:46,58.15,1.99,34.97,25.39,Afternoon,Tuesday,17.46,82.13,236.83,35.59,7,DC Fast Charger,Casual Driver
User_270,BMW i3,10.19,Station_157,New York,01/12/2024 5:00,01/12/2024 5:51,63.59,3.33,28.6,5.09,Night,Monday,18.28,63.03,149.96,2.79,4,DC Fast Charger,Commuter
User_271,Chevy Bolt,85,Station_487,Chicago,01/12/2024 6:00,01/12/2024 7:03,55.42,2.31,30.64,36.43,Afternoon,Sunday,88.07,64.81,176.93,-8.43,5,DC Fast Charger,Long-Distance Traveler
User_272,Tesla Model 3,50,Station_348,Chicago,01/12/2024 7:00,01/12/2024 9:19,12.92,3.38,9.14,11.5,Night,Saturday,48.08,71.16,188.6,-2.41,4,Level 1,Commuter
User_273,Tesla Model 3,75,Station_134,Los Angeles,01/12/2024 8:00,01/12/2024 9:18,70.24,3.37,31.88,18.53,Night,Thursday,72.55,91.9,34.52,7.14,4,Level 2,Casual Driver
User_274,BMW i3,50,Station_400,Houston,01/12/2024 9:00,01/12/2024 11:38,47.9,1.16,22.06,35.04,Night,Thursday,48.98,75.49,32.24,-3,5,Level 1,Commuter
User_275,Chevy Bolt,62,Station_148,Chicago,01/12/2024 10:00,01/12/2024 11:42,59.15,3.88,14.88,32.07,Morning,Tuesday,40,57.35,,-1.86,3,Level 2,Long-Distance Traveler
User_276,Chevy Bolt,75,Station_336,Chicago,01/12/2024 11:00,01/12/2024 12:53,6.46,3.47,5.34,37.46,Evening,Sunday,88.22,91.94,,38.41,4,DC Fast Charger,Long-Distance Traveler
User_277,Hyundai Kona,100,Station_71,Houston,01/12/2024 12:00,01/12/2024 13:22,79,3.89,26.98,11.29,Night,Friday,22.53,93.3,39.75,7.68,3,Level 2,Commuter
User_278,Chevy Bolt,78.38,Station_233,New York,01/12/2024 13:00,01/12/2024 15:09,19.92,2.81,32.21,10.47,Night,Friday,43.91,80.06,205.64,10.38,7,Level 1,Casual Driver
User_279,Chevy Bolt,62,Station_334,Chicago,01/12/2024 14:00,01/12/2024 16:33,73.23,3.52,23.62,16.97,Afternoon,Saturday,14.08,60.69,,35.83,5,DC Fast Charger,Casual Driver
User_280,Chevy Bolt,75,Station_299,San Francisco,01/12/2024 15:00,01/12/2024 18:17,15.06,3.22,14.77,15.67,Evening,Tuesday,49.87,82.18,68.52,28.06,1,Level 1,Casual Driver
User_281,Nissan Leaf,62,Station_154,Chicago,01/12/2024 16:00,01/12/2024 17:14,12.13,2.67,40.2,34.87,Morning,Saturday,32.07,77.49,92.12,25.2,7,Level 1,Casual Driver
User_282,Hyundai Kona,100,Station_90,New York,01/12/2024 17:00,01/12/2024 20:45,30.53,2.3,19.02,35.16,Morning,Wednesday,52.91,67.22,132.6,2.33,6,Level 1,Long-Distance Traveler
User_283,Tesla Model 3,50,Station_334,New York,01/12/2024 18:00,01/12/2024 20:46,20.35,2.42,11.16,26.17,Afternoon,Thursday,109.27,82.33,116.18,2.77,1,Level 2,Commuter
User_284,BMW i3,50,Station_199,Los Angeles,01/12/2024 19:00,01/12/2024 21:14,6.48,2.13,,37.21,Morning,Sunday,52.62,83.35,77.8,26.62,0,Level 1,Long-Distance Traveler
User_285,Tesla Model 3,100,Station_161,San Francisco,01/12/2024 20:00,01/12/2024 22:59,14.02,1.83,6.29,25.54,Afternoon,Sunday,59,90.81,22.54,33.28,7.52,Level 2,Commuter
User_286,Hyundai Kona,85,Station_26,New York,01/12/2024 21:00,01/12/2024 23:55,61.83,1.4,49.16,8.02,Evening,Saturday,36.85,92.68,81,-2.34,0,Level 1,Commuter
User_287,BMW i3,75,Station_121,Houston,01/12/2024 22:00,01/13/2024 1:53,51.62,1.3,43.16,28.15,Afternoon,Monday,22.79,58.66,185.95,7.94,7,Level 1,Casual Driver
User_288,Hyundai Kona,100,Station_301,San Francisco,01/12/2024 23:00,01/13/2024 1:15,13.32,0.89,21.63,9.97,Afternoon,Sunday,81.56,177.71,87.3,38.77,7,Level 2,Casual Driver
User_289,Chevy Bolt,85,Station_212,San Francisco,01/13/2024 0:00,01/13/2024 1:12,37.64,2.67,19.6,27.9,Night,Friday,34.93,79.46,,-9.68,0,Level 2,Commuter
User_290,BMW i3,75,Station_63,Houston,01/13/2024 1:00,01/13/2024 4:16,70.62,0.64,18.34,14.74,Morning,Saturday,25.72,99.59,188.46,-4.84,2,Level 1,Commuter
User_291,Chevy Bolt,75,Station_451,Chicago,01/13/2024 2:00,01/13/2024 5:50,74.49,2.86,32.95,31.65,Evening,Wednesday,55.66,52.57,160.68,26.31,5,Level 1,Commuter
User_292,Tesla Model 3,75,Station_436,Houston,01/13/2024 3:00,01/13/2024 5:43,32.52,2.29,31.55,10.04,Evening,Thursday,23.43,83.74,294.06,25.93,2,DC Fast Charger,Long-Distance Traveler
User_293,Tesla Model 3,100,Station_68,Houston,01/13/2024 4:00,01/13/2024 5:17,78.4,0.53,29.75,34.3,Night,Sunday,49.66,83.25,119.79,-9.3,1,Level 1,Commuter
User_294,BMW i3,50,Station_253,Chicago,01/13/2024 5:00,01/13/2024 7:35,65.32,1.29,41.88,17.84,Afternoon,Wednesday,54.3,87.55,32.15,-9.4,3,Level 1,Long-Distance Traveler
User_295,BMW i3,62,Station_410,Chicago,01/13/2024 6:00,01/13/2024 6:36,30.64,1.63,46.85,36.96,Evening,Saturday,62.18,53.74,151.51,21.08,3,DC Fast Charger,Commuter
User_296,Hyundai Kona,85,Station_459,Chicago,01/13/2024 7:00,01/13/2024 10:57,78.16,1.55,7.35,15.06,Evening,Thursday,78.18,80.78,114.77,20.83,4,Level 1,Casual Driver
User_297,Hyundai Kona,75,Station_2,Chicago,01/13/2024 8:00,01/13/2024 11:46,5.34,1.35,29.15,39.59,Afternoon,Thursday,16.36,88.04,67.72,29.25,0.29,Level 1,Commuter
User_298,Chevy Bolt,75,Station_398,Chicago,01/13/2024 9:00,01/13/2024 9:45,29.32,2.06,36.76,26.74,Afternoon,Tuesday,54.75,80.77,200.52,6.33,0,Level 2,Commuter
User_299,BMW i3,75,Station_108,Houston,01/13/2024 10:00,01/13/2024 12:38,23.99,3.27,32.93,20.65,Evening,Tuesday,87.85,75.36,205.17,5.92,5,Level 2,Long-Distance Traveler
User_300,Tesla Model 3,100,Station_286,Los Angeles,01/13/2024 11:00,01/13/2024 13:24,5.7,1.09,40.48,16.58,Afternoon,Monday,54.54,81.03,221.58,32.63,3,Level 2,Commuter
User_301,Hyundai Kona,65.05,Station_49,Los Angeles,01/13/2024 12:00,01/13/2024 13:06,54.53,0.64,41.49,9.77,Morning,Monday,73.36,73.14,250.37,31.25,0,Level 1,Long-Distance Traveler
User_302,Hyundai Kona,50,Station_140,New York,01/13/2024 13:00,01/13/2024 16:14,56.32,3.35,14.25,31.34,Evening,Sunday,63.93,87.7,174.14,-6.26,7,Level 2,Long-Distance Traveler
User_303,Tesla Model 3,75,Station_218,Los Angeles,01/13/2024 14:00,01/13/2024 16:34,,2.76,15.29,26.58,Afternoon,Wednesday,75.32,89.87,197.67,21.14,6,Level 1,Casual Driver
User_304,Hyundai Kona,75,Station_44,Los Angeles,01/13/2024 15:00,01/13/2024 16:50,65.23,2.76,18.07,29.44,Evening,Tuesday,45.51,83.41,206.99,4.07,0,DC Fast Charger,Casual Driver
User_305,Chevy Bolt,100,Station_417,Houston,01/13/2024 16:00,01/13/2024 19:41,23.54,2.59,3.51,23.22,Evening,Thursday,17.17,39.32,192.86,14.54,4,Level 2,Casual Driver
User_306,BMW i3,75,Station_269,Chicago,01/13/2024 17:00,01/13/2024 18:31,18.55,1.83,13.86,16.48,Night,Tuesday,37.87,66.17,46.22,26.69,7,DC Fast Charger,Casual Driver
User_307,Tesla Model 3,33.38,Station_78,Chicago,01/13/2024 18:00,01/13/2024 19:41,20.76,2.69,23.99,30.69,Morning,Thursday,27.4,55.23,155.22,8.32,2,Level 1,Long-Distance Traveler
User_308,BMW i3,85,Station_216,Houston,01/13/2024 19:00,01/13/2024 22:38,46.45,3.94,42.84,5.06,Morning,Tuesday,12.79,70.72,3.82,26.51,1.76,Level 1,Commuter
User_309,Hyundai Kona,85,Station_382,Los Angeles,01/13/2024 20:00,01/13/2024 22:34,49.75,2.01,33.7,18.59,Night,Thursday,62.64,87.47,177.27,31.46,0,DC Fast Charger,Long-Distance Traveler
User_310,Hyundai Kona,100,Station_98,Houston,03/13/2024 21:00,03/14/2024 0:10,66.17,1.59,4.1,37.06,Night,Wednesday,57.52,59.22,19.84,12.63,2,DC Fast Charger,Casual Driver
User_311,Tesla Model 3,85,Station_236,New York,03/13/2024 22:00,03/13/2024 23:35,,2.14,12.43,30.35,Evening,Tuesday,11.31,61.9,50.07,22.77,1,DC Fast Charger,Commuter
User_312,Chevy Bolt,59.79,Station_282,Chicago,03/13/2024 23:00,03/13/2024 23:59,49.84,1.65,20.87,12.25,Morning,Friday,41.38,62.03,40.84,-4.84,5.69,DC Fast Charger,Long-Distance Traveler
User_313,Nissan Leaf,75,Station_149,San Francisco,03/14/2024 0:00,03/14/2024 0:49,50.66,0.56,41.88,34.02,Night,Friday,79.26,76.34,206.67,14.06,2,Level 2,Commuter
User_314,Tesla Model 3,62,Station_412,New York,03/14/2024 1:00,03/14/2024 4:37,6.89,3.5,29.45,13.15,Afternoon,Thursday,63,70.59,270.38,4.06,7,DC Fast Charger,Long-Distance Traveler
User_315,Nissan Leaf,75,Station_304,New York,03/14/2024 2:00,03/14/2024 3:51,64.76,0.54,31.45,9,Evening,Wednesday,68.68,63.14,213.73,-5.43,1,Level 2,Commuter
User_316,Nissan Leaf,50,Station_484,Houston,03/14/2024 3:00,03/14/2024 5:16,55.42,3.67,39.08,11.68,Morning,Thursday,74.61,62.06,204.67,-9.37,1,DC Fast Charger,Commuter
User_317,Chevy Bolt,85,Station_424,Los Angeles,03/14/2024 4:00,03/14/2024 7:51,37.77,4.62,4.03,32.36,Evening,Wednesday,52.13,93.21,96.84,1.73,7,DC Fast Charger,Casual Driver
User_318,Nissan Leaf,75,Station_66,Chicago,03/14/2024 5:00,03/14/2024 8:01,44.07,0.74,18.14,37.81,Evening,Monday,43.36,72.86,261.51,21.12,6,Level 2,Casual Driver
User_319,Nissan Leaf,50,Station_234,San Francisco,03/14/2024 6:00,03/14/2024 8:41,76.71,2.72,37.73,9.42,Afternoon,Tuesday,57.42,53.72,189.9,20.61,2,Level 1,Commuter
User_320,Chevy Bolt,75,Station_457,New York,03/14/2024 7:00,03/14/2024 8:06,6.52,0.95,34.45,9.84,Afternoon,Wednesday,80.47,52.87,86.12,1.22,7,Level 1,Commuter
User_321,Nissan Leaf,85,Station_87,San Francisco,03/14/2024 8:00,03/14/2024 10:41,23.02,2.91,23.68,20.86,Night,Thursday,78.1,68.35,89.42,12.02,3,Level 1,Casual Driver
User_322,Nissan Leaf,100,Station_79,Los Angeles,03/14/2024 9:00,03/14/2024 10:46,62.32,2.92,22.42,7.16,Afternoon,Sunday,21.82,61.29,22.62,11.13,6,Level 1,Long-Distance Traveler
User_323,Nissan Leaf,62,Station_205,Los Angeles,03/14/2024 10:00,03/14/2024 11:58,64.52,1.72,39.25,38.18,Morning,Sunday,31.49,66.3,75.83,0.4,6,Level 2,Commuter
User_324,Tesla Model 3,100,Station_279,San Francisco,03/14/2024 11:00,03/14/2024 14:54,53,3.53,38.37,6.45,Night,Monday,10.95,69.3,27.93,14.18,6,Level 1,Long-Distance Traveler
User_325,Tesla Model 3,75,Station_337,Chicago,03/14/2024 12:00,03/14/2024 14:55,74.74,0.1,44.05,27.74,Morning,Sunday,27.62,61.33,56.33,9.99,3.18,Level 2,Casual Driver
User_326,Tesla Model 3,62,Station_254,Los Angeles,03/14/2024 13:00,03/14/2024 14:57,17.89,3.71,3.66,25.22,Morning,Thursday,32.15,113.21,,-4.31,5,Level 2,Commuter
User_327,Chevy Bolt,100,Station_304,San Francisco,03/14/2024 14:00,03/14/2024 17:43,18.85,2.41,47.45,7.32,Night,Friday,84.31,62.8,237.05,-2.88,1,Level 2,Long-Distance Traveler
User_328,Hyundai Kona,100,Station_380,New York,03/14/2024 15:00,03/14/2024 18:25,58.38,1.88,4.67,33.86,Afternoon,Friday,15.36,56.58,96.86,16.97,3,Level 2,Casual Driver
User_329,Nissan Leaf,62,Station_130,San Francisco,01/14/2024 16:00,01/14/2024 17:02,57.82,2.17,,31.92,Evening,Tuesday,66.55,77.72,222.67,34.04,1,Level 2,Commuter
User_330,Nissan Leaf,85,Station_84,San Francisco,01/14/2024 17:00,01/14/2024 18:27,13.32,1.38,24.74,12.39,Afternoon,Saturday,52.79,92.87,283.99,35.7,4,DC Fast Charger,Long-Distance Traveler
User_331,Chevy Bolt,85,Station_276,Houston,01/14/2024 18:00,01/14/2024 21:50,14.5,2.24,37.66,11.91,Morning,Tuesday,51.14,99.99,168.04,12.25,3,Level 2,Commuter
User_332,Nissan Leaf,85,Station_187,Los Angeles,01/14/2024 19:00,01/14/2024 19:57,26.34,1.97,19.95,17.65,Morning,Sunday,11.86,57.09,216.47,-2.06,3,Level 1,Long-Distance Traveler
User_333,Tesla Model 3,6.17,Station_46,Chicago,01/14/2024 20:00,01/14/2024 21:04,50.6,3.47,9.86,27.99,Night,Monday,29.94,73.76,211.63,33.23,2,Level 2,Long-Distance Traveler
User_334,Hyundai Kona,75,Station_387,Chicago,01/14/2024 21:00,01/14/2024 23:34,,1.08,11.05,17.59,Morning,Sunday,71.3,95.31,56.54,19.37,7,Level 1,Commuter
User_335,BMW i3,62,Station_183,Houston,01/14/2024 22:00,01/15/2024 0:47,103.81,3.53,16.59,17.67,Night,Friday,52.8,89.35,99.94,8.33,3.1,Level 2,Casual Driver
User_336,Nissan Leaf,62,Station_268,Chicago,01/14/2024 23:00,01/15/2024 0:34,70.4,0.55,20.75,20.16,Night,Wednesday,84.36,62.15,240.33,-7.88,7,Level 1,Commuter
User_337,Tesla Model 3,45.63,Station_296,San Francisco,01/15/2024 0:00,01/15/2024 1:11,77.17,1.41,17.57,11.76,Afternoon,Friday,19.95,95.1,,3.5,4,Level 2,Casual Driver
User_338,BMW i3,62,Station_322,Houston,01/15/2024 1:00,01/15/2024 2:54,62.19,0.56,20.45,19.48,Morning,Saturday,24.39,88.83,277.72,14.28,4,DC Fast Charger,Long-Distance Traveler
User_339,Hyundai Kona,62,Station_100,New York,01/15/2024 2:00,01/15/2024 4:46,71.91,2.89,10.55,21.33,Afternoon,Tuesday,86.49,70.9,140.1,-4.76,7,Level 1,Long-Distance Traveler
User_340,BMW i3,62,Station_78,Los Angeles,01/15/2024 3:00,01/15/2024 6:37,79.98,0.92,,27.86,Evening,Thursday,88.19,62.31,295.82,6.25,7.55,Level 1,Long-Distance Traveler
User_341,Tesla Model 3,100,Station_272,Los Angeles,04/15/2024 4:00,04/15/2024 6:20,5.78,1.84,33.75,24.99,Afternoon,Sunday,25.12,59.05,96.33,37.1,1,Level 2,Casual Driver
User_342,BMW i3,50,Station_339,Los Angeles,04/15/2024 5:00,04/15/2024 5:44,53.81,0.51,22.34,15.79,Morning,Monday,52.44,82.42,116.73,-0.03,2,Level 1,Long-Distance Traveler
User_343,Chevy Bolt,100,Station_162,San Francisco,04/15/2024 6:00,04/15/2024 9:34,38.66,2.37,26.72,16.32,Evening,Saturday,68.12,56.48,257.88,29.18,6,Level 2,Commuter
User_344,BMW i3,50,Station_44,New York,04/15/2024 7:00,04/15/2024 8:38,56.69,2.39,45,32.99,Morning,Friday,46.59,76.38,140.31,25.13,0,DC Fast Charger,Long-Distance Traveler
User_345,Nissan Leaf,85,Station_238,Houston,04/15/2024 8:00,04/15/2024 10:14,40.16,2.52,28.48,13.37,Evening,Wednesday,35.04,94.56,94,13.35,2,DC Fast Charger,Casual Driver
User_346,Nissan Leaf,62,Station_134,Houston,04/15/2024 9:00,04/15/2024 11:59,42.52,0.93,39.91,7.23,Morning,Saturday,88.95,63.74,191.08,10.33,4,Level 2,Casual Driver
User_347,Chevy Bolt,50,Station_461,Los Angeles,04/15/2024 10:00,04/15/2024 11:33,29.3,1.87,30.98,37.16,Afternoon,Wednesday,125.09,97.06,296.22,7.64,7,Level 2,Commuter
User_348,Tesla Model 3,50,Station_192,New York,04/15/2024 11:00,04/15/2024 12:10,67.23,0.5,37.24,21.01,Morning,Wednesday,38.02,94.37,57.59,12.27,6,DC Fast Charger,Commuter
User_349,Nissan Leaf,85,Station_356,New York,04/15/2024 12:00,04/15/2024 13:40,,2.92,17.93,28,Night,Monday,35.8,95.56,73.05,-4.13,5,Level 1,Casual Driver
User_350,Hyundai Kona,50,Station_278,New York,04/15/2024 13:00,04/15/2024 14:25,76.72,3.77,44.14,35.85,Night,Wednesday,10.9,69.96,247.41,27.96,0,Level 1,Casual Driver
User_351,Nissan Leaf,62,Station_18,Chicago,04/15/2024 14:00,04/15/2024 17:00,60.97,2.5,6.68,37.05,Afternoon,Wednesday,75.86,92.36,266.82,20.47,6,Level 1,Commuter
User_352,Nissan Leaf,62,Station_12,Chicago,04/15/2024 15:00,04/15/2024 15:54,48.32,2.31,19.59,49.14,Afternoon,Friday,27.01,55.86,161.4,3.5,2,DC Fast Charger,Commuter
User_353,Tesla Model 3,62,Station_180,Los Angeles,04/15/2024 16:00,04/15/2024 18:14,65.54,1.16,31.86,37.49,Evening,Monday,25.2,96.76,78.61,0.95,6,Level 2,Commuter
User_354,BMW i3,100,Station_123,New York,04/15/2024 17:00,04/15/2024 19:43,68.75,0.55,10.76,28.29,Afternoon,Thursday,81.28,66.08,284.85,13.79,3,DC Fast Charger,Commuter
User_355,Nissan Leaf,85,Station_246,New York,04/15/2024 18:00,04/15/2024 20:28,67.44,1.81,16.1,15,Night,Thursday,89.87,93.9,36.06,34.08,3,Level 1,Casual Driver
User_356,Chevy Bolt,75,Station_222,Houston,04/15/2024 19:00,04/15/2024 22:11,10.45,1.43,39.89,32.56,Afternoon,Wednesday,82.76,60.78,85.92,20.63,0,Level 2,Long-Distance Traveler
User_357,BMW i3,100,Station_373,Houston,04/15/2024 20:00,04/15/2024 23:40,30.81,1.04,18.98,18.35,Night,Saturday,60.73,61.21,155.71,29.11,5,Level 2,Casual Driver
User_358,Hyundai Kona,85,Station_51,Los Angeles,04/15/2024 21:00,04/15/2024 21:38,62.1,2.48,30.53,8.86,Afternoon,Tuesday,43.89,81.47,285.79,-8.56,1,Level 1,Commuter
User_359,Tesla Model 3,100,Station_488,New York,04/15/2024 22:00,04/15/2024 23:29,28.86,2.11,38.34,37.45,Night,Monday,27.68,92.57,107,13.19,2,Level 2,Casual Driver
User_360,Hyundai Kona,75,Station_71,Los Angeles,04/15/2024 23:00,04/16/2024 1:34,33.37,2.49,41.93,7.41,Evening,Sunday,58.61,71.22,279.52,15.42,8.02,Level 1,Commuter
User_361,BMW i3,77.61,Station_480,Houston,05/16/2024 0:00,05/16/2024 1:18,73.09,1.75,30.39,9.6,Morning,Tuesday,29.67,99.86,227.73,2.59,7,DC Fast Charger,Casual Driver
User_362,BMW i3,75,Station_48,Houston,05/16/2024 1:00,05/16/2024 2:20,26.99,3.55,46.58,36.5,Morning,Monday,23.69,56.11,237.51,25.11,1,Level 2,Commuter
User_363,BMW i3,85,Station_19,Chicago,05/16/2024 2:00,05/16/2024 5:37,6.94,3.29,13.29,16.89,Night,Monday,88.61,81.44,230.32,1.2,3,Level 1,Commuter
User_364,Hyundai Kona,50,Station_262,Los Angeles,05/16/2024 3:00,05/16/2024 4:39,42.29,2.01,37.81,7.81,Afternoon,Friday,81.1,92.83,242.45,36.83,10.55,Level 1,Casual Driver
User_365,BMW i3,100,Station_84,Los Angeles,05/16/2024 4:00,05/16/2024 5:06,30.04,1.64,13.37,35.95,Afternoon,Wednesday,14.36,80.39,217.92,34.95,6,DC Fast Charger,Commuter
User_366,Hyundai Kona,62,Station_155,New York,05/16/2024 5:00,05/16/2024 6:00,10.39,1.24,47.77,21.49,Morning,Friday,56.66,73.29,188.15,16.83,0,Level 2,Long-Distance Traveler
User_367,BMW i3,50,Station_53,New York,05/16/2024 6:00,05/16/2024 9:18,45.72,2.87,47.84,31.23,Night,Saturday,35.42,88.85,156.88,34.3,7,Level 2,Commuter
User_368,Chevy Bolt,50,Station_107,Chicago,05/16/2024 7:00,05/16/2024 8:31,24.6,2.01,11.82,29.23,Afternoon,Sunday,51.19,63.47,263.83,14.21,1,Level 2,Commuter
User_369,BMW i3,62,Station_357,San Francisco,05/16/2024 8:00,05/16/2024 10:02,23.15,3.28,25.4,11,Morning,Tuesday,76.82,50.97,61.05,15.61,4,Level 2,Commuter
User_370,Hyundai Kona,85,Station_304,San Francisco,05/16/2024 9:00,05/16/2024 12:35,52.72,0.56,6.42,34.4,Night,Tuesday,37.68,81.91,225.3,0.17,7,DC Fast Charger,Long-Distance Traveler
User_371,Nissan Leaf,100,Station_135,San Francisco,05/16/2024 10:00,05/16/2024 10:43,,2.27,46.49,36.94,Evening,Thursday,15.27,60.95,264.9,36.57,4,DC Fast Charger,Casual Driver
User_372,BMW i3,48.64,Station_443,Los Angeles,05/16/2024 11:00,05/16/2024 14:13,68.25,1.63,29.21,9.46,Afternoon,Saturday,85.9,91.28,50.41,37.53,0,Level 2,Long-Distance Traveler
User_373,Nissan Leaf,85,Station_69,Los Angeles,05/16/2024 12:00,05/16/2024 15:13,56.42,0.83,25.4,29.85,Afternoon,Sunday,32.61,65.16,12.81,17.6,4,Level 1,Long-Distance Traveler
User_374,Chevy Bolt,75,Station_11,Houston,05/16/2024 13:00,05/16/2024 14:48,52.9,1.55,15.57,18.54,Night,Saturday,89.84,97.5,36.74,32.57,3,Level 2,Long-Distance Traveler
User_375,Tesla Model 3,50,Station_143,Los Angeles,01/16/2024 14:00,01/16/2024 14:37,28.16,2.29,23.39,29.76,Morning,Friday,72.9,18.7,23.47,15.45,3,Level 2,Casual Driver
User_376,Chevy Bolt,100,Station_192,Los Angeles,01/16/2024 15:00,01/16/2024 18:03,1.36,1.57,16.27,23.87,Night,Friday,40.92,83.07,,-6.55,3,Level 1,Commuter
User_377,BMW i3,85,Station_387,Los Angeles,01/16/2024 16:00,01/16/2024 17:05,8.93,3.78,,0.23,Morning,Saturday,86.75,71.8,275.08,1.42,2,Level 2,Long-Distance Traveler
User_378,Nissan Leaf,75,Station_378,Chicago,01/16/2024 17:00,01/16/2024 18:17,55.78,1.38,46.33,30.47,Night,Friday,29.61,88.38,10.88,14.24,4,Level 1,Commuter
User_379,Nissan Leaf,85,Station_69,Los Angeles,01/16/2024 18:00,01/16/2024 19:54,16.67,1.81,32.99,28.16,Evening,Thursday,77.49,88.67,281.89,33.73,6,DC Fast Charger,Long-Distance Traveler
User_380,Hyundai Kona,100,Station_23,New York,01/16/2024 19:00,01/16/2024 19:57,13.28,1.76,59.15,13.61,Afternoon,Sunday,76.56,81.58,257.61,4.21,5,Level 1,Long-Distance Traveler
User_381,Nissan Leaf,50,Station_181,New York,01/16/2024 20:00,01/16/2024 23:45,7.67,0.75,25.46,17.36,Morning,Sunday,86.16,81.62,53.31,27.26,2.54,DC Fast Charger,Long-Distance Traveler
User_382,Hyundai Kona,75,Station_293,Houston,01/16/2024 21:00,01/17/2024 0:39,,3.62,23.22,17.86,Evening,Friday,70.6,89.35,71.32,33.11,4,Level 2,Long-Distance Traveler
User_383,Tesla Model 3,62,Station_9,Chicago,01/16/2024 22:00,01/17/2024 1:57,64.94,3.64,49.32,15.32,Night,Friday,49.3,73.24,41.76,12.25,4,Level 1,Long-Distance Traveler
User_384,BMW i3,100,Station_271,New York,06/16/2024 23:00,06/17/2024 2:53,70.06,3.4,42.95,15.24,Morning,Sunday,95.79,66.38,164.03,38.87,1,Level 1,Long-Distance Traveler
User_385,Hyundai Kona,85,Station_387,Chicago,06/17/2024 0:00,06/17/2024 3:57,,1.33,27.85,24.65,Morning,Saturday,10.01,58.15,284.58,22.17,7,Level 2,Casual Driver
User_386,Tesla Model 3,100,Station_93,Chicago,06/17/2024 1:00,06/17/2024 2:20,46.56,1.67,35.78,23.56,Evening,Sunday,77.28,95.75,197.53,1.65,1.5,DC Fast Charger,Commuter
User_387,Nissan Leaf,50,Station_454,Houston,06/17/2024 2:00,06/17/2024 4:13,54.88,1.89,6.99,6.56,Night,Saturday,64.28,82.38,127.07,30.59,2.82,Level 1,Commuter
User_388,Nissan Leaf,50,Station_17,Chicago,06/17/2024 3:00,06/17/2024 6:19,13.73,6.18,12.48,21.09,Evening,Friday,82.91,90.83,166.72,6.79,2,Level 1,Casual Driver
User_389,Tesla Model 3,75,Station_154,Los Angeles,06/17/2024 4:00,06/17/2024 6:10,74.22,2.83,3.57,29.17,Night,Friday,55.29,90.1,,3.21,4,Level 2,Long-Distance Traveler
User_390,Nissan Leaf,50,Station_405,Chicago,06/17/2024 5:00,06/17/2024 5:58,20.58,1.54,37.03,31.68,Evening,Saturday,22.54,84.67,205.51,6.74,2,DC Fast Charger,Casual Driver
User_391,Tesla Model 3,75,Station_328,Houston,06/17/2024 6:00,06/17/2024 8:36,36.05,1.65,49.85,7.46,Evening,Tuesday,46.33,52.15,57.66,6.88,4,Level 2,Casual Driver
User_392,Hyundai Kona,62,Station_149,Houston,06/17/2024 7:00,06/17/2024 8:51,31.74,1.96,11.13,11.74,Evening,Wednesday,58.97,81.67,87.27,-9.57,3,Level 1,Casual Driver
User_393,Hyundai Kona,85,Station_377,Houston,06/17/2024 8:00,06/17/2024 8:39,64.54,3.97,17.56,32.97,Evening,Tuesday,17.19,57.14,258.38,12.33,7,Level 2,Commuter
User_394,Tesla Model 3,85,Station_267,New York,06/17/2024 9:00,06/17/2024 11:15,41.57,2.53,27.88,37.11,Night,Friday,25.53,73.36,240.39,-2.13,0,Level 2,Casual Driver
User_395,Hyundai Kona,75,Station_422,Los Angeles,06/17/2024 10:00,06/17/2024 13:16,34.38,3.15,3.81,35.35,Afternoon,Monday,41.11,63.03,150.83,18,6,DC Fast Charger,Long-Distance Traveler
User_396,Hyundai Kona,60.79,Station_328,New York,06/17/2024 11:00,06/17/2024 14:59,12.12,2.85,8,37.31,Evening,Monday,30.07,90.21,256.23,20.99,2,DC Fast Charger,Casual Driver
User_397,Hyundai Kona,85,Station_106,San Francisco,06/17/2024 12:00,06/17/2024 12:30,48.27,3.65,43.14,10.33,Night,Thursday,60.6,71.95,,33.55,4,Level 2,Commuter
User_398,Chevy Bolt,50,Station_472,Los Angeles,01/17/2024 13:00,01/17/2024 14:08,26.4,0.96,47.76,10.57,Afternoon,Tuesday,29.48,87.34,247.34,22.88,7,Level 2,Commuter
User_399,BMW i3,62,Station_381,Chicago,01/17/2024 14:00,01/17/2024 14:50,54.63,2.23,27.77,37.76,Morning,Saturday,55.81,60.03,246.29,-4.37,2,Level 2,Long-Distance Traveler
User_400,Nissan Leaf,75,Station_35,Houston,01/17/2024 15:00,01/17/2024 16:34,69.45,1.07,49.42,15.31,Morning,Thursday,27.56,63.29,150.11,37.9,7,Level 1,Casual Driver
User_401,Chevy Bolt,85,Station_119,San Francisco,01/17/2024 16:00,01/17/2024 16:44,66.19,2.5,2.54,13.99,Evening,Thursday,88.32,103.06,69.74,21.85,1,DC Fast Charger,Long-Distance Traveler
User_402,Hyundai Kona,75,Station_14,Los Angeles,01/17/2024 17:00,01/17/2024 19:41,13.66,0.8,14.33,8.28,Morning,Monday,62.25,82.89,209.09,36.09,3,Level 1,Casual Driver
User_403,Tesla Model 3,71.65,Station_14,New York,01/17/2024 18:00,01/17/2024 21:37,31.81,3.67,32.84,32.94,Evening,Tuesday,78.61,55.81,188.7,14.48,3,DC Fast Charger,Long-Distance Traveler
User_404,Hyundai Kona,62,Station_266,Houston,01/17/2024 19:00,01/17/2024 20:30,79.46,2.9,25.41,18.27,Evening,Wednesday,28.46,49.1,48.23,32.54,3,DC Fast Charger,Long-Distance Traveler
User_405,BMW i3,50,Station_140,New York,07/17/2024 20:00,07/17/2024 22:57,26.62,1.32,22.74,29.94,Afternoon,Sunday,59.93,69.52,193,28.9,5,Level 1,Long-Distance Traveler
User_406,Hyundai Kona,62,Station_294,Los Angeles,08/17/2024 21:00,08/17/2024 23:47,,0.81,19.93,22.62,Morning,Saturday,45.15,83.96,284.75,28.97,4,Level 1,Commuter
User_407,Tesla Model 3,100,Station_364,Los Angeles,08/17/2024 21:00,08/17/2024 23:47,64.4,1.46,35.93,14.25,Evening,Tuesday,96.12,57.32,139.55,5.97,7,Level 2,Commuter
User_408,BMW i3,75,Station_119,San Francisco,08/17/2024 21:00,08/17/2024 23:47,41.59,3.31,39.75,35.66,Morning,Thursday,76.77,55.04,53.09,-3.18,5,DC Fast Charger,Casual Driver
User_409,Hyundai Kona,75,Station_238,Chicago,08/17/2024 21:00,08/17/2024 23:47,76.45,2.52,19.77,35.76,Afternoon,Friday,81.36,66.48,131.79,18.51,6,DC Fast Charger,Commuter
User_410,BMW i3,100,Station_34,New York,08/17/2024 21:00,08/17/2024 23:47,19.9,1.85,33.64,30.71,Morning,Thursday,14.37,93.02,10.03,22.19,7,DC Fast Charger,Long-Distance Traveler
User_411,Nissan Leaf,46.88,Station_169,San Francisco,08/17/2024 21:00,08/17/2024 23:47,25.1,3.78,24.43,30.55,Afternoon,Tuesday,19.64,65.47,289.54,-8.68,6,Level 2,Commuter
User_412,Nissan Leaf,50,Station_10,Houston,08/17/2024 21:00,08/17/2024 23:47,27.05,1.11,4.52,33.46,Afternoon,Monday,52.03,105.62,58.73,20.57,3,DC Fast Charger,Commuter
User_413,Hyundai Kona,50,Station_122,Chicago,08/17/2024 21:00,08/17/2024 23:47,30.18,2.97,40.18,7.26,Afternoon,Sunday,64.16,65.4,104.54,26.18,0,DC Fast Charger,Casual Driver
User_414,BMW i3,85,Station_401,San Francisco,08/17/2024 21:00,08/17/2024 23:47,15.34,3.39,43.5,30.95,Evening,Tuesday,41.89,95.38,172.29,36.04,0,Level 1,Long-Distance Traveler
User_415,Tesla Model 3,62,Station_145,New York,08/17/2024 21:00,08/17/2024 23:47,45.34,3.02,11.27,11.66,Night,Wednesday,78.22,74.81,277.64,37.97,0,Level 1,Commuter
User_416,Hyundai Kona,50,Station_451,Los Angeles,08/17/2024 21:00,08/17/2024 23:47,60.26,3.03,31.22,11.47,Evening,Saturday,51.19,66.23,175.97,6.87,7,Level 2,Commuter
User_417,Nissan Leaf,100,Station_446,Houston,01/18/2024 8:00,01/18/2024 11:31,5.65,0.64,11.67,25.63,Morning,Saturday,58.4,65.02,83.27,23.06,6,DC Fast Charger,Casual Driver
User_418,Nissan Leaf,85,Station_223,New York,01/18/2024 9:00,01/18/2024 10:53,32.49,0.78,47.26,7.59,Evening,Friday,84.13,76.17,143.61,17.16,0,Level 2,Casual Driver
User_419,Hyundai Kona,62,Station_371,Chicago,01/18/2024 10:00,01/18/2024 11:34,61.46,2.47,31.65,10.99,Evening,Friday,15.97,62.93,57.16,-9.47,0.46,Level 1,Long-Distance Traveler
User_420,BMW i3,85,Station_257,Chicago,10/18/2024 11:00,10/18/2024 12:46,41.58,1.08,35.42,7.27,Night,Thursday,45.89,90.42,149.93,21.28,0,DC Fast Charger,Casual Driver
User_421,Nissan Leaf,100,Station_268,Los Angeles,10/18/2024 11:00,10/18/2024 12:46,41.6,1.5,4.91,13.57,Morning,Tuesday,61.83,61.69,32.05,18.1,2,DC Fast Charger,Long-Distance Traveler
User_422,BMW i3,85,Station_359,Los Angeles,10/18/2024 11:00,10/18/2024 12:46,29.7,3.92,32.3,21.48,Afternoon,Saturday,42.99,50.44,180.45,8.2,4,Level 2,Long-Distance Traveler
User_423,Nissan Leaf,69.45,Station_4,Houston,10/18/2024 11:00,10/18/2024 12:46,72.72,0.68,32.25,28.12,Afternoon,Monday,28.9,57.74,151.62,4.49,2,DC Fast Charger,Commuter
User_424,Nissan Leaf,85,Station_426,Houston,01/18/2024 15:00,01/18/2024 15:44,61.93,0.8,25.27,27.12,Morning,Wednesday,73.66,93.03,,7.69,3,DC Fast Charger,Commuter
User_425,Chevy Bolt,50,Station_397,Los Angeles,01/18/2024 16:00,01/18/2024 16:57,12.67,2.32,36.16,30.67,Evening,Thursday,75.3,65.45,199.26,25.33,3,Level 1,Commuter
User_426,Nissan Leaf,100,Station_354,Los Angeles,01/18/2024 17:00,01/18/2024 17:52,78.96,3.8,41.31,26.94,Night,Tuesday,50.09,74.79,91.26,37.21,6,Level 2,Commuter
User_427,Tesla Model 3,100,Station_106,Chicago,01/18/2024 18:00,01/18/2024 20:18,64.98,3.73,38.5,24.82,Night,Monday,67.11,66.71,133.72,1.17,2,Level 1,Commuter
User_428,Hyundai Kona,85,Station_85,Los Angeles,01/18/2024 19:00,01/18/2024 21:16,37.29,1.9,29.15,10.42,Morning,Tuesday,29.09,78.13,46.65,6.23,2,Level 2,Long-Distance Traveler
User_429,Hyundai Kona,100,Station_214,San Francisco,11/18/2024 20:00,11/18/2024 22:54,72.09,2.02,7.42,7.96,Morning,Monday,32.51,89.84,255.12,-3.31,3,Level 1,Commuter
User_430,BMW i3,62,Station_121,New York,11/18/2024 20:00,11/18/2024 22:54,65.75,0.88,42.51,20.24,Evening,Sunday,18.32,81.15,80.83,18.96,1,Level 2,Commuter
User_431,Nissan Leaf,3.98,Station_132,Los Angeles,11/18/2024 20:00,11/18/2024 22:54,42.87,2.19,33.88,6.19,Night,Tuesday,87.89,67.78,65.34,-5.56,2,DC Fast Charger,Commuter
User_432,Tesla Model 3,62,Station_338,Houston,11/18/2024 20:00,11/18/2024 22:54,33.4,2.46,14.42,15.41,Morning,Tuesday,23.34,68.14,23.11,27.28,2,DC Fast Charger,Long-Distance Traveler
User_433,BMW i3,62,Station_197,San Francisco,11/18/2024 20:00,11/18/2024 22:54,46.51,2.81,10.48,15.91,Evening,Sunday,70.98,94.38,223.26,38.45,5,Level 2,Casual Driver
User_434,Chevy Bolt,50,Station_19,Houston,01/19/2024 1:00,01/19/2024 3:48,74.54,3.59,16.94,28.37,Evening,Saturday,51.81,76.08,31.44,10.75,2,Level 2,Casual Driver
User_435,BMW i3,100,Station_130,San Francisco,01/19/2024 2:00,01/19/2024 2:57,53.84,0.95,25.61,39.91,Morning,Thursday,65.22,88.66,207.67,4.72,5,Level 2,Commuter
User_436,BMW i3,1.53,Station_12,Los Angeles,01/19/2024 3:00,01/19/2024 4:11,42.47,1.38,,5.16,Night,Tuesday,31.21,95.21,51.92,32.47,4,Level 2,Casual Driver
User_437,Nissan Leaf,75,Station_81,New York,01/19/2024 4:00,01/19/2024 6:08,,2.66,30.72,23.56,Afternoon,Tuesday,44.91,51.97,249.81,39.07,6,DC Fast Charger,Long-Distance Traveler
User_438,Chevy Bolt,100,Station_330,Houston,01/19/2024 5:00,01/19/2024 6:30,76.5,3.01,37.45,31.95,Evening,Thursday,24.87,58.71,59.59,45.75,2,Level 2,Commuter
User_439,BMW i3,62,Station_354,San Francisco,01/19/2024 6:00,01/19/2024 8:32,5.61,2.46,18.56,54.89,Afternoon,Thursday,42.53,64.4,127.33,5.26,7,DC Fast Charger,Long-Distance Traveler
User_440,Tesla Model 3,50,Station_262,Chicago,01/19/2024 7:00,01/19/2024 8:33,26.47,1.38,15.86,18.34,Evening,Friday,25.36,14.99,79.43,14.94,5,DC Fast Charger,Long-Distance Traveler
User_441,Tesla Model 3,50,Station_392,Los Angeles,01/19/2024 8:00,01/19/2024 9:00,6.87,1.49,42.84,23.71,Night,Friday,60.64,55.02,122.64,38.71,5,Level 2,Commuter
User_442,Hyundai Kona,67.54,Station_125,New York,12/19/2024 9:00,12/19/2024 10:50,21.58,1.27,32.63,29.88,Afternoon,Saturday,14.54,87.11,124.12,-5.86,4.69,DC Fast Charger,Long-Distance Traveler
User_443,Chevy Bolt,75,Station_307,Los Angeles,12/19/2024 9:00,12/19/2024 10:50,7.57,3.27,40.84,36.54,Morning,Thursday,55.75,53.49,299.56,26.73,0.74,Level 2,Commuter
User_444,Chevy Bolt,100,Station_267,Chicago,01/19/2024 11:00,01/19/2024 11:39,49.55,0.67,27.01,5.38,Evening,Sunday,48.44,92.5,60.59,36.81,7,DC Fast Charger,Long-Distance Traveler
User_445,Hyundai Kona,85,Station_447,New York,01/19/2024 12:00,01/19/2024 12:37,72.83,1.61,45.38,5.71,Morning,Wednesday,81.63,52.32,,31.78,0.91,Level 2,Casual Driver
User_446,BMW i3,100,Station_441,Chicago,01/19/2024 13:00,01/19/2024 15:58,71.13,0.82,14.17,11.35,Morning,Saturday,78.36,91.25,50.62,-1.71,5,Level 2,Casual Driver
User_447,Chevy Bolt,100,Station_383,Los Angeles,01/19/2024 14:00,01/19/2024 17:54,36.24,0.7,12.83,9.74,Night,Monday,83.71,52.59,125.23,-7.5,6,Level 1,Casual Driver
User_448,Tesla Model 3,127.28,Station_140,San Francisco,01/19/2024 15:00,01/19/2024 16:28,53.4,3.43,49.77,15.32,Morning,Thursday,51.06,50.98,215.46,31.62,6,Level 1,Long-Distance Traveler
User_449,Tesla Model 3,107.43,Station_329,Los Angeles,01/19/2024 16:00,01/19/2024 19:27,5.75,0.58,7.01,20.65,Evening,Friday,60.71,67.3,140,16.98,3,Level 2,Commuter
User_450,Nissan Leaf,62,Station_2,Los Angeles,01/19/2024 17:00,01/19/2024 20:46,9.74,3.07,3.65,39.66,Morning,Tuesday,75.78,97.16,157.88,13.52,4,Level 1,Casual Driver
User_451,Chevy Bolt,85,Station_8,Los Angeles,01/19/2024 18:00,01/19/2024 21:47,39.46,1.65,41,21.67,Morning,Thursday,72.99,64.45,53.94,-1.26,2,DC Fast Charger,Commuter
User_452,BMW i3,85,Station_250,Houston,01/19/2024 19:00,01/19/2024 19:59,63.83,2.46,38.14,6.76,Evening,Thursday,11.08,74.41,295.99,13.92,2.04,Level 2,Casual Driver
User_453,Hyundai Kona,85,Station_139,Chicago,01/19/2024 20:00,01/19/2024 22:54,72.95,3.76,14.79,10.52,Morning,Friday,38.58,78.14,14.89,34.42,2,Level 2,Casual Driver
User_454,Hyundai Kona,62,Station_124,Chicago,01/19/2024 21:00,01/20/2024 0:52,21.1,3.47,37.26,25.55,Night,Friday,66.2,78.7,197.85,-3.53,1,Level 2,Long-Distance Traveler
User_455,BMW i3,62,Station_309,Chicago,01/19/2024 22:00,01/19/2024 22:49,58.79,2.47,34.24,19.22,Evening,Wednesday,63.05,97.72,29.98,-4.12,7,Level 1,Casual Driver
User_456,Nissan Leaf,62,Station_228,Houston,01/19/2024 23:00,01/20/2024 0:17,65.18,2.41,38.58,33.19,Night,Saturday,17.73,82.79,254.22,17.15,1,Level 1,Commuter
User_457,Hyundai Kona,85,Station_10,San Francisco,01/20/2024 0:00,01/20/2024 3:50,72.55,0.36,35.11,32.07,Morning,Friday,61.85,64.37,44.42,9.69,0,DC Fast Charger,Commuter
User_458,Chevy Bolt,100,Station_469,Los Angeles,01/20/2024 1:00,01/20/2024 3:39,57.56,3.34,13.04,14.26,Afternoon,Friday,55.28,93.58,249.42,24.25,2,Level 1,Casual Driver
User_459,Nissan Leaf,52.33,Station_212,San Francisco,01/20/2024 2:00,01/20/2024 3:06,67.41,3.04,48.63,11.13,Night,Friday,93.25,69.23,206.55,32.36,6.24,Level 1,Commuter
User_460,Chevy Bolt,75,Station_112,Houston,01/20/2024 3:00,01/20/2024 5:38,21.03,2.84,8.33,8.85,Night,Saturday,16,70.41,157.68,35.8,2.08,DC Fast Charger,Commuter
User_461,Tesla Model 3,62,Station_8,Chicago,01/20/2024 4:00,01/20/2024 6:41,16.47,1.77,22.11,24.11,Morning,Tuesday,90.7,91.82,141.29,39.91,0,Level 2,Commuter
User_462,Nissan Leaf,50,Station_292,Los Angeles,01/20/2024 5:00,01/20/2024 7:09,78.31,2.4,11.81,29.76,Afternoon,Thursday,18.94,51.59,20.62,4.69,1,Level 2,Commuter
User_463,Hyundai Kona,85,Station_477,New York,01/20/2024 6:00,01/20/2024 7:23,38.6,3.91,31.47,22.31,Evening,Thursday,52.9,72.18,116.3,2.04,6,DC Fast Charger,Commuter
User_464,Nissan Leaf,85,Station_362,New York,01/20/2024 7:00,01/20/2024 9:31,26.57,1.07,43.38,32.63,Afternoon,Friday,13.35,65.43,32.84,37.67,7,Level 1,Casual Driver
User_465,Nissan Leaf,100,Station_460,San Francisco,01/20/2024 8:00,01/20/2024 8:54,23.02,2.65,7,5.06,Evening,Sunday,62.42,91.38,230.8,4.62,6,DC Fast Charger,Commuter
User_466,Nissan Leaf,85,Station_253,Chicago,01/20/2024 9:00,01/20/2024 11:40,62.05,1.18,31.37,35.34,Morning,Sunday,88.13,58.36,205.23,11.03,5,DC Fast Charger,Commuter
User_467,Nissan Leaf,85,Station_14,New York,01/20/2024 10:00,01/20/2024 10:38,58.09,2.65,7.07,30.93,Afternoon,Saturday,42.04,99.21,39.4,-6.25,4,Level 2,Casual Driver
User_468,Chevy Bolt,75,Station_240,San Francisco,01/20/2024 11:00,01/20/2024 14:53,63.3,0.83,30.69,5.54,Morning,Wednesday,37.27,70.75,,7.96,4,Level 1,Long-Distance Traveler
User_469,Tesla Model 3,39.3,Station_438,Houston,01/20/2024 12:00,01/20/2024 15:51,21,1.86,26.23,33.58,Night,Friday,32.28,58.87,216.69,37.2,7,Level 2,Commuter
User_470,BMW i3,62,Station_242,San Francisco,01/20/2024 13:00,01/20/2024 14:03,36.32,2.01,19.41,32.62,Afternoon,Saturday,22.32,89.41,254.27,-1.52,1.09,Level 2,Long-Distance Traveler
User_471,Nissan Leaf,129.52,Station_469,San Francisco,01/20/2024 14:00,01/20/2024 15:12,65.45,3.92,47.44,11.06,Evening,Saturday,17.57,99.94,117.86,10.84,0,DC Fast Charger,Long-Distance Traveler
User_472,Hyundai Kona,85,Station_342,San Francisco,01/20/2024 15:00,01/20/2024 16:43,46.92,2.22,38.7,16.96,Night,Wednesday,48.06,81.16,129.33,11.8,6,Level 2,Casual Driver
User_473,Nissan Leaf,62,Station_149,Los Angeles,01/20/2024 16:00,01/20/2024 18:03,45.36,1.46,,34.75,Evening,Saturday,86.24,85.21,191.28,29.74,6,Level 2,Long-Distance Traveler
User_474,Hyundai Kona,75,Station_236,San Francisco,01/20/2024 17:00,01/20/2024 17:51,44.73,1.35,36.47,23.68,Night,Thursday,84.84,62.85,174.43,12.81,0,Level 2,Long-Distance Traveler
User_475,Chevy Bolt,100,Station_306,San Francisco,01/20/2024 18:00,01/20/2024 19:39,57.86,3.1,40.17,36.94,Evening,Wednesday,43.73,96.36,129.61,-7.46,5,Level 1,Long-Distance Traveler
User_476,Hyundai Kona,85,Station_478,Los Angeles,01/20/2024 19:00,01/20/2024 21:39,25.89,2.57,23.44,36.65,Evening,Wednesday,36.58,44.09,75.87,-6.7,6,Level 1,Casual Driver
User_477,BMW i3,50,Station_167,Los Angeles,01/20/2024 20:00,01/20/2024 22:03,65.9,2.16,39.46,10.08,Morning,Monday,73.79,95.29,161.2,26.15,3,Level 2,Commuter
User_478,Tesla Model 3,75,Station_20,Houston,01/20/2024 21:00,01/21/2024 0:43,34.8,0.85,16.6,28.33,Night,Wednesday,64.52,57.8,,14.22,2,DC Fast Charger,Casual Driver
User_479,Hyundai Kona,3.84,Station_216,Chicago,01/20/2024 22:00,01/20/2024 23:01,18.87,3.99,44.01,13.01,Morning,Wednesday,58.05,66.33,185.65,-9.97,5,DC Fast Charger,Casual Driver
User_480,Hyundai Kona,78.84,Station_343,New York,01/20/2024 23:00,01/21/2024 1:15,77.35,1.82,7.85,37.61,Morning,Tuesday,63.62,82.11,,-5.39,7,Level 2,Casual Driver
User_481,Tesla Model 3,100,Station_135,New York,01/21/2024 0:00,01/21/2024 2:53,31.73,2.65,68.54,16.75,Morning,Thursday,39.61,85.43,107.68,-9.3,1,Level 1,Commuter
User_482,BMW i3,100,Station_393,San Francisco,01/21/2024 1:00,01/21/2024 4:53,41.27,3.49,6.79,27.61,Morning,Friday,10.87,72.77,244.03,-8.04,1,DC Fast Charger,Long-Distance Traveler
User_483,Nissan Leaf,75,Station_129,Houston,01/21/2024 2:00,01/21/2024 2:30,41.95,1.02,39.26,21.6,Evening,Monday,89.08,96.16,44.23,11.05,7,DC Fast Charger,Commuter
User_484,Hyundai Kona,85,Station_410,San Francisco,01/21/2024 3:00,01/21/2024 4:41,46.41,0.85,28.16,32.59,Morning,Wednesday,19.46,67.77,87.22,-6.86,5,Level 1,Long-Distance Traveler
User_485,Tesla Model 3,75,Station_422,New York,01/21/2024 4:00,01/21/2024 7:25,21.41,2.69,24.63,14.9,Morning,Tuesday,33.35,84.37,86.9,29.3,7,Level 1,Commuter
User_486,Chevy Bolt,100,Station_294,Los Angeles,01/21/2024 5:00,01/21/2024 6:19,55,1.25,23.09,36.97,Morning,Tuesday,57.08,88.93,11.22,3.24,7,DC Fast Charger,Casual Driver
User_487,Tesla Model 3,100,Station_246,Chicago,01/21/2024 6:00,01/21/2024 8:50,7.74,2.1,36.45,15.49,Evening,Saturday,77.59,99.58,100.99,-9.73,6,Level 2,Casual Driver
User_488,Chevy Bolt,62,Station_189,Houston,01/21/2024 7:00,01/21/2024 7:44,11.48,3.62,21.48,13.03,Night,Friday,35.54,91.08,267.4,-9.31,0,DC Fast Charger,Long-Distance Traveler
User_489,BMW i3,75,Station_44,Los Angeles,01/21/2024 8:00,01/21/2024 9:22,39.47,2.4,21.77,7.4,Evening,Friday,43.73,18.84,73.21,-2.09,3,Level 1,Casual Driver
User_490,Nissan Leaf,100,Station_86,Chicago,01/21/2024 9:00,01/21/2024 12:21,27.61,2.17,41.06,5.52,Evening,Sunday,27.55,68.85,95.48,34.21,6,Level 1,Casual Driver
User_491,Tesla Model 3,85,Station_44,Houston,01/21/2024 10:00,01/21/2024 10:37,15.25,3.31,6.76,1.64,Evening,Thursday,42.74,88.23,263.83,-2.26,5.17,Level 1,Commuter
User_492,Hyundai Kona,85,Station_330,Houston,01/21/2024 11:00,01/21/2024 12:43,45.07,1.71,41.03,7.4,Night,Sunday,51.66,92.06,76.48,37.01,6,Level 1,Long-Distance Traveler
User_493,BMW i3,100,Station_375,New York,01/21/2024 12:00,01/21/2024 13:15,10.16,1.52,41.18,6.57,Morning,Saturday,28.84,76.3,156.08,7.54,1,Level 2,Commuter
User_494,Tesla Model 3,75,Station_446,Los Angeles,01/21/2024 13:00,01/21/2024 14:38,55,3.48,34.58,36.06,Morning,Wednesday,42.7,60.69,2.91,22.33,1,DC Fast Charger,Commuter
User_495,Hyundai Kona,75,Station_378,Houston,01/21/2024 14:00,01/21/2024 16:23,64.87,3.23,38.99,5.2,Night,Tuesday,26.65,56.36,90.13,27.33,4,Level 1,Casual Driver
User_496,Tesla Model 3,50,Station_390,Houston,01/21/2024 15:00,01/21/2024 17:56,25.13,1.9,16.21,32.62,Night,Monday,25.68,94.53,127.43,40.26,4,Level 1,Commuter
User_497,Chevy Bolt,100,Station_145,Chicago,01/21/2024 16:00,01/21/2024 19:15,14.46,3.4,44.04,18.41,Afternoon,Thursday,14.15,64.61,55.74,1.78,2,Level 1,Long-Distance Traveler
User_498,Tesla Model 3,100,Station_51,New York,01/21/2024 17:00,01/21/2024 19:32,79.42,2.45,40.54,21.03,Morning,Wednesday,41.24,60.46,54.66,-0.38,6,DC Fast Charger,Casual Driver
User_499,Tesla Model 3,75,Station_242,San Francisco,01/21/2024 18:00,01/21/2024 20:48,44.42,2.34,19.66,6.19,Evening,Saturday,22.98,94.86,116.42,36.39,2,Level 1,Long-Distance Traveler
User_500,Tesla Model 3,104.92,Station_294,New York,01/21/2024 19:00,01/21/2024 21:26,74.02,2.69,31.7,16.63,Evening,Friday,37.01,80.97,171.66,17.89,5,DC Fast Charger,Long-Distance Traveler
User_501,BMW i3,85,Station_408,San Francisco,01/21/2024 20:00,01/21/2024 21:12,36.51,2.26,11.41,18.47,Morning,Saturday,70.63,79.49,272.3,11.1,5,Level 2,Long-Distance Traveler
User_502,Tesla Model 3,50,Station_51,Los Angeles,01/21/2024 21:00,01/21/2024 21:49,39.07,3.87,16.67,18.4,Night,Wednesday,76.15,88.86,110.7,18.62,5,Level 1,Long-Distance Traveler
User_503,Hyundai Kona,50,Station_266,Los Angeles,01/21/2024 22:00,01/22/2024 0:57,63.79,0.78,25.34,18.77,Afternoon,Saturday,35.17,92.9,208.1,22.74,2,Level 2,Commuter
User_504,Chevy Bolt,85,Station_120,Houston,01/21/2024 23:00,01/21/2024 23:50,67.45,0.85,45.02,28.34,Evening,Friday,36.07,61.53,277.49,20.71,0,DC Fast Charger,Casual Driver
User_505,Chevy Bolt,62,Station_200,Los Angeles,01/22/2024 0:00,01/22/2024 1:51,56.89,3,4.87,28.25,Afternoon,Wednesday,24.39,64.47,153.07,29.96,4,Level 2,Commuter
User_506,Tesla Model 3,75,Station_405,Houston,01/22/2024 1:00,01/22/2024 2:26,21.82,1.99,,34.26,Evening,Monday,77.22,96.77,199.57,38.08,7,Level 1,Casual Driver
User_507,BMW i3,62,Station_248,New York,01/22/2024 2:00,01/22/2024 5:27,47.01,1.67,32.35,5.89,Evening,Sunday,27.33,82.11,18.73,15.72,6,Level 2,Commuter
User_508,BMW i3,75,Station_70,Los Angeles,01/22/2024 3:00,01/22/2024 4:43,73.62,3.51,25.28,24.75,Morning,Thursday,36.21,85.98,253.85,36.16,2,Level 2,Casual Driver
User_509,Hyundai Kona,85,Station_341,New York,01/22/2024 4:00,01/22/2024 6:07,,1.49,35.5,23.11,Evening,Saturday,44.34,55.36,,5.84,3,Level 2,Long-Distance Traveler
User_510,Tesla Model 3,51.4,Station_57,New York,01/22/2024 5:00,01/22/2024 8:03,41.94,2.54,11.34,23.05,Afternoon,Friday,18.61,79.1,192.78,-0.31,3,Level 2,Long-Distance Traveler
User_511,Chevy Bolt,50,Station_382,Los Angeles,01/22/2024 6:00,01/22/2024 9:07,37.16,2.51,16.71,34.26,Afternoon,Monday,43.85,85.04,177.97,26.52,7,Level 2,Commuter
User_512,BMW i3,75,Station_39,New York,01/22/2024 7:00,01/22/2024 10:50,34.66,3.18,20.94,8.05,Morning,Tuesday,27.06,96.57,207.74,5.41,2,DC Fast Charger,Commuter
User_513,Tesla Model 3,99.54,Station_472,Los Angeles,01/22/2024 8:00,01/22/2024 10:19,,1.82,24.3,28.01,Evening,Monday,61.03,94.54,33.45,37.89,5,DC Fast Charger,Long-Distance Traveler
User_514,BMW i3,174.41,Station_289,Los Angeles,01/22/2024 9:00,01/22/2024 11:24,8.89,2.88,48.74,8.59,Afternoon,Monday,45.45,52.4,,25.21,4,Level 1,Commuter
User_515,BMW i3,62,Station_443,Los Angeles,01/22/2024 10:00,01/22/2024 13:08,29.38,3.71,9.76,38.97,Night,Monday,53.31,57.52,269.38,26.35,7,DC Fast Charger,Commuter
User_516,Chevy Bolt,85,Station_18,San Francisco,01/22/2024 11:00,01/22/2024 12:11,6.54,0.48,,38.99,Morning,Friday,67.81,60.72,91.92,30.05,2,DC Fast Charger,Casual Driver
User_517,Nissan Leaf,50,Station_440,New York,01/22/2024 12:00,01/22/2024 13:37,70.39,1.64,,32.26,Night,Tuesday,112.49,70.28,188.31,-7.64,4,Level 1,Casual Driver
User_518,Hyundai Kona,62,Station_220,Chicago,01/22/2024 13:00,01/22/2024 16:38,16.08,3.27,36.73,69.41,Afternoon,Thursday,12.69,82.09,208.9,38.08,0,DC Fast Charger,Casual Driver
User_519,Hyundai Kona,75,Station_313,Los Angeles,01/22/2024 14:00,01/22/2024 17:38,7.56,1.5,43.23,28.52,Night,Monday,17.75,99.07,22.22,39.7,3,Level 1,Commuter
User_520,Chevy Bolt,54.37,Station_244,New York,01/22/2024 15:00,01/22/2024 16:39,15.81,0.73,7.18,30.31,Morning,Friday,74.09,67.42,53.31,22.8,7,Level 1,Long-Distance Traveler
User_521,BMW i3,85,Station_352,Houston,01/22/2024 16:00,01/22/2024 17:47,60.12,2.97,30.66,19.63,Night,Friday,30.1,86.76,205.55,34.63,6,DC Fast Charger,Long-Distance Traveler
User_522,Tesla Model 3,85,Station_460,Los Angeles,01/22/2024 17:00,01/22/2024 20:45,67.94,1.22,17.9,0.31,Afternoon,Thursday,46.18,57.47,109.01,5.54,3,Level 2,Long-Distance Traveler
User_523,BMW i3,50,Station_304,Los Angeles,01/22/2024 18:00,01/22/2024 19:59,70.04,2.93,32.41,16.58,Night,Sunday,19.34,87.55,149.71,-1.34,7,Level 1,Long-Distance Traveler
User_524,Chevy Bolt,85,Station_298,Chicago,01/22/2024 19:00,01/22/2024 21:20,68.56,0.62,6.33,13.37,Night,Wednesday,19.2,69.22,40.61,-7.03,0.92,Level 2,Casual Driver
User_525,Hyundai Kona,75,Station_283,San Francisco,01/22/2024 20:00,01/22/2024 22:21,36.57,1.59,46.27,23.29,Night,Tuesday,58.63,66,,6.77,1.81,Level 1,Casual Driver
User_526,BMW i3,100,Station_74,San Francisco,01/22/2024 21:00,01/22/2024 23:12,20.45,0.92,26.5,9.32,Evening,Tuesday,57.96,73.66,200.18,7.5,1,DC Fast Charger,Commuter
User_527,Hyundai Kona,100,Station_110,Los Angeles,01/22/2024 22:00,01/23/2024 0:54,9.72,2.37,43.56,25.72,Afternoon,Saturday,17.34,75.08,100.96,5.94,4,Level 2,Long-Distance Traveler
User_528,Tesla Model 3,62,Station_180,New York,01/22/2024 23:00,01/22/2024 23:48,61.68,0.67,13.41,29.84,Night,Monday,86.67,87.84,277.82,37.44,6,Level 1,Commuter
User_529,Hyundai Kona,62,Station_426,Houston,01/23/2024 0:00,01/23/2024 3:28,28.58,0.98,18.89,36.56,Afternoon,Wednesday,25.49,91.47,268.46,17.68,3,DC Fast Charger,Long-Distance Traveler
User_530,Hyundai Kona,62,Station_32,Houston,01/23/2024 1:00,01/23/2024 2:39,21.13,3.9,32.29,10.73,Night,Sunday,44.71,79.2,72.35,-1.21,5,Level 2,Long-Distance Traveler
User_531,Nissan Leaf,85,Station_234,New York,01/23/2024 2:00,01/23/2024 3:32,46.77,0.9,1.47,36.7,Morning,Tuesday,18.36,58.13,122.1,6.27,7,DC Fast Charger,Commuter
User_532,Nissan Leaf,87.49,Station_282,Los Angeles,01/23/2024 3:00,01/23/2024 4:44,17.76,2.72,42.82,29.87,Morning,Sunday,17.02,77.28,175.12,28.12,0,DC Fast Charger,Casual Driver
User_533,Nissan Leaf,50,Station_25,Houston,01/23/2024 4:00,01/23/2024 7:57,79.39,2.71,19.14,21.85,Morning,Saturday,63.91,87.44,,14.46,4,Level 2,Commuter
User_534,Hyundai Kona,100,Station_331,San Francisco,01/23/2024 5:00,01/23/2024 8:07,21.07,3.72,28.51,37.41,Night,Monday,37.97,66.65,222.29,5.92,7,Level 1,Commuter
User_535,Chevy Bolt,50,Station_279,New York,01/23/2024 6:00,01/23/2024 9:02,19.4,2.05,5.01,12.1,Afternoon,Wednesday,22.71,51.01,111.92,-9.28,6,Level 1,Long-Distance Traveler
User_536,Hyundai Kona,62,Station_226,Chicago,01/23/2024 7:00,01/23/2024 9:13,,1.74,27.83,36.42,Morning,Friday,42.44,57.46,63.46,8.41,6,DC Fast Charger,Casual Driver
User_537,Chevy Bolt,85,Station_57,Los Angeles,01/23/2024 8:00,01/23/2024 9:44,44.87,1.59,41.42,34.24,Evening,Monday,39.5,81.21,63.19,7.07,3,Level 1,Commuter
User_538,Chevy Bolt,62,Station_180,New York,01/23/2024 9:00,01/23/2024 11:37,46.21,3.41,48.97,28.83,Morning,Wednesday,28.23,72.28,36.74,15.69,4,Level 2,Casual Driver
User_539,Nissan Leaf,85,Station_232,Houston,01/23/2024 10:00,01/23/2024 13:48,,4.14,34.69,32.21,Morning,Thursday,49.72,75.85,,-8.77,2,Level 2,Casual Driver
User_540,BMW i3,62,Station_382,Los Angeles,01/23/2024 11:00,01/23/2024 14:03,57.04,2.19,43.97,8.96,Evening,Tuesday,65.23,89.09,181.05,8.22,5,DC Fast Charger,Casual Driver
User_541,Tesla Model 3,62,Station_343,San Francisco,01/23/2024 12:00,01/23/2024 13:25,32.94,3.26,38.71,29.96,Morning,Sunday,57.61,73.14,29.21,-3.49,2,DC Fast Charger,Casual Driver
User_542,Nissan Leaf,75,Station_477,Los Angeles,01/23/2024 13:00,01/23/2024 13:51,63.02,1.33,8.56,17.57,Night,Monday,42.43,74.74,190.24,-2.82,9.08,Level 2,Long-Distance Traveler
User_543,Nissan Leaf,51.11,Station_287,Los Angeles,01/23/2024 14:00,01/23/2024 15:58,33.01,2.66,31.9,31.92,Night,Saturday,51.94,68.81,20.47,18.8,0,Level 2,Long-Distance Traveler
User_544,BMW i3,62,Station_64,San Francisco,01/23/2024 15:00,01/23/2024 15:48,56.62,1.26,,37.14,Morning,Friday,57.72,88.57,107.01,28.94,4,DC Fast Charger,Long-Distance Traveler
User_545,Tesla Model 3,50,Station_455,San Francisco,01/23/2024 16:00,01/23/2024 19:08,53.17,0.63,19.15,26.69,Afternoon,Saturday,40.52,70.55,105.45,37.89,2,DC Fast Charger,Long-Distance Traveler
User_546,Hyundai Kona,50,Station_232,Los Angeles,01/23/2024 17:00,01/23/2024 17:55,51.87,3.86,28.75,20.19,Afternoon,Sunday,85.34,72.42,261.23,-0.23,4,Level 2,Long-Distance Traveler
User_547,Hyundai Kona,100,Station_289,San Francisco,01/23/2024 18:00,01/23/2024 21:19,64.31,2.47,33.31,14.2,Morning,Monday,42.86,96.57,232.11,-7.68,6,DC Fast Charger,Commuter
User_548,Nissan Leaf,75,Station_213,New York,01/23/2024 19:00,01/23/2024 22:18,4.29,2.46,38.84,41.87,Evening,Tuesday,16.67,66.47,107.4,-8.96,5,Level 1,Casual Driver
User_549,Tesla Model 3,85,Station_258,San Francisco,01/23/2024 20:00,01/23/2024 20:52,56.73,2.01,11.93,19.14,Night,Tuesday,37.88,62.64,288.2,10.57,6,Level 2,Long-Distance Traveler
User_550,Nissan Leaf,75,Station_18,San Francisco,01/23/2024 21:00,01/23/2024 22:16,44.91,0.89,16.75,32.16,Night,Wednesday,32.68,97.14,14.13,27.19,6,Level 2,Casual Driver
User_551,Chevy Bolt,85,Station_175,Los Angeles,01/23/2024 22:00,01/23/2024 22:42,13.88,2.16,46.76,9.89,Night,Saturday,68.86,76.93,192.99,37.25,7,DC Fast Charger,Long-Distance Traveler
User_552,Nissan Leaf,62,Station_417,New York,01/23/2024 23:00,01/24/2024 0:35,39.37,1.41,26.04,27.08,Morning,Saturday,85.47,86.87,79.76,27.35,5,DC Fast Charger,Long-Distance Traveler
User_553,Nissan Leaf,46.67,Station_229,Chicago,01/24/2024 0:00,01/24/2024 3:43,11.76,3.04,34.72,13.29,Night,Friday,14.29,70.95,272.88,-5.12,3,Level 2,Commuter
User_554,Hyundai Kona,100,Station_226,Chicago,01/24/2024 1:00,01/24/2024 3:53,49.9,2.4,44.05,37.87,Morning,Sunday,56.78,72.15,233.24,18.01,2,DC Fast Charger,Casual Driver
User_555,Hyundai Kona,85,Station_84,Houston,01/24/2024 2:00,01/24/2024 3:42,64.61,1.23,3.99,37.08,Morning,Wednesday,21.98,72.94,116.18,17.11,4,Level 1,Long-Distance Traveler
User_556,Hyundai Kona,50,Station_291,San Francisco,01/24/2024 3:00,01/24/2024 6:05,12.59,3.42,13.29,25.14,Afternoon,Friday,70.25,87.17,67.62,34.25,2,DC Fast Charger,Long-Distance Traveler
User_557,Chevy Bolt,75,Station_435,San Francisco,01/24/2024 4:00,01/24/2024 5:46,65.6,1.03,5.59,2.35,Evening,Monday,17.67,86.32,,-9.27,1,Level 2,Commuter
User_558,Hyundai Kona,50,Station_370,New York,01/24/2024 5:00,01/24/2024 8:12,8.11,1.65,37.29,32.13,Evening,Monday,28.37,94.76,286.34,-8.48,1.96,DC Fast Charger,Casual Driver
User_559,Tesla Model 3,85,Station_246,Chicago,01/24/2024 6:00,01/24/2024 9:18,48.96,2.97,28.6,12.33,Evening,Saturday,68.69,85.61,122.75,6.66,4,Level 2,Casual Driver
User_560,BMW i3,62,Station_402,Houston,01/24/2024 7:00,01/24/2024 10:54,34.38,2.52,6.56,22.88,Night,Sunday,51.17,88.33,108.59,-9.83,7,Level 1,Long-Distance Traveler
User_561,Tesla Model 3,50,Station_110,New York,01/24/2024 8:00,01/24/2024 9:00,52.56,1.04,37.5,26.92,Afternoon,Wednesday,71.55,74.06,49.57,31.53,1,Level 2,Commuter
User_562,Tesla Model 3,62,Station_254,San Francisco,01/24/2024 9:00,01/24/2024 10:54,37.23,1.32,4.3,24.63,Afternoon,Sunday,66.89,90.57,207.17,9.71,6,Level 1,Commuter
User_563,Hyundai Kona,62,Station_88,Chicago,01/24/2024 10:00,01/24/2024 13:09,54.78,1.84,,30.79,Morning,Thursday,64.23,61.69,204.71,26.55,4,Level 1,Long-Distance Traveler
User_564,BMW i3,75,Station_72,Houston,01/24/2024 11:00,01/24/2024 14:31,37.43,2.35,16.98,5.47,Afternoon,Tuesday,94.44,90.54,136.96,15.36,6,Level 1,Casual Driver
User_565,BMW i3,85,Station_381,Los Angeles,01/24/2024 12:00,01/24/2024 15:49,28.08,0.85,25.58,11.34,Morning,Sunday,25.39,91.35,145.8,27.96,5,Level 1,Long-Distance Traveler
User_566,BMW i3,62,Station_30,Chicago,01/24/2024 13:00,01/24/2024 14:28,79.79,1.45,,15.68,Afternoon,Wednesday,79.82,74.13,286.57,1.15,4,Level 1,Casual Driver
User_567,Chevy Bolt,85,Station_172,Houston,01/24/2024 14:00,01/24/2024 15:10,75.62,1.75,16.79,30.05,Morning,Sunday,72.64,68.33,214.72,38.11,2,DC Fast Charger,Commuter
User_568,Hyundai Kona,85,Station_309,New York,01/24/2024 15:00,01/24/2024 17:21,48.58,3.59,1.72,22.02,Night,Wednesday,117.66,91.72,41.58,28.45,1,Level 1,Long-Distance Traveler
User_569,BMW i3,50,Station_394,Los Angeles,01/24/2024 16:00,01/24/2024 19:43,60.64,1.75,7.7,14.59,Afternoon,Monday,71.59,56.17,136,12.17,0,DC Fast Charger,Long-Distance Traveler
User_570,Chevy Bolt,75,Station_343,Houston,01/24/2024 17:00,01/24/2024 19:05,66.85,2.59,20.27,38.77,Evening,Tuesday,24.35,61.21,297.89,35.23,4,DC Fast Charger,Long-Distance Traveler
User_571,Nissan Leaf,62,Station_436,Houston,01/24/2024 18:00,01/24/2024 21:31,32.35,3.91,15.17,16.52,Morning,Sunday,71.05,83.01,254.04,11.66,1,DC Fast Charger,Casual Driver
User_572,Nissan Leaf,47.01,Station_177,San Francisco,01/24/2024 19:00,01/24/2024 22:17,,0.95,3.58,19.07,Afternoon,Sunday,22.46,51.02,27.58,8.72,4,Level 2,Casual Driver
User_573,Chevy Bolt,15.42,Station_139,Chicago,01/24/2024 20:00,01/24/2024 22:31,67.71,3.92,13.86,33.84,Afternoon,Sunday,79.21,57.57,259.63,-2.73,0,Level 2,Commuter
User_574,Chevy Bolt,91.29,Station_194,San Francisco,01/24/2024 21:00,01/25/2024 0:05,8.38,2,40.18,11.68,Morning,Wednesday,75.62,76.11,283.73,18.41,3,Level 1,Casual Driver
User_575,Hyundai Kona,50,Station_186,Los Angeles,01/24/2024 22:00,01/25/2024 1:14,60.94,1.81,18.88,30.06,Afternoon,Sunday,81.44,66.37,88.26,1.9,3.9,DC Fast Charger,Casual Driver
User_576,Hyundai Kona,100,Station_218,Houston,01/24/2024 23:00,01/25/2024 1:14,,0.56,21.46,15.09,Evening,Monday,30.14,85.01,61.68,16.34,2,Level 2,Long-Distance Traveler
User_577,Nissan Leaf,85,Station_164,San Francisco,01/25/2024 0:00,01/25/2024 3:42,,0.42,13.14,19.95,Morning,Monday,49.35,81.13,55.84,23.17,5,DC Fast Charger,Commuter
User_578,BMW i3,85,Station_161,Chicago,01/25/2024 1:00,01/25/2024 2:43,7.6,0.81,,5.58,Morning,Saturday,38.78,94.04,87.86,0.21,3,Level 2,Commuter
User_579,Nissan Leaf,85,Station_431,Los Angeles,01/25/2024 2:00,01/25/2024 5:32,70.54,2.48,42.1,19.81,Morning,Saturday,87.15,66.97,173.21,30.27,6,DC Fast Charger,Long-Distance Traveler
User_580,BMW i3,100,Station_13,New York,01/25/2024 3:00,01/25/2024 5:41,73.32,2.9,23.97,18.39,Morning,Wednesday,18.39,80.43,86.38,17.74,1,Level 2,Casual Driver
User_581,BMW i3,50,Station_296,San Francisco,01/25/2024 4:00,01/25/2024 6:08,62.87,2.92,15.49,10.01,Morning,Wednesday,33.81,61.34,112.92,1.9,4,Level 1,Casual Driver
User_582,Hyundai Kona,100,Station_89,Los Angeles,01/25/2024 5:00,01/25/2024 7:35,14.36,1.77,47.8,35.25,Evening,Monday,13.13,53.73,274.8,21.98,2,Level 1,Long-Distance Traveler
User_583,Tesla Model 3,85,Station_324,New York,01/25/2024 6:00,01/25/2024 8:47,74.79,1.88,21.11,10.34,Morning,Saturday,16.31,69.89,260,32.75,3,Level 1,Long-Distance Traveler
User_584,Tesla Model 3,75,Station_42,San Francisco,01/25/2024 7:00,01/25/2024 10:24,41.98,1.73,14.09,37.62,Evening,Sunday,14.26,60.36,156.73,15.62,4.81,DC Fast Charger,Casual Driver
User_585,Chevy Bolt,91.78,Station_403,Los Angeles,01/25/2024 8:00,01/25/2024 9:44,66.82,2.99,11.9,22.69,Evening,Sunday,76.66,84.9,108.85,36.04,5,Level 1,Commuter
User_586,Hyundai Kona,50,Station_210,Los Angeles,01/25/2024 9:00,01/25/2024 9:43,47.19,3.33,5.34,29.79,Evening,Wednesday,17.56,54.49,156.46,5.11,3,Level 1,Long-Distance Traveler
User_587,BMW i3,100,Station_229,San Francisco,01/25/2024 10:00,01/25/2024 11:07,46.3,2.15,10.6,13.9,Morning,Tuesday,72.23,84.04,89.6,9.89,6.82,Level 2,Casual Driver
User_588,Tesla Model 3,75,Station_350,Los Angeles,01/25/2024 11:00,01/25/2024 13:49,37.11,2.94,20.08,20.35,Evening,Monday,33.3,58.82,32.18,15.65,1.9,Level 2,Long-Distance Traveler
User_589,BMW i3,62,Station_275,Houston,01/25/2024 12:00,01/25/2024 13:14,71.98,1.06,23.65,32.02,Morning,Monday,63.1,64,103.92,21.53,5,Level 2,Commuter
User_590,Tesla Model 3,85,Station_442,San Francisco,01/25/2024 13:00,01/25/2024 15:54,,3.74,22.13,31,Evening,Wednesday,45.03,62.32,254.54,-4.04,4,Level 1,Commuter
User_591,Tesla Model 3,50,Station_279,Los Angeles,01/25/2024 14:00,01/25/2024 17:57,45.13,2.02,,10.68,Morning,Wednesday,51.05,75.88,193.91,2.87,3,Level 2,Casual Driver
User_592,Tesla Model 3,85,Station_251,New York,01/25/2024 15:00,01/25/2024 18:12,23.92,2.15,25.8,6.98,Afternoon,Wednesday,86.84,89.25,11.97,22.17,4.42,Level 2,Commuter
User_593,Hyundai Kona,85,Station_310,New York,01/25/2024 16:00,01/25/2024 19:43,40.63,2.75,25.77,9.17,Afternoon,Sunday,31.28,70.9,250.28,17.41,4,Level 1,Long-Distance Traveler
User_594,Nissan Leaf,62,Station_208,Houston,01/25/2024 17:00,01/25/2024 18:44,75.41,3.15,17.73,9.08,Evening,Sunday,32.03,101.61,93.79,12.46,0,Level 2,Commuter
User_595,BMW i3,62,Station_321,San Francisco,01/25/2024 18:00,01/25/2024 21:18,,3.31,18.87,31.58,Night,Tuesday,47.88,66.78,55.86,10.72,7,DC Fast Charger,Casual Driver
User_596,Hyundai Kona,75,Station_140,Los Angeles,01/25/2024 19:00,01/25/2024 22:44,36.49,0.7,5.95,23.36,Night,Monday,64.23,76.17,241.98,36.05,2,Level 2,Long-Distance Traveler
User_597,Hyundai Kona,85,Station_280,Los Angeles,01/25/2024 20:00,01/25/2024 20:58,67.56,2.81,8.97,37.67,Afternoon,Thursday,69.31,96.94,145.67,35.82,7,DC Fast Charger,Commuter
User_598,Hyundai Kona,75,Station_34,New York,01/25/2024 21:00,01/25/2024 21:47,52.57,3.27,4.71,12.33,Evening,Tuesday,89.1,82.22,165.45,16.54,5,Level 2,Commuter
User_599,Hyundai Kona,85,Station_309,Houston,01/25/2024 22:00,01/25/2024 22:49,28.28,2.69,13.23,24.96,Evening,Tuesday,62.57,88.36,190.68,12.39,0,Level 2,Commuter
User_600,Hyundai Kona,62,Station_392,New York,01/25/2024 23:00,01/25/2024 23:43,28.87,1.15,32.83,46.06,Evening,Sunday,81.27,95.97,210.28,30.9,4,DC Fast Charger,Casual Driver
User_601,Chevy Bolt,85,Station_18,New York,01/26/2024 0:00,01/26/2024 3:11,13.12,3.54,,25.8,Night,Saturday,5.07,77.78,213.72,32.05,0.52,Level 1,Casual Driver
User_602,BMW i3,50,Station_57,Houston,01/26/2024 1:00,01/26/2024 4:26,21.42,0.73,9.19,28.07,Afternoon,Monday,86.49,52.98,74.38,12.04,7,DC Fast Charger,Commuter
User_603,Hyundai Kona,100,Station_112,San Francisco,01/26/2024 2:00,01/26/2024 3:23,45.12,3.95,4.27,7.07,Evening,Sunday,13.58,76.37,162.81,-3.86,0,Level 1,Long-Distance Traveler
User_604,BMW i3,62,Station_5,Los Angeles,01/26/2024 3:00,01/26/2024 4:00,26.29,1.78,3.59,33.69,Afternoon,Thursday,40.48,69.67,177.81,32.06,2,Level 2,Commuter
User_605,Chevy Bolt,75,Station_410,San Francisco,01/26/2024 4:00,01/26/2024 5:27,51.64,0.78,14.61,13.48,Afternoon,Monday,32.41,78.64,277.73,31.3,0,Level 1,Long-Distance Traveler
User_606,Chevy Bolt,85,Station_414,Chicago,01/26/2024 5:00,01/26/2024 7:13,44.82,1.04,12.55,32.94,Morning,Tuesday,66.4,88.7,174.93,-6.16,1.66,Level 1,Long-Distance Traveler
User_607,BMW i3,50,Station_182,Chicago,01/26/2024 6:00,01/26/2024 9:19,19.36,2.54,29.63,35.26,Night,Wednesday,47.23,83.91,107.75,0.37,7,DC Fast Charger,Casual Driver
User_608,Tesla Model 3,75,Station_13,Chicago,01/26/2024 7:00,01/26/2024 10:35,55.4,2.25,31.55,12.86,Afternoon,Monday,12.98,61.22,163.25,29.72,6,Level 1,Commuter
User_609,Nissan Leaf,50,Station_339,Houston,01/26/2024 8:00,01/26/2024 10:37,22.02,1.27,41.2,35.94,Morning,Monday,23.67,74.9,236.57,11.54,0,Level 1,Casual Driver
User_610,Tesla Model 3,75,Station_285,New York,01/26/2024 9:00,01/26/2024 12:59,67.38,0.8,2.64,25.82,Night,Wednesday,12.05,86.49,233.88,5.89,2,DC Fast Charger,Commuter
User_611,Tesla Model 3,75,Station_259,San Francisco,01/26/2024 10:00,01/26/2024 13:07,68.24,2.71,8.99,39.69,Evening,Thursday,30.23,80.04,245.31,11.71,7,Level 1,Long-Distance Traveler
User_612,Tesla Model 3,62,Station_90,Los Angeles,01/26/2024 11:00,01/26/2024 11:54,67.13,1.23,27.96,32.7,Evening,Thursday,23.51,76.15,7.62,8.09,4,Level 1,Casual Driver
User_613,Hyundai Kona,75,Station_104,Chicago,01/26/2024 12:00,01/26/2024 15:40,42.92,3.17,13.1,22.07,Morning,Monday,34.83,97.25,129.4,6.36,5,DC Fast Charger,Casual Driver
User_614,Chevy Bolt,50,Station_379,San Francisco,01/26/2024 13:00,01/26/2024 13:48,,0.89,15.34,22.67,Evening,Sunday,63.51,89.39,96.03,28.42,0,DC Fast Charger,Casual Driver
User_615,Tesla Model 3,62,Station_186,Chicago,01/26/2024 14:00,01/26/2024 17:49,35.33,1.47,44.67,25.36,Morning,Wednesday,51.42,73.34,128.32,29.21,3,DC Fast Charger,Long-Distance Traveler
User_616,Chevy Bolt,62,Station_250,Chicago,01/26/2024 15:00,01/26/2024 17:45,74.51,1.59,7.99,29.6,Morning,Saturday,70.43,95.66,298.3,36.38,1,Level 1,Casual Driver
User_617,BMW i3,50,Station_255,Los Angeles,01/26/2024 16:00,01/26/2024 16:32,,1.01,37.57,17.34,Evening,Monday,43.71,73.82,73.81,35.31,6,Level 2,Commuter
User_618,Nissan Leaf,85,Station_76,Houston,01/26/2024 17:00,01/26/2024 20:44,49.74,2.02,32.87,19.58,Night,Wednesday,85.73,52.83,272.19,7.81,6,DC Fast Charger,Commuter
User_619,BMW i3,1.54,Station_386,New York,01/26/2024 18:00,01/26/2024 19:55,23.52,1.84,42.38,0.67,Morning,Tuesday,74.93,96.9,162.19,13.68,5,DC Fast Charger,Long-Distance Traveler
User_620,BMW i3,100,Station_459,Houston,01/26/2024 19:00,01/26/2024 22:58,44.95,1.59,34.04,26.38,Night,Saturday,66.85,61.31,232.24,22.59,5,Level 1,Casual Driver
User_621,Hyundai Kona,121.21,Station_108,San Francisco,01/26/2024 20:00,01/26/2024 22:54,66.71,1.9,6.51,32.29,Night,Wednesday,56.72,83.65,166.62,32.85,7,Level 2,Commuter
User_622,Nissan Leaf,62,Station_156,Houston,01/26/2024 21:00,01/26/2024 23:51,44.06,2.71,12.64,5.45,Morning,Sunday,74.68,73.06,10.9,3.8,3,Level 2,Casual Driver
User_623,BMW i3,100,Station_82,San Francisco,01/26/2024 22:00,01/26/2024 22:38,14.03,2.28,30.77,10.79,Night,Monday,87.72,85.39,274.27,9.34,7,Level 1,Commuter
User_624,BMW i3,85,Station_77,San Francisco,01/26/2024 23:00,01/27/2024 2:39,21.76,2.01,20.32,23.21,Morning,Friday,64.88,59.02,204.08,20.68,7,DC Fast Charger,Long-Distance Traveler
User_625,Nissan Leaf,50,Station_485,New York,01/27/2024 0:00,01/27/2024 2:03,16.55,6.49,36.75,30.02,Evening,Thursday,69.43,52.06,299.26,-1.64,0,Level 1,Commuter
User_626,Nissan Leaf,65.24,Station_470,Los Angeles,01/27/2024 1:00,01/27/2024 3:58,15.47,0.79,8.61,15.06,Evening,Monday,46.07,58.59,,12.6,5,Level 2,Commuter
User_627,BMW i3,50,Station_460,New York,01/27/2024 2:00,01/27/2024 5:53,43.51,1.18,26.14,6.62,Evening,Wednesday,17.37,95.17,141.17,21.08,3,DC Fast Charger,Commuter
User_628,Nissan Leaf,75,Station_258,Houston,01/27/2024 3:00,01/27/2024 6:14,38.6,1.37,26.56,45.04,Evening,Saturday,37.93,75.1,298.32,6.16,6,Level 2,Long-Distance Traveler
User_629,BMW i3,62,Station_127,San Francisco,01/27/2024 4:00,01/27/2024 6:48,45.08,2.4,,6.56,Evening,Saturday,40.17,94.6,250.42,7.34,5,Level 2,Commuter
User_630,BMW i3,85,Station_485,Chicago,01/27/2024 5:00,01/27/2024 5:49,58.77,2.75,12.8,22.04,Night,Wednesday,70.88,72.25,87.25,4.7,6,Level 2,Long-Distance Traveler
User_631,Hyundai Kona,62,Station_391,Chicago,01/27/2024 6:00,01/27/2024 7:04,65.54,1.97,5.21,32.85,Night,Thursday,45.97,51.33,166.16,8.9,6,Level 2,Long-Distance Traveler
User_632,Tesla Model 3,62,Station_282,San Francisco,01/27/2024 7:00,01/27/2024 8:22,79.21,2.6,20.61,22.48,Night,Monday,37.5,96.68,,-1.2,4,DC Fast Charger,Commuter
User_633,BMW i3,62,Station_474,New York,01/27/2024 8:00,01/27/2024 11:24,62.92,1.11,37.24,38.97,Afternoon,Saturday,39.36,50.6,268.55,21.52,4,DC Fast Charger,Casual Driver
User_634,Chevy Bolt,35.04,Station_88,Los Angeles,01/27/2024 9:00,01/27/2024 11:19,18.4,2.07,5.9,28.02,Afternoon,Saturday,36.51,85.77,160.42,15.83,0,DC Fast Charger,Commuter
User_635,Tesla Model 3,62,Station_204,New York,01/27/2024 10:00,01/27/2024 13:52,47.49,3.41,44.87,6.15,Morning,Friday,62.16,63.08,46.77,-5.25,7,Level 1,Long-Distance Traveler
User_636,Tesla Model 3,85,Station_16,San Francisco,01/27/2024 11:00,01/27/2024 14:29,21.47,3.12,47.19,26.87,Afternoon,Tuesday,53.35,86.03,281.26,16.6,4,DC Fast Charger,Casual Driver
User_637,Tesla Model 3,75,Station_151,San Francisco,01/27/2024 12:00,01/27/2024 14:45,21.87,3.38,29.88,40.43,Evening,Friday,43.84,61.37,229.7,35.01,2,Level 2,Commuter
User_638,Hyundai Kona,75,Station_424,Los Angeles,01/27/2024 13:00,01/27/2024 13:33,78.24,2.78,10.33,10.55,Evening,Tuesday,76.1,59.31,66.64,30.19,2,Level 2,Commuter
User_639,BMW i3,62,Station_254,Houston,01/27/2024 14:00,01/27/2024 17:04,79.75,3.43,,12.67,Evening,Saturday,19.73,69.33,187.46,29.39,3,DC Fast Charger,Commuter
User_640,Hyundai Kona,85,Station_188,Houston,01/27/2024 15:00,01/27/2024 18:21,66.9,2.77,39.32,17.09,Morning,Tuesday,22.59,75.4,227.43,-4.07,6,DC Fast Charger,Commuter
User_641,BMW i3,62,Station_329,Los Angeles,01/27/2024 16:00,01/27/2024 19:17,68.07,1.32,34.4,29.47,Morning,Monday,62.06,82.69,135.73,-4.99,1,Level 1,Commuter
User_642,Hyundai Kona,50,Station_32,Houston,01/27/2024 17:00,01/27/2024 19:11,40.05,1.04,26.33,36.05,Morning,Saturday,21.78,92.33,114.76,30.29,2,DC Fast Charger,Casual Driver
User_643,Hyundai Kona,85,Station_271,Chicago,01/27/2024 18:00,01/27/2024 19:16,77.68,2.88,36.88,31.19,Morning,Saturday,18.75,92.78,169.2,16.72,5,Level 1,Commuter
User_644,Chevy Bolt,62,Station_485,Houston,01/27/2024 19:00,01/27/2024 21:03,38.36,1.3,38.34,10.23,Night,Tuesday,72.51,86.3,281.03,5.5,4,DC Fast Charger,Long-Distance Traveler
User_645,Hyundai Kona,75,Station_397,Houston,01/27/2024 20:00,01/27/2024 23:21,6.34,0.94,4.32,12.55,Morning,Wednesday,44.29,55.52,170.92,26.71,4,Level 1,Long-Distance Traveler
User_646,Nissan Leaf,100,Station_5,Houston,01/27/2024 21:00,01/27/2024 22:17,6.98,2.89,35.79,23.12,Morning,Tuesday,23.83,78.78,76.95,27.36,6,DC Fast Charger,Casual Driver
User_647,Chevy Bolt,62,Station_459,Chicago,01/27/2024 22:00,01/28/2024 0:00,30.55,3.75,31.23,28.46,Afternoon,Tuesday,59.66,75.65,121.46,29.5,7,DC Fast Charger,Long-Distance Traveler
User_648,Hyundai Kona,50,Station_330,Houston,01/27/2024 23:00,01/28/2024 2:29,62.42,2.5,29.91,8.08,Night,Thursday,119.05,50.38,263.5,23.67,0,DC Fast Charger,Casual Driver
User_649,Tesla Model 3,25.57,Station_308,Chicago,01/28/2024 0:00,01/28/2024 1:53,34.79,3.41,11.92,19.59,Evening,Thursday,12.13,76.19,,33.37,1,Level 1,Long-Distance Traveler
User_650,Nissan Leaf,41.66,Station_333,Los Angeles,01/28/2024 1:00,01/28/2024 2:37,58.46,1.02,,37.03,Afternoon,Monday,30.1,76.86,73.79,20.69,7,Level 2,Casual Driver
User_651,Nissan Leaf,100,Station_169,New York,01/28/2024 2:00,01/28/2024 4:48,50.16,3.63,41.57,14.25,Morning,Monday,54.06,50.36,246.84,6.78,7,Level 1,Commuter
User_652,Nissan Leaf,100,Station_181,Los Angeles,01/28/2024 3:00,01/28/2024 6:54,76.07,3.72,5.49,8.83,Evening,Wednesday,15.22,83.98,233.27,10.68,1,DC Fast Charger,Long-Distance Traveler
User_653,Chevy Bolt,75,Station_366,New York,01/28/2024 4:00,01/28/2024 6:34,51.22,1.85,18.28,35.14,Evening,Thursday,89.53,56.6,54.84,14.46,5,Level 2,Long-Distance Traveler
User_654,Hyundai Kona,85,Station_178,Los Angeles,01/28/2024 5:00,01/28/2024 6:42,39.68,3.94,5.85,23.86,Evening,Friday,89.27,83.82,106.71,-1.36,1,Level 1,Casual Driver
User_655,Hyundai Kona,50,Station_143,New York,01/28/2024 6:00,01/28/2024 6:33,68.27,1.53,15.06,8.01,Afternoon,Monday,72.33,63.8,205.71,11.87,3,Level 1,Casual Driver
User_656,Tesla Model 3,62,Station_362,New York,01/28/2024 7:00,01/28/2024 8:45,30.55,2.83,8.83,38.44,Night,Monday,44.7,95.15,135.04,29.81,7,Level 2,Casual Driver
User_657,Tesla Model 3,75,Station_248,San Francisco,01/28/2024 8:00,01/28/2024 9:42,44.76,3.49,19.4,5.78,Night,Thursday,28.44,98.27,293.21,3.86,5,DC Fast Charger,Long-Distance Traveler
User_658,Nissan Leaf,75,Station_127,New York,01/28/2024 9:00,01/28/2024 10:46,59.16,2.87,19.1,20.11,Evening,Thursday,14.43,54.77,276.61,34.33,3,Level 2,Casual Driver
User_659,Tesla Model 3,100,Station_263,New York,01/28/2024 10:00,01/28/2024 11:17,57.15,2.57,5.96,13.63,Morning,Wednesday,82.43,93.34,245.05,38.02,7,DC Fast Charger,Commuter
User_660,Chevy Bolt,75,Station_40,San Francisco,01/28/2024 11:00,01/28/2024 14:03,,2.07,38.69,38.3,Night,Thursday,48.45,82.51,39.05,2.06,3,Level 2,Casual Driver
User_661,Hyundai Kona,75,Station_412,Houston,01/28/2024 12:00,01/28/2024 14:11,23.84,2.85,12.33,36.24,Night,Sunday,63.2,73.81,192.32,29.03,2.83,Level 1,Commuter
User_662,Nissan Leaf,47.65,Station_416,Houston,01/28/2024 13:00,01/28/2024 15:15,29.35,2.56,30.32,13.51,Morning,Tuesday,72.6,22.28,95.27,36.69,1,Level 1,Commuter
User_663,Tesla Model 3,85,Station_355,San Francisco,01/28/2024 14:00,01/28/2024 15:46,47.06,2.45,10.41,31.58,Afternoon,Saturday,63.14,92.64,152.06,-7.16,6,Level 1,Casual Driver
User_664,Chevy Bolt,75,Station_255,Chicago,01/28/2024 15:00,01/28/2024 16:08,27.17,3.32,23.82,9.89,Afternoon,Friday,46.82,79.21,163.13,4.16,4,DC Fast Charger,Commuter
User_665,Chevy Bolt,50,Station_143,New York,01/28/2024 16:00,01/28/2024 17:27,48.94,3.79,31.17,10.16,Morning,Saturday,75.81,89.15,112.73,31.51,4,DC Fast Charger,Commuter
User_666,Tesla Model 3,50,Station_240,New York,01/28/2024 17:00,01/28/2024 17:48,19.15,2.8,35.45,7.52,Afternoon,Tuesday,56.82,55.05,153.05,24.15,1,Level 2,Commuter
User_667,Hyundai Kona,75,Station_228,San Francisco,01/28/2024 18:00,01/28/2024 19:57,58.2,1.76,6.51,38.3,Evening,Sunday,25.84,83.12,221.21,19.9,5,DC Fast Charger,Casual Driver
User_668,Tesla Model 3,62,Station_341,San Francisco,01/28/2024 19:00,01/28/2024 21:22,65.2,2.95,22.57,9.02,Night,Sunday,13.91,77.58,214.92,15.03,7.2,DC Fast Charger,Casual Driver
User_669,Nissan Leaf,5.19,Station_198,Chicago,01/28/2024 20:00,01/28/2024 21:46,51.14,1.78,21.12,34.74,Afternoon,Tuesday,58.19,69.16,290.77,18.39,2,Level 2,Commuter
User_670,Tesla Model 3,50,Station_65,Houston,01/28/2024 21:00,01/28/2024 22:46,69.72,3.78,10.06,37.12,Evening,Saturday,20.43,79.52,205.77,-4.48,4,DC Fast Charger,Long-Distance Traveler
User_671,Chevy Bolt,85,Station_388,Los Angeles,01/28/2024 22:00,01/29/2024 1:35,41.98,3.2,49.31,19.56,Evening,Tuesday,11.42,88.5,260.49,8.22,5,Level 2,Commuter
User_672,Tesla Model 3,50,Station_11,Houston,01/28/2024 23:00,01/28/2024 23:57,69.42,1.94,9.89,10.83,Evening,Monday,29.13,99.89,74.04,37.27,5,DC Fast Charger,Casual Driver
User_673,Hyundai Kona,50,Station_108,New York,01/29/2024 0:00,01/29/2024 1:35,78.98,2.9,37.48,32.76,Evening,Sunday,30.86,89.89,222.76,9.57,0,DC Fast Charger,Commuter
User_674,BMW i3,85,Station_26,San Francisco,01/29/2024 1:00,01/29/2024 1:39,8.53,2.93,9.81,17.86,Evening,Saturday,40.4,66.03,99.23,39.93,1,Level 1,Commuter
User_675,Tesla Model 3,96.99,Station_445,Chicago,01/29/2024 2:00,01/29/2024 4:35,54.86,1.74,38.7,18.79,Morning,Tuesday,16.5,133.63,225.64,-7.67,0,DC Fast Charger,Casual Driver
User_676,Hyundai Kona,105.55,Station_421,Houston,01/29/2024 3:00,01/29/2024 6:54,48.5,3.26,43.61,13.98,Night,Monday,28.21,64.31,94.94,23.89,4,Level 2,Casual Driver
User_677,Hyundai Kona,62,Station_151,Chicago,01/29/2024 4:00,01/29/2024 5:27,52.53,0.75,40.99,17.65,Night,Thursday,29.72,63.9,62.2,36.52,0,Level 2,Long-Distance Traveler
User_678,Chevy Bolt,75,Station_221,Houston,01/29/2024 5:00,01/29/2024 8:50,45.47,2.96,48.01,7.39,Morning,Sunday,56.83,89.62,289.79,26.5,6,Level 1,Commuter
User_679,Hyundai Kona,50,Station_341,New York,01/29/2024 6:00,01/29/2024 8:51,34.68,1.5,41.81,36.03,Morning,Friday,79.03,54,218.29,37.35,6,Level 2,Commuter
User_680,Hyundai Kona,50,Station_496,Los Angeles,01/29/2024 7:00,01/29/2024 9:34,5.36,3,18.32,13.65,Evening,Friday,79.19,69.74,,27.78,4,Level 1,Commuter
User_681,Hyundai Kona,100,Station_237,Chicago,01/29/2024 8:00,01/29/2024 10:21,27.28,1,24.48,12.45,Afternoon,Tuesday,54.57,74.29,130.79,-3.34,0,DC Fast Charger,Long-Distance Traveler
User_682,Hyundai Kona,75,Station_237,Chicago,01/29/2024 9:00,01/29/2024 10:53,11.51,2.46,3.8,31.19,Night,Friday,18.89,82.47,234.88,-4.09,3,Level 1,Long-Distance Traveler
User_683,Nissan Leaf,62,Station_497,Los Angeles,01/29/2024 10:00,01/29/2024 12:52,9.45,1.47,40.52,17.59,Afternoon,Monday,75.62,93.74,115.38,-4.81,2.9,DC Fast Charger,Commuter
User_684,Nissan Leaf,85,Station_219,Chicago,01/29/2024 11:00,01/29/2024 13:05,53.1,1.86,12.62,40.32,Night,Thursday,33.66,52.83,74.38,14.12,6,Level 2,Casual Driver
User_685,Chevy Bolt,75,Station_487,Chicago,01/29/2024 12:00,01/29/2024 13:02,28.79,3.19,33.37,11.34,Evening,Tuesday,40.83,61.65,125.83,1.31,0,Level 1,Commuter
User_686,Tesla Model 3,75,Station_424,Houston,01/29/2024 13:00,01/29/2024 15:54,51.21,1.29,9.98,24.58,Afternoon,Wednesday,67.39,59.76,178.12,12.32,5,Level 2,Commuter
User_687,Hyundai Kona,101.1,Station_461,Houston,01/29/2024 14:00,01/29/2024 17:01,7.28,2.69,21.06,34.65,Night,Saturday,12.88,72.45,66.8,26.95,0,Level 2,Commuter
User_688,Tesla Model 3,83.14,Station_151,Los Angeles,01/29/2024 15:00,01/29/2024 18:07,,3.14,49.23,38.38,Night,Sunday,68.85,86.41,109.39,34.41,4,Level 2,Casual Driver
User_689,Tesla Model 3,100,Station_123,New York,01/29/2024 16:00,01/29/2024 19:39,74.35,2.23,18.03,31.42,Evening,Friday,78.78,62,144.44,-8.06,1,Level 2,Long-Distance Traveler
User_690,Chevy Bolt,50,Station_144,Chicago,01/29/2024 17:00,01/29/2024 19:50,79.96,2.97,9.81,13.15,Afternoon,Friday,20.76,98.43,278.48,4.75,2,Level 2,Long-Distance Traveler
User_691,Hyundai Kona,100,Station_478,New York,01/29/2024 18:00,01/29/2024 21:39,57.23,1.39,30.94,5.66,Evening,Tuesday,22.44,63.15,36,0.83,4,Level 1,Commuter
User_692,Hyundai Kona,62,Station_189,Los Angeles,01/29/2024 19:00,01/29/2024 20:16,39.22,3.07,,11.95,Afternoon,Saturday,14.13,66.71,252.93,36.2,3,Level 2,Commuter
User_693,BMW i3,100,Station_255,Los Angeles,01/29/2024 20:00,01/29/2024 22:21,10.42,1.23,18.9,8.94,Afternoon,Saturday,54.98,59.78,143.56,21.29,2,Level 1,Commuter
User_694,Tesla Model 3,85,Station_68,Houston,01/29/2024 21:00,01/29/2024 23:53,47.2,1.55,23.43,9.99,Night,Friday,74.88,94.07,278.93,28.42,7,Level 1,Casual Driver
User_695,Tesla Model 3,75,Station_104,Chicago,01/29/2024 22:00,01/30/2024 1:43,64.45,4,21.47,31.67,Morning,Friday,46.22,89.44,231.19,18.97,1,Level 1,Commuter
User_696,Nissan Leaf,85,Station_336,San Francisco,01/29/2024 23:00,01/30/2024 2:58,37.85,2.26,2.83,8.33,Afternoon,Wednesday,55.25,101.7,173.23,24.38,4,Level 2,Casual Driver
User_697,BMW i3,61.38,Station_159,Los Angeles,01/30/2024 0:00,01/30/2024 1:12,,2.5,41.13,8.82,Afternoon,Saturday,36.35,78.66,200.39,38.24,0,Level 2,Commuter
User_698,Nissan Leaf,62,Station_309,Chicago,01/30/2024 1:00,01/30/2024 1:37,79.26,0.62,27.65,27.61,Evening,Monday,80.47,81.06,108.96,17.2,7,Level 1,Commuter
User_699,Nissan Leaf,100,Station_362,New York,01/30/2024 2:00,01/30/2024 2:32,38.62,2.53,43.01,10.4,Afternoon,Sunday,70.99,55.5,283.14,34.32,2,Level 2,Commuter
User_700,Nissan Leaf,62,Station_409,Houston,01/30/2024 3:00,01/30/2024 5:34,24.4,1.48,31.12,24.13,Afternoon,Tuesday,65.98,51.25,32.04,23.59,0,Level 1,Long-Distance Traveler
User_701,Chevy Bolt,75,Station_300,New York,01/30/2024 4:00,01/30/2024 4:41,26.18,3.81,25.86,26.6,Afternoon,Tuesday,66.54,81.33,243.87,-5.32,1,Level 2,Commuter
User_702,Chevy Bolt,75,Station_396,Los Angeles,01/30/2024 5:00,01/30/2024 6:53,,2.85,45.46,22.85,Afternoon,Wednesday,46.28,58.48,151.87,31.55,5,Level 2,Commuter
User_703,Nissan Leaf,62,Station_90,Los Angeles,01/30/2024 6:00,01/30/2024 6:45,28.68,3.25,16.49,30.52,Afternoon,Sunday,13.89,81.57,248.02,2.88,6,Level 1,Commuter
User_704,BMW i3,62,Station_357,New York,01/30/2024 7:00,01/30/2024 8:47,34.73,2.96,24.02,25.48,Morning,Wednesday,80.99,94.76,264.73,-5.83,6,Level 2,Commuter
User_705,Tesla Model 3,100,Station_256,Los Angeles,01/30/2024 8:00,01/30/2024 11:57,56.66,0.61,21.07,12.85,Night,Monday,84.62,89,151.97,17.37,0,Level 1,Casual Driver
User_706,BMW i3,50,Station_496,Chicago,01/30/2024 9:00,01/30/2024 10:28,5.58,2.83,35.82,35.01,Afternoon,Thursday,68.6,95.59,125.26,16.51,3,Level 1,Casual Driver
User_707,Hyundai Kona,85,Station_353,Los Angeles,01/30/2024 10:00,01/30/2024 13:26,9.67,1.62,37.51,16.72,Evening,Tuesday,48.39,71.21,145.13,-1.95,3.61,Level 2,Commuter
User_708,Chevy Bolt,193,Station_220,Houston,01/30/2024 11:00,01/30/2024 12:32,42.74,1.18,40.21,14.26,Evening,Saturday,19.56,67.8,119.49,-4.17,4,Level 2,Casual Driver
User_709,Tesla Model 3,75,Station_9,Chicago,01/30/2024 12:00,01/30/2024 15:39,58.28,2.28,32.98,31.95,Afternoon,Sunday,34.46,84.49,205.4,26.13,5.49,Level 1,Commuter
User_710,Tesla Model 3,50,Station_12,San Francisco,01/30/2024 13:00,01/30/2024 14:18,47.89,4.23,26.43,13.43,Afternoon,Friday,82.18,83.01,235.9,36.41,5,Level 1,Commuter
User_711,Hyundai Kona,62,Station_325,Los Angeles,01/30/2024 14:00,01/30/2024 15:20,10.56,3.99,17.23,29.84,Afternoon,Sunday,64.66,58.69,37.99,32.26,0,Level 1,Casual Driver
User_712,Hyundai Kona,62,Station_438,Los Angeles,01/30/2024 15:00,01/30/2024 16:02,12.13,2.95,9.58,38.12,Morning,Monday,48.95,77.68,81.64,23.62,2,DC Fast Charger,Casual Driver
User_713,Nissan Leaf,75,Station_244,Houston,01/30/2024 16:00,01/30/2024 16:59,45.91,0.71,26.31,11.23,Night,Tuesday,40.72,97.29,194.25,28.4,5,Level 2,Commuter
User_714,Chevy Bolt,75,Station_182,Houston,01/30/2024 17:00,01/30/2024 20:36,8.12,1.98,,26.85,Evening,Saturday,22.19,99.63,223.41,33.69,0,DC Fast Charger,Long-Distance Traveler
User_715,Chevy Bolt,50,Station_284,New York,01/30/2024 18:00,01/30/2024 19:45,9.62,3.94,34.94,29.81,Morning,Monday,68.59,61.58,28.96,15.4,0,Level 1,Commuter
User_716,BMW i3,100,Station_312,New York,01/30/2024 19:00,01/30/2024 19:44,27.85,1.87,37.69,37.96,Morning,Thursday,12.17,98.08,89.81,-1.66,6,DC Fast Charger,Commuter
User_717,Nissan Leaf,85,Station_99,New York,01/30/2024 20:00,01/30/2024 21:51,23.22,0.66,5.41,30.84,Afternoon,Saturday,17.51,97.24,214.2,22.91,0,Level 1,Long-Distance Traveler
User_718,Nissan Leaf,50,Station_197,Houston,01/30/2024 21:00,01/30/2024 23:01,21.31,3.74,28.04,39.93,Night,Tuesday,78.3,91.72,198.73,-5.47,1,DC Fast Charger,Casual Driver
User_719,Nissan Leaf,50,Station_482,New York,01/30/2024 22:00,01/30/2024 22:52,77.46,3.01,47.33,38.26,Afternoon,Sunday,63.57,68.75,273.7,-3.04,1,DC Fast Charger,Long-Distance Traveler
User_720,Nissan Leaf,62,Station_366,New York,01/30/2024 23:00,01/31/2024 2:55,32.25,3.65,71.62,35.48,Evening,Friday,45.41,78.64,25.06,-1.93,4,Level 2,Commuter
User_721,Chevy Bolt,50,Station_226,San Francisco,01/31/2024 0:00,01/31/2024 2:03,17.93,2.96,35.14,11.48,Night,Saturday,87.37,77.09,219.14,-7.57,2,Level 2,Casual Driver
User_722,Chevy Bolt,100,Station_333,New York,01/31/2024 1:00,01/31/2024 2:14,77.3,0.68,5.97,8.43,Afternoon,Tuesday,52.9,74.05,86.46,-8.89,5,DC Fast Charger,Long-Distance Traveler
User_723,Nissan Leaf,75,Station_103,Los Angeles,01/31/2024 2:00,01/31/2024 3:31,26.49,2.12,7.15,27.97,Evening,Monday,55.39,56.75,261.41,19.68,5,Level 1,Long-Distance Traveler
User_724,BMW i3,50,Station_106,Houston,01/31/2024 3:00,01/31/2024 6:56,55.3,2.54,37.35,24.08,Morning,Thursday,71.92,88.38,106.94,30.19,1,Level 2,Commuter
User_725,Tesla Model 3,100,Station_365,Chicago,01/31/2024 4:00,01/31/2024 7:48,10.19,2.19,14.44,29.62,Evening,Saturday,14.18,71.75,298.97,-5.39,3,DC Fast Charger,Long-Distance Traveler
User_726,Tesla Model 3,42.22,Station_368,San Francisco,01/31/2024 5:00,01/31/2024 5:44,62.63,1.31,37.57,18.48,Evening,Monday,69.88,89.71,38.61,1.2,1,Level 1,Commuter
User_727,BMW i3,7.71,Station_58,Houston,01/31/2024 6:00,01/31/2024 7:15,36.23,1.89,11.09,31.09,Evening,Monday,43.36,91.94,144.45,17.4,1,Level 2,Casual Driver
User_728,Nissan Leaf,62,Station_78,Houston,01/31/2024 7:00,01/31/2024 8:33,12.35,1.5,44.05,24.31,Night,Wednesday,47.07,68.83,,15.01,4,DC Fast Charger,Long-Distance Traveler
User_729,Chevy Bolt,75,Station_75,Los Angeles,01/31/2024 8:00,01/31/2024 11:23,28.25,2.57,26.64,16.52,Morning,Monday,53.82,67.23,149,16.69,6,Level 1,Casual Driver
User_730,Tesla Model 3,62,Station_42,New York,01/31/2024 9:00,01/31/2024 12:33,53.19,1.9,4.88,36.93,Night,Sunday,59.1,95.23,166.98,37.4,7,Level 1,Casual Driver
User_731,Hyundai Kona,62,Station_422,Los Angeles,01/31/2024 10:00,01/31/2024 13:21,63.97,1.98,41.35,10.34,Morning,Saturday,54.84,99.13,90.79,9.19,0.69,DC Fast Charger,Commuter
User_732,Hyundai Kona,75,Station_324,New York,01/31/2024 11:00,01/31/2024 12:44,48.66,1.76,36.32,15.4,Afternoon,Thursday,49.28,91.75,178.12,21.01,0,Level 1,Long-Distance Traveler
User_733,BMW i3,75,Station_181,New York,01/31/2024 12:00,01/31/2024 15:06,51.16,1.92,14.9,35.91,Afternoon,Friday,40.36,79.6,258.29,31.56,11.69,DC Fast Charger,Casual Driver
User_734,Nissan Leaf,75,Station_33,Houston,01/31/2024 13:00,01/31/2024 16:39,68.24,3.38,49.36,33.36,Evening,Wednesday,57.91,88.31,276.39,14.83,2,Level 1,Long-Distance Traveler
User_735,Tesla Model 3,62,Station_71,New York,01/31/2024 14:00,01/31/2024 15:21,70.38,1.05,20.62,25.44,Evening,Monday,32.46,75.46,302.85,-6.5,6,DC Fast Charger,Long-Distance Traveler
User_736,Nissan Leaf,75,Station_56,San Francisco,01/31/2024 15:00,01/31/2024 18:31,56.55,2.62,4.34,38.85,Night,Saturday,29.26,88.25,12.02,10.51,6,Level 2,Long-Distance Traveler
User_737,Tesla Model 3,85,Station_105,San Francisco,01/31/2024 16:00,01/31/2024 17:57,16.83,2.74,14.51,11.58,Morning,Sunday,30.62,82.46,199.3,25.96,6,Level 1,Long-Distance Traveler
User_738,BMW i3,62,Station_200,San Francisco,01/31/2024 17:00,01/31/2024 18:26,76.47,3.68,,37.06,Morning,Sunday,72.55,51.92,270.49,38.65,6,DC Fast Charger,Casual Driver
User_739,BMW i3,100,Station_101,Houston,01/31/2024 18:00,01/31/2024 19:52,6.07,3.6,46.62,16.18,Morning,Sunday,19.65,71.19,92.4,27.29,3.7,DC Fast Charger,Long-Distance Traveler
User_740,Hyundai Kona,62,Station_256,Los Angeles,01/31/2024 19:00,01/31/2024 20:35,10.14,1.58,36.08,26.55,Evening,Tuesday,34.89,99.87,217.6,40.82,1,Level 1,Commuter
User_741,Nissan Leaf,75,Station_307,Chicago,01/31/2024 20:00,01/31/2024 22:59,62.54,3.11,24.19,21.66,Evening,Wednesday,14.82,69.84,257.31,19.15,5,Level 2,Commuter
User_742,Hyundai Kona,62,Station_74,New York,01/31/2024 21:00,01/31/2024 21:49,,2.37,31.71,18.1,Morning,Thursday,81,84.05,158.36,36.39,6,DC Fast Charger,Long-Distance Traveler
User_743,Nissan Leaf,37.33,Station_171,Chicago,01/31/2024 22:00,01/31/2024 23:02,16.5,1.81,9.55,12.19,Evening,Tuesday,50.53,93.95,225.26,31.8,0,Level 2,Long-Distance Traveler
User_744,Hyundai Kona,94.2,Station_377,Los Angeles,01/31/2024 23:00,02/01/2024 0:41,9.13,0.99,,8.66,Morning,Thursday,54.35,51.27,191.15,6.72,2,Level 1,Commuter
User_745,Chevy Bolt,50,Station_143,Los Angeles,02/01/2024 0:00,02/01/2024 0:54,44,3.56,30.24,24.31,Night,Tuesday,89.63,67.71,138.77,-6.94,0,Level 2,Long-Distance Traveler
User_746,Chevy Bolt,62,Station_166,Houston,02/01/2024 1:00,02/01/2024 2:15,41.77,4.59,21.83,36.7,Afternoon,Friday,42.36,51.49,14.59,38.81,6,Level 1,Casual Driver
User_747,Chevy Bolt,100,Station_399,San Francisco,02/01/2024 2:00,02/01/2024 3:42,6.7,2.13,4.05,34.46,Morning,Thursday,82.33,7.6,104.72,1.63,5,DC Fast Charger,Long-Distance Traveler
User_748,Chevy Bolt,62,Station_261,San Francisco,02/01/2024 3:00,02/01/2024 5:07,69.44,3.66,16.61,12.61,Evening,Tuesday,22.71,50.8,266.83,9.99,5,Level 2,Long-Distance Traveler
User_749,Tesla Model 3,75,Station_221,Los Angeles,02/01/2024 4:00,02/01/2024 5:26,38.71,2.97,14.53,14.36,Night,Sunday,28.63,61.66,260.49,-6.36,5,Level 1,Casual Driver
User_750,Chevy Bolt,81.37,Station_83,Houston,02/01/2024 5:00,02/01/2024 6:56,57.98,2.86,6.5,14.34,Evening,Thursday,58.31,63.87,114.88,7.64,5,DC Fast Charger,Long-Distance Traveler
User_751,BMW i3,75,Station_182,Houston,02/01/2024 6:00,02/01/2024 8:42,74.11,2.22,45.7,14.76,Evening,Wednesday,72.9,51.69,177.21,3.26,3,Level 2,Casual Driver
User_752,BMW i3,100,Station_307,New York,02/01/2024 7:00,02/01/2024 8:24,40.32,1.74,11.77,15.1,Evening,Thursday,31.09,86.58,99.19,0.53,7,Level 1,Casual Driver
User_753,Tesla Model 3,50,Station_10,San Francisco,02/01/2024 8:00,02/01/2024 9:30,47.2,2.86,44.34,27.39,Morning,Saturday,65.48,84.23,86.61,4.25,6,Level 2,Commuter
User_754,Chevy Bolt,100,Station_396,Los Angeles,02/01/2024 9:00,02/01/2024 10:58,22.52,3.56,35.15,11.22,Night,Thursday,40.14,59.07,80.16,16.34,6,DC Fast Charger,Commuter
User_755,Chevy Bolt,62,Station_4,Chicago,02/01/2024 10:00,02/01/2024 10:37,68.26,2.41,33.64,17.03,Morning,Tuesday,46.38,88.39,,-9.54,7,DC Fast Charger,Long-Distance Traveler
User_756,Chevy Bolt,50,Station_351,San Francisco,02/01/2024 11:00,02/01/2024 11:45,73.51,1.84,30.93,31.85,Afternoon,Thursday,60.77,63.57,246.29,2.32,2,Level 1,Commuter
User_757,Hyundai Kona,75,Station_402,New York,02/01/2024 12:00,02/01/2024 15:25,73.87,1.2,26.09,5.64,Morning,Friday,80.7,88.21,180.45,21.29,4,Level 2,Long-Distance Traveler
User_758,Nissan Leaf,50,Station_336,Houston,02/01/2024 13:00,02/01/2024 15:25,64.38,2.31,15.26,8.81,Afternoon,Monday,15.59,98.81,199.76,25.41,3,Level 2,Long-Distance Traveler
User_759,Hyundai Kona,50,Station_488,Los Angeles,02/01/2024 14:00,02/01/2024 15:30,12.01,0.75,47.9,35.09,Night,Wednesday,41.66,83.16,133.45,23.95,5,DC Fast Charger,Commuter
User_760,Nissan Leaf,29.59,Station_292,San Francisco,02/01/2024 15:00,02/01/2024 15:44,36.23,3.99,27.2,21.93,Night,Saturday,80.58,91.08,34.04,23.33,3,Level 2,Commuter
User_761,Chevy Bolt,100,Station_281,Chicago,02/01/2024 16:00,02/01/2024 19:42,28.85,3.29,11.03,10.43,Morning,Sunday,41.59,90,298.63,-0.46,4,Level 2,Long-Distance Traveler
User_762,Chevy Bolt,85,Station_215,New York,02/01/2024 17:00,02/01/2024 19:59,76.58,2.68,41.12,21.32,Morning,Tuesday,31.36,93.56,233.21,14.09,1,Level 2,Long-Distance Traveler
User_763,Hyundai Kona,50,Station_460,New York,02/01/2024 18:00,02/01/2024 20:40,74.13,2.19,47.82,11.35,Evening,Sunday,71.9,99.36,151.07,18.24,6,Level 1,Long-Distance Traveler
User_764,Hyundai Kona,100,Station_98,San Francisco,02/01/2024 19:00,02/01/2024 21:11,73.81,2.37,10.58,5.31,Afternoon,Sunday,53.17,92.16,126.4,25.04,4,DC Fast Charger,Casual Driver
User_765,Nissan Leaf,50,Station_420,Chicago,02/01/2024 20:00,02/01/2024 21:23,35.03,1.74,22.03,28.81,Evening,Thursday,26.28,59.2,208.48,-8.71,2,Level 1,Long-Distance Traveler
User_766,BMW i3,62,Station_101,New York,02/01/2024 21:00,02/01/2024 21:43,,2.2,10.6,15.11,Evening,Thursday,64.48,60.64,172.64,39.37,7,DC Fast Charger,Long-Distance Traveler
User_767,Nissan Leaf,85,Station_451,Los Angeles,02/01/2024 22:00,02/01/2024 23:05,35.9,1.77,12.51,20.25,Night,Thursday,16.49,53.08,150.28,15.06,4,Level 1,Long-Distance Traveler
User_768,Hyundai Kona,62,Station_9,New York,02/01/2024 23:00,02/02/2024 2:59,48.33,2.15,14.81,15.3,Morning,Wednesday,56.27,65.99,229.18,18.03,4,Level 1,Commuter
User_769,Hyundai Kona,75,Station_61,Chicago,02/02/2024 0:00,02/02/2024 2:14,53.71,1.69,23.73,30.14,Night,Saturday,15.9,58.17,,-6.37,7,Level 1,Commuter
User_770,Tesla Model 3,75,Station_309,Houston,02/02/2024 1:00,02/02/2024 2:51,15.56,0.76,44.45,28.84,Morning,Monday,83.2,61.22,243.83,25.9,1,Level 2,Casual Driver
User_771,Hyundai Kona,50,Station_146,Houston,02/02/2024 2:00,02/02/2024 3:36,40.74,2.53,9.87,36.57,Night,Friday,33.93,67.7,119.1,13.55,0,DC Fast Charger,Long-Distance Traveler
User_772,Tesla Model 3,62,Station_427,San Francisco,02/02/2024 3:00,02/02/2024 3:39,11.58,3.62,9.63,5.78,Night,Saturday,26.11,71.4,157.61,36.04,1,Level 1,Long-Distance Traveler
User_773,BMW i3,75,Station_419,Chicago,02/02/2024 4:00,02/02/2024 5:18,39.68,6.76,43.12,15.3,Night,Friday,71.93,57.05,14.59,-8.63,2,Level 2,Long-Distance Traveler
User_774,Nissan Leaf,100,Station_63,New York,02/02/2024 5:00,02/02/2024 7:20,5.76,1.59,10.88,25.17,Afternoon,Sunday,65.91,52.24,18.71,11.11,3,Level 1,Long-Distance Traveler
User_775,Nissan Leaf,50,Station_121,New York,02/02/2024 6:00,02/02/2024 7:34,54.49,1.61,,11.3,Night,Saturday,67.91,54.64,71.13,4.67,1,Level 2,Long-Distance Traveler
User_776,Tesla Model 3,62,Station_226,Houston,02/02/2024 7:00,02/02/2024 8:26,20.52,3.65,27.17,13.37,Afternoon,Tuesday,83.59,159.99,286.44,22.48,5,Level 1,Long-Distance Traveler
User_777,Nissan Leaf,62,Station_105,Houston,02/02/2024 8:00,02/02/2024 8:56,13.59,3.52,40.81,37.9,Night,Monday,67.8,58.53,103.52,4.53,7,DC Fast Charger,Commuter
User_778,Hyundai Kona,50,Station_462,Los Angeles,02/02/2024 9:00,02/02/2024 12:52,19.98,2.29,35.9,22.64,Morning,Monday,73.29,58.58,299.46,14.43,2,DC Fast Charger,Casual Driver
User_779,Chevy Bolt,50,Station_260,Houston,02/02/2024 10:00,02/02/2024 12:22,73.37,3.02,45.51,11.87,Afternoon,Wednesday,62.53,62.34,180.45,7.72,4,Level 1,Commuter
User_780,Tesla Model 3,75,Station_349,Los Angeles,02/02/2024 11:00,02/02/2024 13:42,75.62,3.74,37.18,17.8,Morning,Saturday,87.25,76.17,75.65,6.21,6,Level 1,Commuter
User_781,Nissan Leaf,64.77,Station_425,New York,02/02/2024 12:00,02/02/2024 13:40,15.57,1.22,49.64,18.55,Morning,Thursday,54.12,58.53,31.6,35.7,6,Level 1,Commuter
User_782,Tesla Model 3,50,Station_255,Los Angeles,02/02/2024 13:00,02/02/2024 14:52,36.63,0.97,17.5,31.16,Morning,Monday,35.98,56.84,59.1,-1.76,5,Level 1,Casual Driver
User_783,Tesla Model 3,50,Station_429,Los Angeles,02/02/2024 14:00,02/02/2024 15:26,6.31,2.8,21.85,23.88,Afternoon,Saturday,89.79,83.85,179.09,10.36,2,Level 2,Long-Distance Traveler
User_784,Chevy Bolt,50,Station_434,San Francisco,02/02/2024 15:00,02/02/2024 17:29,52.18,2.88,37.91,13,Evening,Thursday,12.06,75.36,259.57,-2.66,3,DC Fast Charger,Casual Driver
User_785,Hyundai Kona,75,Station_207,Houston,02/02/2024 16:00,02/02/2024 18:02,,1.77,29.84,36.89,Afternoon,Wednesday,41.5,54.94,38.02,5.46,6,Level 2,Commuter
User_786,Tesla Model 3,61.46,Station_28,Los Angeles,02/02/2024 17:00,02/02/2024 17:44,17.22,0.96,47.75,15.18,Evening,Sunday,53.67,76.2,20.49,20.02,1,DC Fast Charger,Commuter
User_787,Nissan Leaf,50,Station_170,New York,02/02/2024 18:00,02/02/2024 20:20,48.15,2.87,15.52,31.84,Afternoon,Sunday,16.54,99.98,33.09,32.23,0,Level 1,Commuter
User_788,BMW i3,62,Station_336,Chicago,02/02/2024 19:00,02/02/2024 21:10,25.12,1.01,32.09,14.44,Night,Saturday,58.39,93.65,272.29,-6.05,3,DC Fast Charger,Commuter
User_789,Tesla Model 3,85,Station_76,Los Angeles,02/02/2024 20:00,02/02/2024 22:28,67.9,0.84,41.07,25.57,Evening,Saturday,45.58,87.8,120.37,25.59,1,Level 1,Long-Distance Traveler
User_790,Tesla Model 3,85,Station_116,Houston,02/02/2024 21:00,02/02/2024 22:45,43.25,3.21,19.28,13.37,Night,Tuesday,16.43,85.24,156.2,27.82,1,Level 1,Commuter
User_791,Chevy Bolt,62,Station_69,San Francisco,02/02/2024 22:00,02/03/2024 1:07,62.62,1.82,19.79,16.79,Evening,Saturday,84.03,92.44,209.63,21.45,3,Level 2,Commuter
User_792,Hyundai Kona,85,Station_354,New York,02/02/2024 23:00,02/02/2024 23:49,43.83,3.13,41.84,58.75,Afternoon,Tuesday,37.69,77.13,29.94,33.55,7,DC Fast Charger,Long-Distance Traveler
User_793,BMW i3,100,Station_234,San Francisco,02/03/2024 0:00,02/03/2024 3:14,31.19,1.86,11.58,17.26,Afternoon,Thursday,69.86,23.55,18.85,28.33,6,Level 2,Commuter
User_794,Nissan Leaf,75,Station_1,Chicago,02/03/2024 1:00,02/03/2024 3:40,74.83,1.4,43.13,26.22,Evening,Sunday,23.73,53.81,238.74,30.96,3.04,Level 2,Long-Distance Traveler
User_795,BMW i3,85,Station_167,Los Angeles,02/03/2024 2:00,02/03/2024 3:42,,1.68,9.43,22.95,Night,Thursday,15,66.92,0.86,25.36,7,Level 2,Casual Driver
User_796,Nissan Leaf,75,Station_352,Los Angeles,02/03/2024 3:00,02/03/2024 5:31,78.9,1.23,30.75,7.26,Morning,Sunday,62.09,80.77,73.61,16.52,4,Level 2,Long-Distance Traveler
User_797,Hyundai Kona,62,Station_218,Houston,02/03/2024 4:00,02/03/2024 5:10,10.24,1.39,29.22,34.65,Evening,Sunday,14.96,70.51,295.92,18.15,3,DC Fast Charger,Commuter
User_798,Nissan Leaf,85,Station_273,Los Angeles,02/03/2024 5:00,02/03/2024 8:16,5.14,2,9.23,21.49,Evening,Monday,83.67,80.52,66.52,8.64,0,DC Fast Charger,Long-Distance Traveler
User_799,Chevy Bolt,50,Station_368,New York,02/03/2024 6:00,02/03/2024 9:03,59.92,3.75,30.43,14.12,Night,Wednesday,41.64,95.01,239.16,7.18,7,Level 2,Commuter
User_800,Chevy Bolt,62,Station_251,Chicago,02/03/2024 7:00,02/03/2024 9:39,8.35,3.43,34.72,35.66,Morning,Tuesday,13.14,97.26,42.55,2.82,7,DC Fast Charger,Commuter
User_801,Chevy Bolt,58.37,Station_347,San Francisco,02/03/2024 8:00,02/03/2024 8:52,40.76,0.94,41.33,24.91,Evening,Sunday,57.81,87.27,196.51,35.55,3,Level 1,Casual Driver
User_802,Chevy Bolt,85,Station_344,Chicago,02/03/2024 9:00,02/03/2024 9:52,18.89,1.42,17.01,28.24,Morning,Monday,54.31,57.66,73.26,32.95,2,DC Fast Charger,Commuter
User_803,BMW i3,50,Station_419,Los Angeles,02/03/2024 10:00,02/03/2024 12:53,42.8,2.34,33.79,12.78,Morning,Friday,67.95,57.87,17.76,12.92,3,Level 2,Commuter
User_804,Hyundai Kona,62,Station_174,San Francisco,02/03/2024 11:00,02/03/2024 11:38,12.81,2.59,27.38,29.64,Afternoon,Monday,66.46,68.41,251.17,22.61,1,Level 1,Commuter
User_805,Nissan Leaf,75,Station_170,Houston,02/03/2024 12:00,02/03/2024 12:42,8.92,1.56,16.24,8.64,Night,Thursday,16.99,55.83,15.21,9.11,1.21,Level 1,Long-Distance Traveler
User_806,Nissan Leaf,62,Station_246,Chicago,02/03/2024 13:00,02/03/2024 16:05,0.12,1.46,45.58,37.71,Evening,Friday,86.31,77.2,66.36,30.19,2,Level 1,Commuter
User_807,Chevy Bolt,62,Station_423,San Francisco,02/03/2024 14:00,02/03/2024 17:04,10.91,1.98,20.99,15.14,Evening,Monday,85.05,65.39,256.6,31.63,5,Level 1,Commuter
User_808,Chevy Bolt,75,Station_90,San Francisco,02/03/2024 15:00,02/03/2024 16:20,7.86,3.36,4.83,36.51,Morning,Saturday,81.87,96.13,284.65,23.7,0,Level 1,Commuter
User_809,Tesla Model 3,75,Station_49,San Francisco,02/03/2024 16:00,02/03/2024 17:33,70.17,3.83,12.96,13.92,Evening,Wednesday,11.95,52.68,155.73,1.5,3.29,Level 2,Casual Driver
User_810,Hyundai Kona,62,Station_446,New York,02/03/2024 17:00,02/03/2024 18:21,15.19,2.73,13.08,26.15,Morning,Tuesday,11.88,59.53,252.85,37,2,Level 2,Casual Driver
User_811,BMW i3,85,Station_294,Chicago,02/03/2024 18:00,02/03/2024 21:58,77.86,0.71,30.14,37.13,Evening,Saturday,63.1,66.61,20.66,0.79,0,Level 1,Long-Distance Traveler
User_812,Nissan Leaf,62,Station_407,San Francisco,02/03/2024 19:00,02/03/2024 20:07,37.19,1.23,3.86,17.77,Night,Friday,49.07,85.1,269.15,19.86,0.09,Level 2,Casual Driver
User_813,Tesla Model 3,62,Station_150,Chicago,02/03/2024 20:00,02/03/2024 22:09,25.71,2.31,32.62,29.45,Evening,Sunday,37.09,84.74,190.28,8.01,5,DC Fast Charger,Casual Driver
User_814,Tesla Model 3,50,Station_132,San Francisco,02/03/2024 21:00,02/04/2024 0:42,9.09,2.01,14.09,16.95,Morning,Wednesday,50.01,64.81,278.43,-8.98,5,Level 2,Long-Distance Traveler
User_815,Nissan Leaf,75,Station_433,Houston,02/03/2024 22:00,02/04/2024 0:55,27,3.44,46.41,38.53,Morning,Sunday,88.18,61.44,298.87,8.77,2,DC Fast Charger,Casual Driver
User_816,BMW i3,50,Station_59,Houston,02/03/2024 23:00,02/04/2024 2:40,6.66,4.11,10.89,30.9,Evening,Monday,83.28,65.01,,20.52,6,Level 2,Commuter
User_817,Tesla Model 3,100,Station_457,Houston,02/04/2024 0:00,02/04/2024 1:20,53.65,3.41,47.29,14.67,Evening,Saturday,21.46,98.16,292.87,12.03,2,DC Fast Charger,Commuter
User_818,Tesla Model 3,85,Station_324,Los Angeles,02/04/2024 1:00,02/04/2024 3:46,40.66,3.38,49.92,38.45,Morning,Thursday,73.71,55.68,189.6,8.45,0,DC Fast Charger,Commuter
User_819,Hyundai Kona,100,Station_199,San Francisco,02/04/2024 2:00,02/04/2024 4:50,71.16,1.2,44.74,23.7,Afternoon,Thursday,48.96,92.57,287.06,3.71,3.73,Level 1,Casual Driver
User_820,BMW i3,85,Station_215,Los Angeles,02/04/2024 3:00,02/04/2024 6:17,16.11,1.06,22.46,25.8,Afternoon,Wednesday,67.72,53.72,75.5,-7.66,4,Level 2,Long-Distance Traveler
User_821,Tesla Model 3,47.6,Station_386,Chicago,02/04/2024 4:00,02/04/2024 5:24,58.91,2.28,23.38,9.75,Evening,Thursday,30.45,52.12,138.88,-8.6,1,Level 1,Casual Driver
User_822,BMW i3,100,Station_49,Los Angeles,02/04/2024 5:00,02/04/2024 7:18,8.75,3.14,11.6,5.04,Night,Tuesday,53.36,91.29,49.68,4.85,0,DC Fast Charger,Long-Distance Traveler
User_823,Nissan Leaf,100,Station_472,Chicago,02/04/2024 6:00,02/04/2024 9:56,31.89,1.39,39.84,21.15,Evening,Sunday,23.17,56.49,124.72,15.85,4,Level 2,Commuter
User_824,Chevy Bolt,50,Station_232,Chicago,02/04/2024 7:00,02/04/2024 10:20,64.04,0.53,46.35,38.26,Night,Wednesday,10.96,99.44,200.64,29.88,0,Level 2,Long-Distance Traveler
User_825,Tesla Model 3,100,Station_247,Chicago,02/04/2024 8:00,02/04/2024 9:13,56.05,2.49,19.01,13.47,Evening,Wednesday,37.92,97.56,,12.44,7,Level 1,Commuter
User_826,Hyundai Kona,62,Station_382,Los Angeles,02/04/2024 9:00,02/04/2024 11:19,10.32,2.35,18.57,25.09,Morning,Thursday,86.6,83.45,87.14,33.27,3,Level 2,Casual Driver
User_827,Nissan Leaf,100,Station_479,San Francisco,02/04/2024 10:00,02/04/2024 13:45,72.8,3.68,15.44,19.06,Evening,Wednesday,85.32,90.17,172.53,24.18,5,Level 2,Casual Driver
User_828,BMW i3,85,Station_239,Los Angeles,02/04/2024 11:00,02/04/2024 14:10,67.89,1.95,30.13,9.41,Night,Monday,32.61,58.44,249.54,16.01,3,Level 2,Long-Distance Traveler
User_829,Nissan Leaf,75,Station_415,San Francisco,02/04/2024 12:00,02/04/2024 15:01,41.25,2.83,32.95,34.56,Night,Friday,18.35,50.6,154.35,3.22,5,DC Fast Charger,Casual Driver
User_830,Tesla Model 3,100,Station_367,San Francisco,02/04/2024 13:00,02/04/2024 16:13,35.02,0.92,32.09,8.52,Evening,Saturday,15.99,91.81,120.73,14.62,4.79,Level 1,Long-Distance Traveler
User_831,BMW i3,100,Station_168,Chicago,02/04/2024 14:00,02/04/2024 16:37,54.91,2.04,7.6,32.22,Evening,Friday,40.23,86.3,57.95,2.77,1,DC Fast Charger,Casual Driver
User_832,Chevy Bolt,75,Station_48,Los Angeles,02/04/2024 15:00,02/04/2024 17:14,51.02,3.03,45.8,39.13,Afternoon,Sunday,50.76,61.77,270.62,11.01,1,Level 1,Casual Driver
User_833,Nissan Leaf,12.03,Station_51,San Francisco,02/04/2024 16:00,02/04/2024 16:39,62.63,0.67,9.04,17.68,Evening,Saturday,14.34,94.94,288.55,47.32,0,DC Fast Charger,Casual Driver
User_834,Tesla Model 3,105.29,Station_299,Houston,02/04/2024 17:00,02/04/2024 19:09,,1.85,8.13,37.22,Evening,Thursday,45.28,15.72,276.56,-0.27,6,DC Fast Charger,Long-Distance Traveler
User_835,Hyundai Kona,62,Station_98,San Francisco,02/04/2024 18:00,02/04/2024 20:57,42.22,2.32,35.75,22.33,Morning,Tuesday,79.82,51.08,258.22,18.58,1,DC Fast Charger,Long-Distance Traveler
User_836,BMW i3,140.76,Station_439,Houston,02/04/2024 19:00,02/04/2024 21:18,60.08,2.08,46.15,17.11,Night,Tuesday,37.69,93.8,221.9,-10.72,6,DC Fast Charger,Long-Distance Traveler
User_837,Nissan Leaf,100,Station_216,Los Angeles,02/04/2024 20:00,02/04/2024 22:17,47.2,4.15,43.11,28.56,Afternoon,Thursday,36.35,90.26,85.6,37.58,5,Level 1,Casual Driver
User_838,Nissan Leaf,50,Station_177,Los Angeles,02/04/2024 21:00,02/05/2024 0:52,58.56,2.34,18.58,9.84,Morning,Sunday,52.13,62.52,70.4,-2.28,7,Level 2,Commuter
User_839,Chevy Bolt,75,Station_380,Los Angeles,02/04/2024 22:00,02/05/2024 0:49,18.53,2.34,6.35,18.27,Evening,Thursday,49.89,52.11,187.58,38.79,1,Level 1,Long-Distance Traveler
User_840,Chevy Bolt,75,Station_474,San Francisco,02/04/2024 23:00,02/05/2024 2:39,20.03,1.83,41.62,28.41,Night,Wednesday,20.45,35.97,190.8,25.26,4,Level 2,Commuter
User_841,Hyundai Kona,75,Station_80,New York,02/05/2024 0:00,02/05/2024 2:55,61.12,0.86,,29.08,Evening,Tuesday,68.06,73.87,95.81,1.52,7,Level 1,Long-Distance Traveler
User_842,Hyundai Kona,100,Station_185,San Francisco,02/05/2024 1:00,02/05/2024 3:03,48,2.69,39.15,10.68,Evening,Friday,54.79,78.98,292.7,17.59,2,Level 1,Long-Distance Traveler
User_843,Tesla Model 3,100,Station_367,San Francisco,02/05/2024 2:00,02/05/2024 3:32,60.7,3.07,8.36,38.67,Evening,Thursday,51.67,69.69,156.64,50.54,6,Level 1,Commuter
User_844,Tesla Model 3,50,Station_461,Chicago,02/05/2024 3:00,02/05/2024 4:53,35.84,0.58,8.06,9.08,Evening,Sunday,22.81,94.52,219.1,-9.08,6.81,Level 1,Commuter
User_845,Hyundai Kona,75,Station_399,Chicago,02/05/2024 4:00,02/05/2024 4:54,77.26,2.94,,28.1,Night,Sunday,52.2,54.65,128.63,18.92,1,DC Fast Charger,Casual Driver
User_846,Hyundai Kona,75,Station_27,San Francisco,02/05/2024 5:00,02/05/2024 5:41,44.88,1.68,9.77,9.1,Morning,Friday,62.89,65.65,245.36,22.97,4.06,Level 1,Commuter
User_847,BMW i3,75,Station_452,Houston,02/05/2024 6:00,02/05/2024 8:58,61.57,3.71,41.32,8.42,Evening,Saturday,17.25,58.88,279.52,-2.21,1,Level 1,Long-Distance Traveler
User_848,Chevy Bolt,50,Station_464,Chicago,02/05/2024 7:00,02/05/2024 7:54,24.8,3.82,36.22,14.31,Evening,Friday,20.94,31.8,51.64,23.35,7,Level 2,Commuter
User_849,Tesla Model 3,62,Station_448,San Francisco,02/05/2024 8:00,02/05/2024 8:40,73.08,5.95,8.46,37.45,Afternoon,Sunday,36.79,95.09,228.32,-0.41,2,DC Fast Charger,Commuter
User_850,Chevy Bolt,85,Station_478,New York,02/05/2024 9:00,02/05/2024 10:33,6.54,1.71,13.42,14,Afternoon,Tuesday,61.58,77.78,,36.79,2,DC Fast Charger,Commuter
User_851,Chevy Bolt,62,Station_492,Houston,02/05/2024 10:00,02/05/2024 13:50,22.57,2.96,25.29,22.22,Night,Saturday,51.55,74.14,49.08,24.41,0,Level 1,Commuter
User_852,Hyundai Kona,96.61,Station_414,Los Angeles,02/05/2024 11:00,02/05/2024 13:35,56.52,3,47.83,38.13,Evening,Friday,58.11,83.74,31.2,69.49,0,Level 1,Casual Driver
User_853,BMW i3,75,Station_420,San Francisco,02/05/2024 12:00,02/05/2024 13:19,,3.1,5.17,14.67,Evening,Wednesday,13.24,59.17,280.32,17.79,1,DC Fast Charger,Long-Distance Traveler
User_854,Nissan Leaf,85,Station_195,San Francisco,02/05/2024 13:00,02/05/2024 16:39,76.45,2.27,20.55,11.35,Evening,Wednesday,18.76,62.33,42.62,32.61,3,DC Fast Charger,Long-Distance Traveler
User_855,BMW i3,62,Station_214,Houston,02/05/2024 14:00,02/05/2024 15:58,51.49,3.91,35.22,21.38,Night,Tuesday,62.12,81.29,32.48,-4.12,5,Level 1,Long-Distance Traveler
User_856,BMW i3,100,Station_369,Chicago,02/05/2024 15:00,02/05/2024 17:08,55.78,1.28,5.59,8.05,Night,Wednesday,50.34,86.23,50.91,15.81,1,Level 1,Casual Driver
User_857,Chevy Bolt,62,Station_342,Chicago,02/05/2024 16:00,02/05/2024 18:25,67.78,5.21,9.8,38,Evening,Thursday,79.17,75.99,28.58,-10.66,2,Level 1,Commuter
User_858,BMW i3,73.85,Station_114,Chicago,02/05/2024 17:00,02/05/2024 19:05,37.06,1.68,7.32,38.65,Evening,Saturday,34.22,63.35,23.62,5.66,7,Level 2,Long-Distance Traveler
User_859,Tesla Model 3,50,Station_242,Los Angeles,02/05/2024 18:00,02/05/2024 21:26,40.27,2.78,7.68,14.4,Night,Tuesday,25.04,19.57,202.21,7.7,3,DC Fast Charger,Long-Distance Traveler
User_860,Chevy Bolt,75,Station_124,Houston,02/05/2024 19:00,02/05/2024 19:43,44.77,0.64,20.59,29.61,Evening,Saturday,64.11,90.55,168.53,24.26,2,Level 2,Commuter
User_861,Tesla Model 3,75,Station_305,Houston,02/05/2024 20:00,02/05/2024 20:30,38.21,1.89,35.89,22.23,Morning,Sunday,88.26,73.26,239.29,3.06,6,DC Fast Charger,Long-Distance Traveler
User_862,Nissan Leaf,53.97,Station_76,Chicago,02/05/2024 21:00,02/06/2024 0:58,65.12,2.43,12.31,14.96,Morning,Friday,10.43,107.09,256.21,16.4,7,DC Fast Charger,Commuter
User_863,Chevy Bolt,50,Station_311,Chicago,02/05/2024 22:00,02/05/2024 22:54,64,3.45,30.23,29.53,Night,Thursday,25.46,89.74,220.64,38.35,0,DC Fast Charger,Casual Driver
User_864,Nissan Leaf,85,Station_469,New York,02/05/2024 23:00,02/06/2024 2:36,5.01,1.01,46.88,24.11,Morning,Tuesday,12.62,93.11,139.94,1.6,1,DC Fast Charger,Long-Distance Traveler
User_865,Chevy Bolt,85,Station_312,New York,02/06/2024 0:00,02/06/2024 1:41,49.98,1.44,,34.37,Afternoon,Friday,60.08,76.74,,2.01,3,DC Fast Charger,Long-Distance Traveler
User_866,Hyundai Kona,100,Station_196,San Francisco,02/06/2024 1:00,02/06/2024 2:38,,0.6,,21.59,Evening,Friday,56.46,119.98,110.22,4.14,0,Level 1,Commuter
User_867,BMW i3,62,Station_351,San Francisco,02/06/2024 2:00,02/06/2024 4:42,74.94,1.5,14.43,38.3,Afternoon,Friday,58.89,55.66,22,27.28,4,Level 2,Casual Driver
User_868,Hyundai Kona,75,Station_44,Houston,02/06/2024 3:00,02/06/2024 5:14,40.26,1.44,17.95,18.66,Afternoon,Friday,28.84,85.28,61.05,31.6,6,Level 2,Long-Distance Traveler
User_869,Nissan Leaf,62,Station_415,Houston,02/06/2024 4:00,02/06/2024 6:56,51.2,1.45,45.19,39.2,Afternoon,Friday,75.56,56.57,129.49,15.65,0,DC Fast Charger,Commuter
User_870,BMW i3,85,Station_186,Los Angeles,02/06/2024 5:00,02/06/2024 5:52,54.88,3.04,15.01,31.99,Morning,Tuesday,88.51,94.47,139.54,2.59,5,Level 2,Casual Driver
User_871,Chevy Bolt,85,Station_343,Los Angeles,02/06/2024 6:00,02/06/2024 6:38,50.62,3.76,34.85,28.05,Evening,Wednesday,21.38,58.17,,-7.01,0,Level 2,Commuter
User_872,BMW i3,100,Station_246,New York,02/06/2024 7:00,02/06/2024 9:27,55.66,1.68,30.4,31.64,Evening,Friday,11.01,59.82,179.43,16.05,2,Level 1,Long-Distance Traveler
User_873,Tesla Model 3,85,Station_437,San Francisco,02/06/2024 8:00,02/06/2024 10:03,48.76,2.52,34.48,11.65,Night,Sunday,18.66,51.65,182.12,30.58,5,DC Fast Charger,Long-Distance Traveler
User_874,BMW i3,85,Station_84,New York,02/06/2024 9:00,02/06/2024 12:27,72.96,2.92,29.99,20.52,Afternoon,Sunday,40.21,62.27,256.27,12.99,3,Level 1,Long-Distance Traveler
User_875,Tesla Model 3,62,Station_207,New York,02/06/2024 10:00,02/06/2024 12:53,58.11,2.57,43.48,36.44,Morning,Thursday,74.64,59.83,293.12,24.13,3,Level 2,Commuter
User_876,BMW i3,62,Station_151,San Francisco,02/06/2024 11:00,02/06/2024 12:02,56.52,2.3,12.89,9.43,Afternoon,Tuesday,31.17,68.26,114.19,19.1,1,DC Fast Charger,Casual Driver
User_877,Tesla Model 3,100,Station_156,Los Angeles,02/06/2024 12:00,02/06/2024 14:39,,2.62,47.98,20.98,Afternoon,Monday,42.92,93.85,244.86,8.96,0,DC Fast Charger,Long-Distance Traveler
User_878,Nissan Leaf,26.14,Station_16,San Francisco,02/06/2024 13:00,02/06/2024 13:43,28.78,0.77,7.45,27.52,Evening,Wednesday,27.24,95,162.47,5.29,7,DC Fast Charger,Long-Distance Traveler
User_879,Hyundai Kona,50,Station_165,Chicago,02/06/2024 14:00,02/06/2024 14:30,9.05,1.97,40.91,25.27,Night,Thursday,86.32,82.65,286.84,37.04,3,DC Fast Charger,Commuter
User_880,Chevy Bolt,62,Station_405,Chicago,02/06/2024 15:00,02/06/2024 16:59,51.09,0.95,25.84,7.18,Morning,Sunday,44.7,82.63,121.44,16.95,0,DC Fast Charger,Long-Distance Traveler
User_881,BMW i3,62,Station_463,Chicago,02/06/2024 16:00,02/06/2024 19:35,36.26,2.01,38.15,35.15,Evening,Friday,58.32,67.01,85.38,-0.5,1,DC Fast Charger,Commuter
User_882,Hyundai Kona,62,Station_145,Houston,02/06/2024 17:00,02/06/2024 18:58,77.45,3.31,29.41,5.69,Afternoon,Tuesday,80.65,90.09,238.87,2.25,4,Level 1,Long-Distance Traveler
User_883,Chevy Bolt,62,Station_498,Los Angeles,02/06/2024 18:00,02/06/2024 20:53,68.22,0.89,14.88,17.27,Evening,Tuesday,38.04,62.46,221.38,1.82,4,Level 1,Casual Driver
User_884,Chevy Bolt,100,Station_37,Los Angeles,02/06/2024 19:00,02/06/2024 22:56,57.68,2.88,46.31,33.67,Afternoon,Friday,67.46,64.98,124.08,3.26,0,Level 2,Long-Distance Traveler
User_885,Tesla Model 3,88.87,Station_333,Houston,02/06/2024 20:00,02/06/2024 21:59,20.17,2.45,40.42,37.26,Morning,Sunday,31.56,97.83,96.25,2.84,2,DC Fast Charger,Commuter
User_886,Nissan Leaf,100,Station_403,New York,02/06/2024 21:00,02/07/2024 0:24,78.17,2.13,49,37.74,Evening,Thursday,37.68,72.05,214.62,-4.14,1,DC Fast Charger,Long-Distance Traveler
User_887,Nissan Leaf,85,Station_414,Chicago,02/06/2024 22:00,02/07/2024 1:21,76.95,3.44,36.81,35.73,Evening,Tuesday,66.79,76.5,36.4,9.26,7,Level 1,Commuter
User_888,Hyundai Kona,50,Station_45,Chicago,02/06/2024 23:00,02/07/2024 2:57,62.75,2.07,15.84,33.01,Evening,Saturday,102.58,80.98,,8.27,1,Level 2,Commuter
User_889,Nissan Leaf,85,Station_402,New York,02/07/2024 0:00,02/07/2024 0:43,47.63,1.55,26.01,18.48,Evening,Sunday,18.16,114.53,59.99,24.22,3,Level 2,Commuter
User_890,BMW i3,100,Station_206,San Francisco,02/07/2024 1:00,02/07/2024 4:01,51.74,1.36,26.69,16.05,Evening,Sunday,42.49,93.3,252.94,15.61,3,DC Fast Charger,Casual Driver
User_891,Nissan Leaf,75,Station_62,San Francisco,02/07/2024 2:00,02/07/2024 4:20,41.89,3.74,23.02,26.36,Morning,Wednesday,59.32,94.75,88.92,7.81,3,Level 2,Casual Driver
User_892,Hyundai Kona,85,Station_420,Los Angeles,02/07/2024 3:00,02/07/2024 6:32,71.96,1.66,39.22,26.31,Night,Thursday,30.7,98.24,263.06,12.97,7,Level 2,Long-Distance Traveler
User_893,Nissan Leaf,100,Station_356,Houston,02/07/2024 4:00,02/07/2024 6:52,39.93,2.71,49.12,20.72,Morning,Sunday,43.61,54.32,327.39,8.66,5,DC Fast Charger,Commuter
User_894,BMW i3,85,Station_468,Los Angeles,02/07/2024 5:00,02/07/2024 6:52,30.58,1.01,49.46,22.34,Evening,Friday,12.87,85.48,260.14,19.09,6,DC Fast Charger,Casual Driver
User_895,Tesla Model 3,75,Station_308,San Francisco,02/07/2024 6:00,02/07/2024 7:41,73.61,1.38,26.09,25.48,Afternoon,Sunday,65.82,65.55,,-0.78,1,DC Fast Charger,Commuter
User_896,Hyundai Kona,100,Station_19,New York,02/07/2024 7:00,02/07/2024 10:11,14.11,0.94,26.4,13.57,Afternoon,Thursday,38.22,95.65,,25.19,6,Level 1,Long-Distance Traveler
User_897,Tesla Model 3,50,Station_365,Los Angeles,02/07/2024 8:00,02/07/2024 10:39,38.96,2.43,28.44,10.64,Evening,Saturday,73.11,70.34,77.42,-0.23,6,DC Fast Charger,Commuter
User_898,Tesla Model 3,62,Station_300,Chicago,02/07/2024 9:00,02/07/2024 9:56,60.72,2.19,18.49,20.47,Night,Sunday,35.27,59.63,84.03,2.39,0,Level 2,Casual Driver
User_899,Tesla Model 3,50,Station_7,Chicago,02/07/2024 10:00,02/07/2024 11:43,79.28,3.89,21.28,38.07,Evening,Thursday,69.27,57.64,11.6,38.03,2,Level 1,Casual Driver
User_900,Chevy Bolt,100,Station_249,New York,02/07/2024 11:00,02/07/2024 13:08,30.28,1.79,9.9,15.67,Morning,Sunday,89.57,60.3,214.47,31.55,4,Level 2,Commuter
User_901,Chevy Bolt,50,Station_428,San Francisco,02/07/2024 12:00,02/07/2024 13:41,,1.63,,13.49,Night,Monday,60.9,80.19,191.69,-5.79,2,Level 1,Commuter
User_902,Tesla Model 3,85,Station_117,Chicago,02/07/2024 13:00,02/07/2024 13:52,50.92,2.75,43.41,30.01,Night,Friday,15.91,82.34,120.88,12.46,4,DC Fast Charger,Commuter
User_903,Hyundai Kona,100,Station_68,Chicago,02/07/2024 14:00,02/07/2024 15:37,58.92,2.2,33.53,18.01,Morning,Wednesday,40.21,58.33,95.64,4.84,2,Level 2,Commuter
User_904,BMW i3,50,Station_34,Houston,02/07/2024 15:00,02/07/2024 17:51,6.27,5.67,,7.74,Night,Friday,65.99,140.38,151.08,25.07,1,Level 1,Commuter
User_905,BMW i3,85,Station_194,Los Angeles,02/07/2024 16:00,02/07/2024 19:40,13.09,0.75,31.91,26.6,Evening,Monday,54.26,53.8,272.2,14.52,4,Level 2,Commuter
User_906,Nissan Leaf,50,Station_325,San Francisco,02/07/2024 17:00,02/07/2024 19:26,31.1,0.99,40.14,19.36,Evening,Friday,55.59,99.51,10.93,13.78,0,DC Fast Charger,Long-Distance Traveler
User_907,Hyundai Kona,43.72,Station_55,Los Angeles,02/07/2024 18:00,02/07/2024 20:15,,2.3,21.69,8.6,Afternoon,Friday,46.2,85.31,,26.44,2,Level 1,Long-Distance Traveler
User_908,Chevy Bolt,75,Station_266,San Francisco,02/07/2024 19:00,02/07/2024 21:02,27.69,1.4,47.33,7.23,Morning,Wednesday,27.04,65.83,32.83,19.27,6,Level 2,Casual Driver
User_909,Tesla Model 3,100,Station_480,Chicago,02/07/2024 20:00,02/07/2024 21:34,50.51,2.23,19.09,11.06,Night,Monday,12.87,50.66,121.1,29.29,2,Level 1,Commuter
User_910,Nissan Leaf,62,Station_42,Houston,02/07/2024 21:00,02/07/2024 22:37,20.85,1.5,26.58,15.77,Night,Friday,61.83,85.04,139.37,-2.38,4,DC Fast Charger,Long-Distance Traveler
User_911,BMW i3,100,Station_297,Los Angeles,02/07/2024 22:00,02/08/2024 0:37,45.62,0.91,36.53,36.95,Night,Saturday,55.56,94,,33.5,6,Level 1,Commuter
User_912,Chevy Bolt,58.34,Station_461,Chicago,02/07/2024 23:00,02/08/2024 0:32,39.69,1.4,4.32,13.12,Evening,Sunday,37.05,86.27,103.75,4.34,6,Level 1,Casual Driver
User_913,Chevy Bolt,50,Station_231,San Francisco,02/08/2024 0:00,02/08/2024 2:22,6.82,3.06,17.69,22.37,Morning,Friday,21.39,50.86,244.39,37.49,3,Level 2,Long-Distance Traveler
User_914,Tesla Model 3,50,Station_453,Los Angeles,02/08/2024 1:00,02/08/2024 2:59,55.17,2.29,8.4,10.73,Evening,Tuesday,40.12,67.16,186.42,34.59,7,Level 1,Commuter
User_915,BMW i3,101.02,Station_378,Los Angeles,02/08/2024 2:00,02/08/2024 3:50,152.24,0.71,36.09,32.59,Night,Friday,13.8,58.93,145.16,39.54,5,DC Fast Charger,Commuter
User_916,Hyundai Kona,85,Station_394,Chicago,02/08/2024 3:00,02/08/2024 5:12,60.29,1.85,51.36,34.59,Evening,Wednesday,78.96,69.48,113.36,41.89,4,Level 2,Commuter
User_917,Chevy Bolt,76.34,Station_10,Los Angeles,02/08/2024 4:00,02/08/2024 7:41,16.38,0.86,33.3,13.8,Night,Tuesday,70.55,76.78,193.4,3.32,0.36,Level 1,Commuter
User_918,Tesla Model 3,50,Station_358,Houston,02/08/2024 5:00,02/08/2024 8:09,37.61,3.44,21.07,32.78,Night,Saturday,30.6,101.91,14.92,38.34,1,DC Fast Charger,Commuter
User_919,Hyundai Kona,100,Station_475,Houston,02/08/2024 6:00,02/08/2024 8:25,38.01,2.83,6.59,7.78,Evening,Sunday,48.29,98.25,233.17,-4.15,1,DC Fast Charger,Commuter
User_920,BMW i3,75,Station_444,Chicago,02/08/2024 7:00,02/08/2024 10:56,51.89,1.85,29.9,13.05,Night,Saturday,15.75,57.05,74.53,33.36,3,Level 1,Casual Driver
User_921,Chevy Bolt,62,Station_128,San Francisco,02/08/2024 8:00,02/08/2024 8:42,9.89,1.61,40.44,19.35,Evening,Saturday,14.65,62.33,20.02,19.95,0,Level 1,Commuter
User_922,Hyundai Kona,75,Station_179,Chicago,02/08/2024 9:00,02/08/2024 12:43,73.63,0.96,40.54,27.4,Afternoon,Monday,25.6,50.36,,19.8,2.8,Level 2,Commuter
User_923,Hyundai Kona,62,Station_405,Houston,02/08/2024 10:00,02/08/2024 12:33,10.34,3.71,,31.69,Evening,Saturday,32.99,84.17,47.54,5.19,7,DC Fast Charger,Long-Distance Traveler
User_924,Hyundai Kona,62,Station_392,New York,02/08/2024 11:00,02/08/2024 13:56,69.11,1.26,27.38,20.79,Afternoon,Thursday,20.57,63.35,217.31,41.34,7,DC Fast Charger,Commuter
User_925,Chevy Bolt,75,Station_193,New York,02/08/2024 12:00,02/08/2024 15:01,18.31,6.77,23.92,31.25,Afternoon,Wednesday,14.15,82.2,226.73,13.58,7,DC Fast Charger,Commuter
User_926,Chevy Bolt,75,Station_92,Los Angeles,02/08/2024 13:00,02/08/2024 14:57,41.74,2.61,11.14,16.29,Evening,Monday,26.09,66.72,166.77,19.76,6,Level 1,Long-Distance Traveler
User_927,Nissan Leaf,100,Station_369,Los Angeles,02/08/2024 14:00,02/08/2024 14:40,,2.1,25.34,37.42,Morning,Tuesday,67.27,91.48,102.65,18.68,5.75,Level 1,Long-Distance Traveler
User_928,BMW i3,75,Station_231,New York,02/08/2024 15:00,02/08/2024 18:36,39.15,1.32,9.94,29.7,Morning,Thursday,14.67,60.12,232.78,32.05,4,Level 1,Commuter
User_929,Tesla Model 3,75,Station_78,Houston,02/08/2024 16:00,02/08/2024 16:44,37.12,0.56,8.69,15.12,Evening,Monday,39.8,91.68,18.94,-0.54,5.4,Level 2,Casual Driver
User_930,Hyundai Kona,100,Station_85,Los Angeles,02/08/2024 17:00,02/08/2024 17:39,35.35,2.11,20,60.4,Evening,Wednesday,21.96,69.3,81.97,-7.26,2,DC Fast Charger,Long-Distance Traveler
User_931,Nissan Leaf,62,Station_30,Chicago,02/08/2024 18:00,02/08/2024 19:10,18.03,2.76,20.38,19.46,Night,Tuesday,58.41,146.85,245.74,4.27,5,DC Fast Charger,Long-Distance Traveler
User_932,Tesla Model 3,143.21,Station_213,Chicago,02/08/2024 19:00,02/08/2024 22:04,,2.4,13.48,40.21,Night,Wednesday,33.29,62.65,144.82,-3.74,0,Level 1,Commuter
User_933,Nissan Leaf,50,Station_49,Houston,02/08/2024 20:00,02/08/2024 23:37,45.66,2.51,40.68,31.63,Evening,Wednesday,67.91,65.24,168.81,22.74,6,Level 2,Long-Distance Traveler
User_934,Chevy Bolt,75,Station_265,Los Angeles,02/08/2024 21:00,02/08/2024 22:42,37.97,1.74,4.28,12.13,Morning,Tuesday,35.8,64.91,299.76,18.33,1,Level 2,Commuter
User_935,Hyundai Kona,75,Station_145,Chicago,02/08/2024 22:00,02/08/2024 23:21,45.39,2.09,10.27,32.86,Night,Saturday,87.41,87.13,92.58,6.02,3,Level 2,Casual Driver
User_936,Tesla Model 3,50,Station_69,Los Angeles,02/08/2024 23:00,02/09/2024 1:37,29.98,0.66,7.85,24.38,Night,Friday,45.77,71.42,96.13,-0.64,6,Level 2,Casual Driver
User_937,Tesla Model 3,62,Station_58,Los Angeles,02/09/2024 0:00,02/09/2024 0:57,6.01,2.34,35.13,30.04,Morning,Wednesday,23.71,58.83,191.87,4.79,7,Level 2,Commuter
User_938,Tesla Model 3,50,Station_185,Chicago,02/09/2024 1:00,02/09/2024 2:34,6.62,2.7,19.76,26.55,Evening,Saturday,24.96,68.64,174.82,28.62,7,Level 1,Casual Driver
User_939,Tesla Model 3,100,Station_62,New York,02/09/2024 2:00,02/09/2024 2:46,11.43,1.94,67.93,16.14,Morning,Sunday,12.43,91.49,166.55,21.35,0,Level 1,Commuter
User_940,Tesla Model 3,7.45,Station_479,Chicago,02/09/2024 3:00,02/09/2024 5:04,78.94,2.76,16.98,7.87,Afternoon,Tuesday,21.53,54.86,135.61,-9.44,2.06,Level 1,Long-Distance Traveler
User_941,Nissan Leaf,50,Station_308,Houston,02/09/2024 4:00,02/09/2024 7:21,58.74,2.91,19.94,20.61,Night,Wednesday,19.43,59.52,46.37,0,6,DC Fast Charger,Long-Distance Traveler
User_942,Hyundai Kona,62,Station_445,San Francisco,02/09/2024 5:00,02/09/2024 7:47,68.83,1.62,,39.38,Night,Friday,19.29,58.57,137.23,32.8,6,Level 2,Commuter
User_943,Chevy Bolt,75,Station_296,Chicago,02/09/2024 6:00,02/09/2024 7:32,59.22,1.6,41.43,33.6,Night,Sunday,42.3,56.84,222.96,20.42,7,Level 2,Commuter
User_944,Chevy Bolt,75,Station_166,Los Angeles,02/09/2024 7:00,02/09/2024 10:59,40.86,2.54,6.5,35.75,Morning,Tuesday,13.96,64.56,33.99,3.31,1,DC Fast Charger,Long-Distance Traveler
User_945,Chevy Bolt,62,Station_171,Los Angeles,02/09/2024 8:00,02/09/2024 11:24,56.07,3.59,47.96,37.31,Morning,Monday,38.27,40.63,219.24,-5.19,4,Level 2,Commuter
User_946,Chevy Bolt,62,Station_63,Chicago,02/09/2024 9:00,02/09/2024 10:07,78.24,3.82,16.39,17.73,Evening,Monday,75.68,85.29,46.84,37.88,6,Level 2,Long-Distance Traveler
User_947,Nissan Leaf,50,Station_147,San Francisco,02/09/2024 10:00,02/09/2024 11:39,17.47,0.83,25.79,13.85,Night,Saturday,64,93.61,167.69,9.46,5,Level 2,Commuter
User_948,BMW i3,75,Station_484,Chicago,02/09/2024 11:00,02/09/2024 13:13,26.22,1.11,29.54,33.15,Afternoon,Monday,45.55,63.63,30.16,35.51,0,Level 2,Long-Distance Traveler
User_949,Hyundai Kona,50,Station_306,San Francisco,02/09/2024 12:00,02/09/2024 15:53,70.1,3.62,11.68,15.92,Evening,Thursday,55.57,60.12,165.14,-5.45,4.79,Level 2,Casual Driver
User_950,Tesla Model 3,100,Station_161,San Francisco,02/09/2024 13:00,02/09/2024 14:22,55.41,3.84,29.6,33.46,Morning,Wednesday,16.38,86.68,125.62,5.18,7,Level 1,Casual Driver
User_951,BMW i3,62,Station_141,Houston,02/09/2024 14:00,02/09/2024 17:55,33.47,3.3,43.48,33.64,Afternoon,Wednesday,76.46,81.41,27.77,8.66,6,Level 2,Long-Distance Traveler
User_952,Chevy Bolt,50,Station_334,Los Angeles,02/09/2024 15:00,02/09/2024 18:21,53.58,0.83,27.33,37.02,Evening,Tuesday,18.33,83.75,273.12,5.57,0,Level 1,Long-Distance Traveler
User_953,BMW i3,94.36,Station_97,Los Angeles,02/09/2024 16:00,02/09/2024 18:28,11.29,2.39,6.34,16.39,Morning,Thursday,81.48,83.17,184.15,23.16,4,Level 1,Long-Distance Traveler
User_954,Hyundai Kona,85,Station_446,San Francisco,02/09/2024 17:00,02/09/2024 18:43,6.27,1.08,14.86,11.24,Afternoon,Wednesday,12.44,64.04,195.2,2.88,2.65,Level 1,Long-Distance Traveler
User_955,Tesla Model 3,75,Station_221,Los Angeles,02/09/2024 18:00,02/09/2024 19:23,42.95,1.61,9.87,16.53,Evening,Tuesday,61.35,77.19,40.74,3.73,2,Level 1,Long-Distance Traveler
User_956,Tesla Model 3,75,Station_43,New York,02/09/2024 19:00,02/09/2024 19:49,43.24,3.2,13.11,26.87,Afternoon,Friday,27.78,52.5,187.43,20,7,DC Fast Charger,Casual Driver
User_957,Hyundai Kona,140.51,Station_433,San Francisco,02/09/2024 20:00,02/09/2024 21:48,12.44,2.92,41.67,18.8,Morning,Wednesday,35.47,85.9,168.22,-9.11,5,Level 1,Long-Distance Traveler
User_958,Hyundai Kona,100,Station_292,Los Angeles,02/09/2024 21:00,02/09/2024 22:00,29.18,3.1,5.37,31.67,Evening,Saturday,59.86,58.87,247.43,9.02,3.22,DC Fast Charger,Commuter
User_959,Chevy Bolt,100,Station_378,New York,02/09/2024 22:00,02/10/2024 0:44,74.18,1.07,19.44,22.26,Morning,Wednesday,76.2,93.65,119.34,26.65,6.38,DC Fast Charger,Casual Driver
User_960,Tesla Model 3,100,Station_108,Houston,02/09/2024 23:00,02/10/2024 0:27,72.09,2.5,7.49,20.29,Night,Friday,22.9,94.21,87.68,3.93,4,Level 1,Long-Distance Traveler
User_961,BMW i3,75,Station_266,Los Angeles,02/10/2024 0:00,02/10/2024 2:14,25.33,1.74,29.15,16.59,Night,Friday,17.4,70.37,32.91,6.32,3,Level 2,Commuter
User_962,Nissan Leaf,85,Station_95,New York,02/10/2024 1:00,02/10/2024 1:39,58.51,1.61,19.9,30.09,Afternoon,Wednesday,74.91,80.23,111.46,21.78,4,Level 2,Casual Driver
User_963,Nissan Leaf,85,Station_262,Chicago,02/10/2024 2:00,02/10/2024 2:39,76.58,1.81,28.36,9.01,Night,Friday,68.53,65.88,196.8,28.21,2,Level 1,Commuter
User_964,Hyundai Kona,75,Station_313,Chicago,02/10/2024 3:00,02/10/2024 4:08,32.02,1.29,37.87,22.47,Morning,Tuesday,70.43,87.67,105.96,-2.48,5,Level 1,Long-Distance Traveler
User_965,Chevy Bolt,100,Station_385,New York,02/10/2024 4:00,02/10/2024 7:05,63.43,2.75,18.59,19.85,Afternoon,Wednesday,81.92,90.06,,-0.7,6,DC Fast Charger,Commuter
User_966,Nissan Leaf,78.21,Station_71,San Francisco,02/10/2024 5:00,02/10/2024 8:07,8.26,0.93,39.04,14.44,Evening,Wednesday,65.25,98.51,,-3.2,4,DC Fast Charger,Commuter
User_967,Tesla Model 3,62,Station_442,San Francisco,02/10/2024 6:00,02/10/2024 7:06,65.03,2.24,38.78,22.16,Morning,Monday,61.33,66.03,185.22,-4.85,3,Level 2,Casual Driver
User_968,Hyundai Kona,85,Station_219,Los Angeles,02/10/2024 7:00,02/10/2024 9:28,39.19,2.73,19.26,27.63,Evening,Saturday,16.99,86.18,85.43,32.83,5,DC Fast Charger,Commuter
User_969,BMW i3,100,Station_21,Chicago,02/10/2024 8:00,02/10/2024 9:36,79.36,3.37,12.8,17.5,Evening,Wednesday,28.93,89.16,222.16,24.91,7,DC Fast Charger,Commuter
User_970,Hyundai Kona,62,Station_92,San Francisco,02/10/2024 9:00,02/10/2024 10:12,76.66,4.19,14.23,37.13,Evening,Sunday,35.73,84.33,284.29,26.6,0,Level 1,Casual Driver
User_971,BMW i3,50,Station_127,San Francisco,02/10/2024 10:00,02/10/2024 13:56,54.32,3.68,34.09,34.42,Evening,Monday,11.57,82.6,119.02,-4.2,5,DC Fast Charger,Long-Distance Traveler
User_972,Hyundai Kona,50,Station_80,Chicago,02/10/2024 11:00,02/10/2024 12:21,31.55,3.33,38.11,36.81,Morning,Friday,78.98,89.78,,46.8,3,DC Fast Charger,Commuter
User_973,Hyundai Kona,50,Station_312,Houston,02/10/2024 12:00,02/10/2024 14:10,45.81,3.44,17.35,7.4,Night,Saturday,68.43,86.8,235.84,28.43,0,DC Fast Charger,Long-Distance Traveler
User_974,Hyundai Kona,100,Station_238,San Francisco,02/10/2024 13:00,02/10/2024 14:25,60.39,3.46,8.66,25.99,Morning,Saturday,64.08,83.38,225.16,22.61,6,Level 2,Casual Driver
User_975,BMW i3,100,Station_471,New York,02/10/2024 14:00,02/10/2024 15:45,32.6,2.39,41.22,38.59,Night,Friday,59.29,75.73,240.31,37.07,6,Level 1,Long-Distance Traveler
User_976,BMW i3,100,Station_372,Los Angeles,02/10/2024 15:00,02/10/2024 16:37,0.05,2.04,5.44,29.97,Evening,Tuesday,60.18,84.3,272.92,-0.14,4,Level 2,Commuter
User_977,Hyundai Kona,101.88,Station_404,San Francisco,02/10/2024 16:00,02/10/2024 18:46,53.4,3.24,40.58,21.94,Night,Monday,33.83,95.04,145.85,27.9,4.19,Level 1,Commuter
User_978,Nissan Leaf,62,Station_486,San Francisco,02/10/2024 17:00,02/10/2024 19:15,73.45,3.64,15.42,14.89,Evening,Wednesday,17.43,87.44,183.99,37.31,4,Level 1,Long-Distance Traveler
User_979,Chevy Bolt,62,Station_182,Houston,02/10/2024 18:00,02/10/2024 20:34,75.52,3.33,24.89,10.1,Afternoon,Monday,82.54,70.7,125.54,0.58,2,DC Fast Charger,Long-Distance Traveler
User_980,Chevy Bolt,75,Station_25,New York,02/10/2024 19:00,02/10/2024 21:01,,2.55,47.55,30.98,Evening,Friday,11.93,96.69,293.29,-7.79,2,Level 2,Commuter
User_981,Chevy Bolt,50,Station_156,Los Angeles,02/10/2024 20:00,02/10/2024 20:52,65.04,3.46,25.89,6.82,Night,Friday,20.32,72.49,229.85,20.23,7,Level 2,Casual Driver
User_982,BMW i3,85,Station_5,San Francisco,02/10/2024 21:00,02/11/2024 0:40,63.99,3.27,42.39,34.01,Afternoon,Sunday,38.33,77.07,191.77,21.3,6,DC Fast Charger,Commuter
User_983,BMW i3,104,Station_120,Los Angeles,02/10/2024 22:00,02/11/2024 0:18,65.93,3.3,38.54,11.9,Afternoon,Tuesday,19.68,54.41,38.46,-9.6,7,Level 2,Commuter
User_984,Nissan Leaf,75,Station_277,Chicago,02/10/2024 23:00,02/11/2024 0:30,26.76,0.17,6.24,9.58,Evening,Saturday,66.79,91.05,77.15,23.12,2,Level 1,Long-Distance Traveler
User_985,Chevy Bolt,62,Station_18,San Francisco,02/11/2024 0:00,02/11/2024 3:17,8.82,3.39,,22.21,Morning,Saturday,48.19,50.22,78.6,7.67,2,Level 1,Commuter
User_986,Chevy Bolt,100,Station_431,San Francisco,02/11/2024 1:00,02/11/2024 2:13,73.78,3.81,46.81,13.47,Night,Friday,87.32,50.13,16.73,36.67,6,Level 1,Long-Distance Traveler
User_987,Hyundai Kona,62,Station_198,Chicago,02/11/2024 2:00,02/11/2024 5:01,26.51,3.15,28.53,10.13,Afternoon,Monday,65.58,76.29,292.32,14.42,0,DC Fast Charger,Casual Driver
User_988,BMW i3,100,Station_57,Houston,02/11/2024 3:00,02/11/2024 6:28,77.64,3.58,8.13,33.52,Morning,Saturday,23.24,94.69,67.03,-3.39,7,Level 2,Commuter
User_989,Chevy Bolt,100,Station_93,San Francisco,02/11/2024 4:00,02/11/2024 7:35,78.13,3.37,3.98,9.49,Evening,Sunday,57.11,66.24,115,13.3,10.63,Level 1,Casual Driver
User_990,Nissan Leaf,91.92,Station_19,Los Angeles,02/11/2024 5:00,02/11/2024 8:10,5.6,3.25,16.32,30.15,Evening,Sunday,43.65,58.45,54.32,-0.75,3,DC Fast Charger,Casual Driver
User_991,Nissan Leaf,85,Station_384,New York,02/11/2024 6:00,02/11/2024 6:45,20.09,1.15,46.35,22.7,Evening,Wednesday,18.7,97.36,68.59,28.7,3,Level 1,Commuter
User_992,Chevy Bolt,100,Station_353,Los Angeles,02/11/2024 7:00,02/11/2024 7:51,40.28,1.22,3.83,20.63,Evening,Wednesday,89.21,82.22,23.23,22.79,7,Level 1,Long-Distance Traveler
User_993,BMW i3,75,Station_193,Houston,02/11/2024 8:00,02/11/2024 9:26,53.96,3.74,17.87,14.89,Night,Monday,89.98,95.04,17.09,6.8,2,Level 2,Long-Distance Traveler
User_994,Nissan Leaf,62,Station_237,New York,02/11/2024 9:00,02/11/2024 10:31,60.61,3.07,20.92,12.51,Afternoon,Tuesday,54.47,78.51,103.51,32.52,4,DC Fast Charger,Commuter
User_995,Hyundai Kona,75,Station_387,Los Angeles,02/11/2024 10:00,02/11/2024 12:16,63.31,3.8,6.45,25.09,Night,Wednesday,85,59.29,170.15,27.58,5,Level 1,Long-Distance Traveler
User_996,Nissan Leaf,75,Station_426,Los Angeles,02/11/2024 11:00,02/11/2024 14:59,38.61,0.87,33.68,33.72,Afternoon,Monday,33.75,70.86,223.3,-2.78,5,Level 1,Long-Distance Traveler
User_997,Tesla Model 3,62,Station_277,Chicago,02/11/2024 12:00,02/11/2024 13:40,65.61,3.94,7.33,21.66,Morning,Monday,17.41,91.3,81.05,1.85,5,DC Fast Charger,Casual Driver
User_998,Tesla Model 3,85,Station_227,Houston,02/11/2024 13:00,02/11/2024 14:59,46.62,1.56,7.39,16.71,Morning,Friday,70.09,59.04,210.75,-0.46,5,DC Fast Charger,Long-Distance Traveler
User_999,BMW i3,188.63,Station_233,Chicago,02/11/2024 14:00,02/11/2024 15:41,49.36,1.23,2.25,25.57,Afternoon,Saturday,33.05,53.87,60.01,-6.55,1,Level 2,Long-Distance Traveler
User_1000,Chevy Bolt,100,Station_40,New York,02/11/2024 15:00,02/11/2024 16:39,24.87,0.93,11.44,19.97,Evening,Friday,33.95,58.14,60.81,7.88,7,Level 1,Commuter
User_1001,BMW i3,62,Station_323,Chicago,02/11/2024 16:00,02/11/2024 16:59,54.36,1.93,36.36,26.48,Morning,Saturday,46.39,77.34,294.48,31.48,7,Level 2,Casual Driver
User_1002,BMW i3,50,Station_153,Houston,02/11/2024 17:00,02/11/2024 19:12,6.44,2.63,14.99,8.86,Night,Tuesday,81.6,84.93,11.74,-4.28,7,Level 1,Long-Distance Traveler
User_1003,BMW i3,75,Station_127,San Francisco,02/11/2024 18:00,02/11/2024 21:00,28.22,2.41,23.69,26.55,Afternoon,Tuesday,18.52,86.58,293.58,28.84,1.04,Level 2,Commuter
User_1004,BMW i3,75,Station_237,San Francisco,02/11/2024 19:00,02/11/2024 20:01,42.29,2.71,19.17,12.96,Morning,Tuesday,89.04,98.83,52.38,37.9,5,Level 1,Long-Distance Traveler
User_1005,Hyundai Kona,85,Station_486,New York,02/11/2024 20:00,02/11/2024 21:55,76.17,1.51,28.59,17.68,Afternoon,Monday,56.07,93.04,369.85,18.05,0,DC Fast Charger,Casual Driver
User_1006,Hyundai Kona,75,Station_493,San Francisco,02/11/2024 21:00,02/11/2024 22:26,35,0.79,20.39,8.16,Evening,Monday,68.92,67.95,283.05,36.24,3.3,Level 2,Casual Driver
User_1007,Nissan Leaf,75,Station_55,Chicago,02/11/2024 22:00,02/12/2024 0:18,26.51,2.19,,24.69,Afternoon,Friday,69.67,79.5,14.45,3.48,2,DC Fast Charger,Casual Driver
User_1008,Tesla Model 3,50,Station_468,New York,02/11/2024 23:00,02/11/2024 23:38,34.96,1.68,12.03,9.96,Morning,Wednesday,65.09,78.38,262.09,4.95,1.06,Level 1,Casual Driver
User_1009,BMW i3,50,Station_436,Houston,02/12/2024 0:00,02/12/2024 1:00,62.05,0.92,18.56,37.55,Afternoon,Sunday,88.39,77.93,43.03,-0.97,5,DC Fast Charger,Casual Driver
User_1010,Nissan Leaf,50,Station_172,New York,02/12/2024 1:00,02/12/2024 2:40,69.87,2.01,16.51,6.59,Morning,Saturday,40.28,72.01,245.08,2.77,4,Level 2,Casual Driver
User_1011,Tesla Model 3,100,Station_109,New York,02/12/2024 2:00,02/12/2024 4:46,10.43,3.31,31.39,38.61,Morning,Saturday,47.66,72.19,227.14,5.44,7,Level 2,Commuter
User_1012,Chevy Bolt,50,Station_354,Los Angeles,02/12/2024 3:00,02/12/2024 3:42,46.54,3.43,7.2,34.71,Morning,Tuesday,78.59,82.78,150.65,29.37,3,DC Fast Charger,Casual Driver
User_1013,Hyundai Kona,50,Station_469,Los Angeles,02/12/2024 4:00,02/12/2024 7:35,53.21,3.95,47.63,33.42,Night,Saturday,82.9,91.6,146.68,11.39,2,Level 1,Long-Distance Traveler
User_1014,Tesla Model 3,62,Station_184,New York,02/12/2024 5:00,02/12/2024 7:40,,1.09,43.49,21.47,Evening,Thursday,30.43,87.88,271.75,-9.55,4,Level 2,Long-Distance Traveler
User_1015,Chevy Bolt,50,Station_439,San Francisco,02/12/2024 6:00,02/12/2024 7:04,26.97,2.74,15.82,28.82,Evening,Tuesday,71.88,94.01,114.82,39.77,6,Level 1,Long-Distance Traveler
User_1016,Tesla Model 3,62,Station_368,Los Angeles,02/12/2024 7:00,02/12/2024 7:50,68.52,2.36,48.59,33,Afternoon,Sunday,68.46,92.97,77.71,-2.27,2,Level 2,Long-Distance Traveler
User_1017,Hyundai Kona,100,Station_471,Houston,02/12/2024 8:00,02/12/2024 9:33,71.71,5.44,38.8,37.1,Afternoon,Saturday,12.22,77.41,181.09,2.62,7,Level 1,Casual Driver
User_1018,Hyundai Kona,50,Station_198,Chicago,02/12/2024 9:00,02/12/2024 11:04,79.25,1.77,33.01,13.89,Morning,Friday,51.38,73.61,252.84,12.54,0.81,Level 1,Casual Driver
User_1019,Nissan Leaf,157.58,Station_371,Los Angeles,02/12/2024 10:00,02/12/2024 13:29,34.15,3.98,48.77,13.08,Evening,Saturday,33.91,92.75,257.46,19.73,5,DC Fast Charger,Commuter
User_1020,BMW i3,86.09,Station_373,New York,02/12/2024 11:00,02/12/2024 12:03,66.71,2.83,25.29,9.16,Afternoon,Monday,44.01,99.69,142.08,31.49,6,Level 1,Casual Driver
User_1021,Tesla Model 3,62,Station_461,San Francisco,02/12/2024 12:00,02/12/2024 14:30,30.77,3.1,49.75,13.85,Afternoon,Friday,2.48,83.48,234.75,12.81,1,Level 2,Long-Distance Traveler
User_1022,Tesla Model 3,50,Station_497,Chicago,02/12/2024 13:00,02/12/2024 16:12,24.16,2.3,4.78,13.9,Evening,Friday,47.69,75.97,289.85,23.4,0,DC Fast Charger,Commuter
User_1023,Chevy Bolt,62,Station_87,Los Angeles,02/12/2024 14:00,02/12/2024 14:44,10.35,3.32,9.39,39.78,Morning,Friday,42.66,79.51,40.14,37.46,7,Level 2,Commuter
User_1024,Hyundai Kona,62,Station_201,San Francisco,02/12/2024 15:00,02/12/2024 17:29,26.3,3.58,49.89,9.56,Afternoon,Thursday,52.3,71.44,97.82,31.42,3,DC Fast Charger,Commuter
User_1025,Tesla Model 3,85,Station_337,San Francisco,02/12/2024 16:00,02/12/2024 18:05,26.73,0.67,12.95,26.76,Morning,Thursday,83.74,88.15,131.4,-4.6,1,DC Fast Charger,Commuter
User_1026,Hyundai Kona,50,Station_322,San Francisco,02/12/2024 17:00,02/12/2024 17:35,48.61,3.69,22.07,31.5,Evening,Saturday,82.44,23.04,50.13,11.91,0,Level 1,Casual Driver
User_1027,Tesla Model 3,85,Station_275,New York,02/12/2024 18:00,02/12/2024 20:18,1.33,1.34,23.29,11.81,Evening,Tuesday,86.16,89.97,324.52,-3.94,0,Level 1,Commuter
User_1028,Nissan Leaf,85,Station_211,Houston,02/12/2024 19:00,02/12/2024 21:06,44.02,1.32,38.11,32.94,Afternoon,Saturday,73.35,78.16,78.12,5.88,5,Level 2,Casual Driver
User_1029,BMW i3,85,Station_391,San Francisco,02/12/2024 20:00,02/12/2024 21:01,18.43,1.62,22.32,10.41,Afternoon,Saturday,53.52,95.65,104.38,30.52,2,Level 2,Commuter
User_1030,Tesla Model 3,62,Station_118,Chicago,02/12/2024 21:00,02/13/2024 0:29,37.7,2.73,34.72,24.67,Evening,Saturday,46.56,52.46,274.46,6.67,5,Level 1,Casual Driver
User_1031,Hyundai Kona,100,Station_191,Los Angeles,02/12/2024 22:00,02/12/2024 23:52,56.2,0.18,40.72,19.62,Morning,Sunday,56.03,65.41,39.68,34.06,1,Level 2,Casual Driver
User_1032,Nissan Leaf,85,Station_42,Chicago,02/12/2024 23:00,02/13/2024 2:05,73.28,1.49,23.32,23.61,Morning,Monday,78.6,21.88,,31.15,7,Level 2,Long-Distance Traveler
User_1033,Tesla Model 3,100,Station_42,New York,02/13/2024 0:00,02/13/2024 2:27,76.89,7.64,10.45,39.79,Night,Friday,7.17,101.84,226.39,32.88,2,Level 1,Casual Driver
User_1034,Chevy Bolt,75,Station_315,New York,02/13/2024 1:00,02/13/2024 4:41,23.93,1.63,42.93,21.83,Evening,Wednesday,69.67,52.64,219.75,38.26,1,DC Fast Charger,Commuter
User_1035,BMW i3,50,Station_276,Chicago,02/13/2024 2:00,02/13/2024 3:48,50.49,0.72,42.79,15.84,Afternoon,Sunday,65.94,62.64,221.59,29.6,0,Level 1,Commuter
User_1036,Tesla Model 3,60.66,Station_329,Houston,02/13/2024 3:00,02/13/2024 4:47,66.09,1.27,37.6,14.81,Evening,Tuesday,42.3,70.73,167.66,9.95,1.72,Level 2,Casual Driver
User_1037,Nissan Leaf,62,Station_17,New York,02/13/2024 4:00,02/13/2024 6:56,6.92,5.51,49.06,9.21,Afternoon,Tuesday,24.67,70.79,196.35,26.2,1,DC Fast Charger,Casual Driver
User_1038,Chevy Bolt,100,Station_283,New York,02/13/2024 5:00,02/13/2024 7:16,,1.58,46.92,23.95,Morning,Friday,65.79,63.29,161.64,0.97,3,Level 1,Casual Driver
User_1039,Nissan Leaf,85,Station_431,Chicago,02/13/2024 6:00,02/13/2024 8:35,61.04,1.99,41.55,35.55,Afternoon,Tuesday,33.07,56.8,95.53,27.06,5,DC Fast Charger,Casual Driver
User_1040,Nissan Leaf,85,Station_258,New York,02/13/2024 7:00,02/13/2024 7:44,64.23,2.13,18.16,14.83,Night,Friday,83.32,83.8,171.22,14.39,2,Level 2,Long-Distance Traveler
User_1041,Chevy Bolt,50,Station_63,Houston,02/13/2024 8:00,02/13/2024 10:43,44.89,2.04,28.98,7.09,Morning,Tuesday,81.96,70.54,184.69,22.75,7,DC Fast Charger,Long-Distance Traveler
User_1042,Nissan Leaf,100,Station_62,Houston,02/13/2024 9:00,02/13/2024 10:42,58.94,3.21,43.7,37.33,Night,Saturday,82.36,92.04,81.18,19.46,6,Level 2,Long-Distance Traveler
User_1043,Chevy Bolt,109.8,Station_100,Houston,02/13/2024 10:00,02/13/2024 12:10,10.04,1.3,,26.59,Evening,Monday,35.98,70.68,81.82,35.15,2,Level 1,Long-Distance Traveler
User_1044,Tesla Model 3,100,Station_19,Los Angeles,02/13/2024 11:00,02/13/2024 13:07,17.53,3.72,7.64,26.12,Afternoon,Sunday,89.91,73.01,89.8,-4.38,4,DC Fast Charger,Long-Distance Traveler
User_1045,Chevy Bolt,85,Station_17,Houston,02/13/2024 12:00,02/13/2024 15:15,29.76,2.16,29.39,20.07,Morning,Sunday,10.81,36.55,51.2,-1.35,1,DC Fast Charger,Casual Driver
User_1046,Chevy Bolt,75,Station_325,Houston,02/13/2024 13:00,02/13/2024 13:55,69.6,2.34,14.86,38.13,Afternoon,Tuesday,60.64,73.01,288.98,73.17,6,DC Fast Charger,Long-Distance Traveler
User_1047,BMW i3,75,Station_423,Los Angeles,02/13/2024 14:00,02/13/2024 17:59,49.93,1.11,37.93,28.29,Night,Sunday,121.85,52.83,56.71,27.01,2,Level 2,Long-Distance Traveler
User_1048,Chevy Bolt,75,Station_466,San Francisco,02/13/2024 15:00,02/13/2024 17:01,14.49,3.89,41.38,16.38,Morning,Tuesday,42.79,51.76,97.06,25,3,Level 1,Casual Driver
User_1049,Chevy Bolt,85,Station_373,New York,02/13/2024 16:00,02/13/2024 18:34,38.41,2.5,22.12,19.83,Night,Wednesday,10.82,56.54,,-3.61,2,Level 1,Casual Driver
User_1050,Tesla Model 3,100,Station_246,Houston,02/13/2024 17:00,02/13/2024 20:28,8.23,0.9,43.81,8.68,Morning,Sunday,23.36,97.66,298.72,38.57,3,Level 2,Commuter
User_1051,BMW i3,75,Station_251,New York,02/13/2024 18:00,02/13/2024 19:42,34.86,3.47,4.94,24.3,Evening,Monday,47.98,70,155.73,35.4,3,DC Fast Charger,Commuter
User_1052,Hyundai Kona,62,Station_455,Chicago,02/13/2024 19:00,02/13/2024 21:32,57.93,1.72,,31.54,Evening,Sunday,67.65,78.31,59.43,34.66,5,Level 2,Commuter
User_1053,Tesla Model 3,50,Station_81,New York,02/13/2024 20:00,02/13/2024 21:22,49.41,2.88,34.01,38.92,Afternoon,Saturday,75.99,84.94,274.98,-7.57,5,Level 2,Long-Distance Traveler
User_1054,Tesla Model 3,50,Station_39,Los Angeles,02/13/2024 21:00,02/14/2024 0:33,9.98,1.85,33.33,21.1,Night,Monday,35.85,67.58,30.43,37.81,5,Level 1,Casual Driver
User_1055,Hyundai Kona,62,Station_36,New York,02/13/2024 22:00,02/14/2024 1:36,29.05,2.95,15.96,7.68,Night,Sunday,25.85,90.97,195.62,-1.97,4,Level 2,Commuter
User_1056,Chevy Bolt,75,Station_424,New York,02/13/2024 23:00,02/14/2024 2:47,42.09,1,6.31,3.67,Morning,Monday,51.68,95.81,103.28,30.72,0,DC Fast Charger,Commuter
User_1057,Nissan Leaf,75,Station_429,New York,02/14/2024 0:00,02/14/2024 1:47,45.77,0.96,17.4,14.02,Evening,Sunday,30.74,81.85,,1.26,4,Level 2,Long-Distance Traveler
User_1058,BMW i3,75,Station_388,San Francisco,02/14/2024 1:00,02/14/2024 3:01,53.71,0.89,18.62,29.03,Afternoon,Tuesday,49.92,56.18,36.42,23.76,4,Level 2,Commuter
User_1059,Nissan Leaf,55.82,Station_486,San Francisco,02/14/2024 2:00,02/14/2024 5:35,66.41,3.03,39.86,35.47,Evening,Thursday,15.56,78.85,61.61,33.79,0,Level 2,Casual Driver
User_1060,Hyundai Kona,85,Station_409,Chicago,02/14/2024 3:00,02/14/2024 4:57,11.46,3.51,18.91,27.03,Night,Tuesday,89.11,51.82,99.81,15.44,2,DC Fast Charger,Casual Driver
User_1061,Tesla Model 3,100,Station_197,Los Angeles,02/14/2024 4:00,02/14/2024 4:42,75.57,2.57,21.51,5.99,Afternoon,Friday,32.75,57.68,281.31,13.41,4,Level 2,Commuter
User_1062,Tesla Model 3,50,Station_158,New York,02/14/2024 5:00,02/14/2024 6:12,44.36,2.87,3.92,6.98,Evening,Sunday,72.82,64.6,63.03,39.94,7,Level 1,Casual Driver
User_1063,BMW i3,62,Station_204,New York,02/14/2024 6:00,02/14/2024 7:45,28.25,0.91,30,12.17,Evening,Wednesday,77.23,82.61,151.41,1.94,4.02,Level 2,Commuter
User_1064,Tesla Model 3,100,Station_196,New York,02/14/2024 7:00,02/14/2024 8:20,39.49,0.86,16.37,27.77,Morning,Monday,26.69,90.02,250.81,35.75,7,Level 2,Commuter
User_1065,Tesla Model 3,75,Station_216,New York,02/14/2024 8:00,02/14/2024 8:48,25.37,0.56,37.58,7.14,Morning,Friday,22.47,72.92,,24.91,6,Level 1,Casual Driver
User_1066,BMW i3,62,Station_285,San Francisco,02/14/2024 9:00,02/14/2024 11:58,69.21,2.29,28.76,5.55,Night,Saturday,27.77,55.46,66.2,11.89,5,Level 1,Casual Driver
User_1067,BMW i3,45.82,Station_457,Chicago,02/14/2024 10:00,02/14/2024 12:31,34.6,2.52,5.58,29.24,Evening,Friday,21.24,73.44,155.18,5.1,6,Level 1,Long-Distance Traveler
User_1068,Hyundai Kona,62,Station_196,Houston,02/14/2024 11:00,02/14/2024 11:53,40.79,3.43,11.03,22.86,Morning,Thursday,68.76,55.15,159.62,-0.66,3,Level 1,Long-Distance Traveler
User_1069,Tesla Model 3,62,Station_307,Los Angeles,02/14/2024 12:00,02/14/2024 12:55,21.87,0.57,10.6,25.99,Evening,Sunday,44.92,53.75,296.58,33.4,1,Level 1,Commuter
User_1070,Tesla Model 3,75,Station_152,New York,02/14/2024 13:00,02/14/2024 16:22,47.23,3.64,42.96,37.9,Afternoon,Monday,12.43,68.06,208.82,10.74,2,Level 1,Casual Driver
User_1071,Hyundai Kona,62,Station_14,Chicago,02/14/2024 14:00,02/14/2024 17:05,,2.88,18.56,13.93,Evening,Tuesday,64.49,150.79,246.15,28.1,5,DC Fast Charger,Commuter
User_1072,Chevy Bolt,82.67,Station_325,Houston,02/14/2024 15:00,02/14/2024 17:29,18.79,1.64,38.26,39.52,Evening,Monday,41.77,67.07,,-2.74,3,Level 2,Long-Distance Traveler
User_1073,Chevy Bolt,100,Station_146,Chicago,02/14/2024 16:00,02/14/2024 17:51,47.29,0.66,3.6,11.97,Night,Wednesday,64.57,63.96,295.21,-3.67,1,DC Fast Charger,Commuter
User_1074,Chevy Bolt,62,Station_426,San Francisco,02/14/2024 17:00,02/14/2024 19:09,30.17,1.17,21.34,27.39,Afternoon,Monday,77.6,58.55,185.55,37.22,5,DC Fast Charger,Casual Driver
User_1075,Hyundai Kona,85,Station_57,Houston,02/14/2024 18:00,02/14/2024 21:06,34.9,1.6,4.88,33.68,Afternoon,Friday,61.53,89,269.89,-6.43,1,Level 1,Casual Driver
User_1076,Tesla Model 3,100,Station_211,Chicago,02/14/2024 19:00,02/14/2024 19:46,54.96,3.52,41.41,38.77,Morning,Friday,19.83,92.78,141.47,39.53,3,Level 2,Long-Distance Traveler
User_1077,Hyundai Kona,50,Station_268,San Francisco,02/14/2024 20:00,02/14/2024 21:37,74.79,1.68,36.55,31.3,Afternoon,Tuesday,37.37,98.56,245.6,21.38,7,DC Fast Charger,Commuter
User_1078,Hyundai Kona,75,Station_210,Chicago,02/14/2024 21:00,02/14/2024 22:13,34.79,1.81,23.22,31.8,Night,Tuesday,42.67,75.7,247.75,17.24,5,Level 2,Commuter
User_1079,Chevy Bolt,75,Station_17,Chicago,02/14/2024 22:00,02/14/2024 23:30,69.13,3.01,10.71,17.39,Morning,Tuesday,28.9,78.35,91.55,3.44,2,Level 2,Casual Driver
User_1080,Nissan Leaf,78.43,Station_286,Houston,02/14/2024 23:00,02/15/2024 1:32,38.09,1.95,1.65,15.63,Evening,Saturday,11.83,97.63,135.71,-5.94,7,Level 1,Long-Distance Traveler
User_1081,Tesla Model 3,50,Station_344,San Francisco,02/15/2024 0:00,02/15/2024 2:02,27.75,0.9,31.66,17.09,Afternoon,Sunday,24.84,87.94,265.69,34.02,1,Level 2,Casual Driver
User_1082,Chevy Bolt,85,Station_203,New York,02/15/2024 1:00,02/15/2024 4:45,41.65,0.14,11.11,33.39,Evening,Wednesday,90.93,52.84,111.86,13.07,2.93,DC Fast Charger,Casual Driver
User_1083,Nissan Leaf,85,Station_99,Los Angeles,02/15/2024 2:00,02/15/2024 3:43,35.39,2.31,44.85,38.4,Morning,Saturday,34.64,54.27,286.84,-7.64,7,DC Fast Charger,Long-Distance Traveler
User_1084,Nissan Leaf,85,Station_279,Houston,02/15/2024 3:00,02/15/2024 6:02,68.57,1.56,16.48,24.53,Afternoon,Saturday,68.27,93.57,92.04,-9.83,2,Level 1,Casual Driver
User_1085,BMW i3,106.82,Station_209,San Francisco,02/15/2024 4:00,02/15/2024 5:36,,2.22,38.97,6.56,Morning,Saturday,18.34,86.04,30.65,17.78,6,DC Fast Charger,Commuter
User_1086,Tesla Model 3,50,Station_129,Chicago,02/15/2024 5:00,02/15/2024 7:20,36.47,1.21,37.86,9.94,Morning,Monday,21.02,82.18,56.43,36.15,1,Level 1,Commuter
User_1087,Nissan Leaf,100,Station_335,San Francisco,02/15/2024 6:00,02/15/2024 6:31,44.64,1.2,,17.66,Afternoon,Thursday,32.3,69.58,294.76,-6.26,6,DC Fast Charger,Commuter
User_1088,Chevy Bolt,50,Station_288,Los Angeles,02/15/2024 7:00,02/15/2024 8:58,40.27,2.69,49.57,25.55,Afternoon,Sunday,21.83,68,156.49,33.79,2,DC Fast Charger,Casual Driver
User_1089,BMW i3,62,Station_252,Los Angeles,02/15/2024 8:00,02/15/2024 11:26,34.43,0.68,34.17,12.65,Morning,Monday,77.3,54.74,265.84,22.21,3,Level 1,Long-Distance Traveler
User_1090,Tesla Model 3,50,Station_265,New York,02/15/2024 9:00,02/15/2024 12:47,,0.94,15.42,31.47,Night,Tuesday,21.39,70.38,266.59,20.78,3,Level 2,Long-Distance Traveler
User_1091,Hyundai Kona,85,Station_271,New York,02/15/2024 10:00,02/15/2024 10:55,18.56,1.58,,7.25,Afternoon,Wednesday,28.8,51.48,397.82,26.2,1,Level 1,Long-Distance Traveler
User_1092,Chevy Bolt,75,Station_412,Los Angeles,02/15/2024 11:00,02/15/2024 14:49,59.8,2.12,14.56,22.93,Morning,Saturday,28.19,96.03,276.23,-0.64,4,Level 2,Long-Distance Traveler
User_1093,Nissan Leaf,75,Station_408,Houston,02/15/2024 12:00,02/15/2024 14:08,59.77,3.25,35.05,39.3,Evening,Monday,81.95,59.95,166.33,18.16,2,Level 2,Long-Distance Traveler
User_1094,Nissan Leaf,62,Station_188,Houston,02/15/2024 13:00,02/15/2024 13:56,36.7,1.87,19.12,5.56,Evening,Sunday,26.35,95.16,49.55,30.29,6.45,Level 1,Casual Driver
User_1095,Chevy Bolt,62,Station_419,Chicago,02/15/2024 14:00,02/15/2024 15:58,10.23,2.69,44.96,36.64,Afternoon,Friday,58.95,54.52,112.01,-3.82,5,Level 1,Long-Distance Traveler
User_1096,Nissan Leaf,100,Station_214,New York,02/15/2024 15:00,02/15/2024 17:55,24.23,0.93,7.76,23.53,Afternoon,Sunday,17.7,75.5,171.99,4.98,5,Level 1,Commuter
User_1097,BMW i3,85,Station_283,Chicago,02/15/2024 16:00,02/15/2024 19:31,21.71,2.51,47.98,8.12,Evening,Saturday,17.08,94.51,169.83,18.75,5,Level 2,Casual Driver
User_1098,Tesla Model 3,85,Station_211,New York,02/15/2024 17:00,02/15/2024 17:30,57.9,1.73,10.41,23.09,Morning,Sunday,53.19,96.34,101.55,23.91,5,Level 2,Commuter
User_1099,BMW i3,85,Station_365,Los Angeles,02/15/2024 18:00,02/15/2024 21:38,35.17,1.39,38.82,39.91,Morning,Monday,78.18,39.33,178.01,8.22,1,Level 2,Long-Distance Traveler
User_1100,Nissan Leaf,75,Station_76,Houston,02/15/2024 19:00,02/15/2024 21:12,15.73,3.88,38.32,19.63,Morning,Friday,10.87,80.29,279.03,10.75,5,Level 2,Long-Distance Traveler
User_1101,Hyundai Kona,85,Station_148,Houston,02/15/2024 20:00,02/15/2024 22:40,34.08,2.36,12.6,19.57,Night,Monday,70.12,61.6,,5.37,1,Level 1,Commuter
User_1102,Tesla Model 3,100,Station_321,Los Angeles,02/15/2024 21:00,02/16/2024 0:45,26.05,2.03,27.15,36.22,Afternoon,Monday,88.85,69.47,211.49,19.39,2,Level 1,Commuter
User_1103,Tesla Model 3,85,Station_213,Chicago,02/15/2024 22:00,02/15/2024 23:10,21.85,3.28,,11.77,Night,Saturday,19.55,54.51,240.66,11.91,0,Level 2,Casual Driver
User_1104,Chevy Bolt,75,Station_433,Chicago,02/15/2024 23:00,02/16/2024 2:14,15.43,1.71,19,22.77,Night,Monday,27.1,55.42,218.14,0.01,1,DC Fast Charger,Long-Distance Traveler
User_1105,Chevy Bolt,85,Station_109,San Francisco,02/16/2024 0:00,02/16/2024 1:20,13.65,1.46,33.3,38.31,Night,Tuesday,44.39,86.61,,28.92,5,Level 1,Long-Distance Traveler
User_1106,Hyundai Kona,75,Station_129,New York,02/16/2024 1:00,02/16/2024 1:44,24.78,0.88,,7.64,Night,Sunday,41.9,52.62,171.11,0.95,6.66,DC Fast Charger,Long-Distance Traveler
User_1107,Tesla Model 3,75,Station_10,Chicago,02/16/2024 2:00,02/16/2024 2:37,67.46,0.87,17.89,29.52,Morning,Friday,58.36,83.42,93.35,24.42,4,DC Fast Charger,Commuter
User_1108,Hyundai Kona,62,Station_47,Los Angeles,02/16/2024 3:00,02/16/2024 4:07,12.04,1.03,,22.74,Afternoon,Wednesday,22.71,62.28,284.19,12.59,5,DC Fast Charger,Long-Distance Traveler
User_1109,Chevy Bolt,85,Station_379,Chicago,02/16/2024 4:00,02/16/2024 6:23,61.23,2.33,9.14,38.66,Afternoon,Thursday,53.24,85.78,13.79,38.96,7,Level 2,Casual Driver
User_1110,Chevy Bolt,50,Station_315,Houston,02/16/2024 5:00,02/16/2024 6:52,23.19,2.01,31.98,5.81,Night,Sunday,72.88,86.94,181.05,17.08,7,Level 1,Casual Driver
User_1111,Tesla Model 3,85,Station_96,New York,02/16/2024 6:00,02/16/2024 7:25,48.39,3.74,27.81,15.99,Afternoon,Saturday,19.32,81.93,112.1,17.95,7,DC Fast Charger,Commuter
User_1112,BMW i3,75,Station_446,San Francisco,02/16/2024 7:00,02/16/2024 10:24,29.68,3.72,45.67,21.06,Evening,Friday,79.22,54.37,265.98,34.19,3,Level 2,Commuter
User_1113,Nissan Leaf,85,Station_103,New York,02/16/2024 8:00,02/16/2024 10:12,25.09,3.45,4.96,21.53,Morning,Tuesday,36.84,58.6,,-9.6,5,Level 1,Casual Driver
User_1114,Chevy Bolt,75,Station_380,Houston,02/16/2024 9:00,02/16/2024 11:47,,2.22,47.66,19.81,Afternoon,Friday,25.18,80.24,200.88,20.78,6,Level 2,Commuter
User_1115,Chevy Bolt,100,Station_342,Houston,02/16/2024 10:00,02/16/2024 12:11,56.12,1.06,5.49,16.35,Morning,Wednesday,22.35,80.09,81.97,36.59,7,Level 1,Commuter
User_1116,BMW i3,50,Station_146,Houston,02/16/2024 11:00,02/16/2024 12:47,15.9,3.17,40.44,12.07,Evening,Saturday,46.22,60.73,211.55,-5.07,7,Level 1,Long-Distance Traveler
User_1117,BMW i3,85,Station_368,Houston,02/16/2024 12:00,02/16/2024 15:26,41.16,3.26,46.13,13.44,Morning,Friday,31.47,77.45,125.76,29.45,5,Level 2,Casual Driver
User_1118,Hyundai Kona,50,Station_430,Los Angeles,02/16/2024 13:00,02/16/2024 16:18,41.91,1.89,24.48,26.73,Evening,Sunday,46.4,58.93,44.51,11.77,5,DC Fast Charger,Long-Distance Traveler
User_1119,Hyundai Kona,85,Station_416,San Francisco,02/16/2024 14:00,02/16/2024 15:52,8.34,2.43,41.76,8.21,Night,Tuesday,15.63,42.51,206.27,-7.33,4,Level 1,Casual Driver
User_1120,Nissan Leaf,62,Station_27,Houston,02/16/2024 15:00,02/16/2024 15:59,90.24,1.29,4.84,35.03,Afternoon,Saturday,70.55,50.52,102.76,36.37,1,Level 1,Long-Distance Traveler
User_1121,Nissan Leaf,62,Station_220,Houston,02/16/2024 16:00,02/16/2024 16:34,18.1,1.93,41.55,37.7,Night,Tuesday,33.3,99.7,51.24,1.1,3,DC Fast Charger,Casual Driver
User_1122,Tesla Model 3,50,Station_18,Chicago,02/16/2024 17:00,02/16/2024 19:28,59.2,3.4,10.55,7.03,Afternoon,Saturday,32.9,90.24,286.82,2.48,6,Level 1,Casual Driver
User_1123,Hyundai Kona,85,Station_167,San Francisco,02/16/2024 18:00,02/16/2024 21:48,,3.78,7.75,11.57,Night,Thursday,25.61,76.51,249.13,5.15,5,DC Fast Charger,Casual Driver
User_1124,Chevy Bolt,85,Station_433,New York,02/16/2024 19:00,02/16/2024 20:00,15.77,2.69,25.36,36.23,Evening,Wednesday,59.61,58.96,297.1,23.96,7,Level 1,Commuter
User_1125,Hyundai Kona,50,Station_477,San Francisco,02/16/2024 20:00,02/16/2024 23:29,75.09,1.85,12.37,6.12,Afternoon,Thursday,61.93,50.51,150.26,23.98,3,DC Fast Charger,Long-Distance Traveler
User_1126,Chevy Bolt,100,Station_82,San Francisco,02/16/2024 21:00,02/16/2024 21:52,23.92,2.33,33.5,5.59,Night,Sunday,38.27,84.48,295.97,4.83,2,Level 1,Commuter
User_1127,BMW i3,50,Station_428,San Francisco,02/16/2024 22:00,02/16/2024 23:17,13.82,2.09,12.27,20.84,Morning,Sunday,86.61,99.09,119.34,38.59,7,Level 1,Commuter
User_1128,Hyundai Kona,62,Station_72,Houston,02/16/2024 23:00,02/17/2024 1:18,79.97,1.16,37.46,8.47,Morning,Sunday,75.83,67.98,117.7,16.05,5,Level 1,Casual Driver
User_1129,BMW i3,50,Station_310,Houston,02/17/2024 0:00,02/17/2024 1:09,5.16,3.91,5.27,7.41,Night,Monday,32.17,56.72,45.4,-9.82,2,DC Fast Charger,Casual Driver
User_1130,Nissan Leaf,75,Station_479,Los Angeles,02/17/2024 1:00,02/17/2024 1:35,55.1,1.29,45.21,8.63,Evening,Sunday,54.16,56.7,100.84,3.29,3,Level 1,Commuter
User_1131,Nissan Leaf,102.4,Station_254,New York,02/17/2024 2:00,02/17/2024 3:07,38.19,3.23,23.2,8.64,Night,Tuesday,40.63,62.8,72.32,21.18,6,Level 2,Commuter
User_1132,Tesla Model 3,60.31,Station_162,Chicago,02/17/2024 3:00,02/17/2024 6:18,41.13,0.63,46.54,10.68,Morning,Thursday,64.75,92.69,224.56,11.13,4.44,Level 2,Commuter
User_1133,Hyundai Kona,100,Station_327,San Francisco,02/17/2024 4:00,02/17/2024 6:09,55.2,1.7,26.97,13.32,Afternoon,Tuesday,28.69,81.11,,15.3,6,Level 2,Casual Driver
User_1134,BMW i3,75,Station_420,New York,02/17/2024 5:00,02/17/2024 5:56,72.31,0.95,34.26,23.89,Afternoon,Saturday,59.49,92.31,54.14,8.41,0,Level 1,Casual Driver
User_1135,Chevy Bolt,75,Station_402,New York,02/17/2024 6:00,02/17/2024 9:52,37.49,1.85,15.8,7.39,Night,Tuesday,86.54,93.38,215.9,0.4,7,DC Fast Charger,Casual Driver
User_1136,Nissan Leaf,62,Station_38,Los Angeles,02/17/2024 7:00,02/17/2024 8:38,55.37,3.14,18.05,8.62,Afternoon,Monday,57.07,92.42,270.04,-2.64,2,DC Fast Charger,Long-Distance Traveler
User_1137,Nissan Leaf,75,Station_443,Chicago,02/17/2024 8:00,02/17/2024 9:26,33.47,3.39,18.94,33.22,Morning,Tuesday,44.25,91.06,40.32,26.83,6,Level 1,Commuter
User_1138,Chevy Bolt,85,Station_393,San Francisco,02/17/2024 9:00,02/17/2024 9:46,53.36,3.38,11.31,23.06,Afternoon,Saturday,29.88,95.54,,3.51,0,Level 2,Commuter
User_1139,BMW i3,62,Station_201,Chicago,02/17/2024 10:00,02/17/2024 11:40,76.04,2.2,14.89,14.96,Night,Saturday,87.91,67.05,259.72,23.19,4,DC Fast Charger,Long-Distance Traveler
User_1140,BMW i3,75,Station_494,Los Angeles,02/17/2024 11:00,02/17/2024 12:16,9.79,3.76,12.89,20.91,Night,Thursday,89.04,54.07,60.33,31.35,6,Level 1,Commuter
User_1141,Hyundai Kona,85,Station_200,Houston,02/17/2024 12:00,02/17/2024 13:48,45.45,1.44,28.19,39.6,Night,Sunday,18.31,66.43,131.05,28.51,7,DC Fast Charger,Commuter
User_1142,Hyundai Kona,100,Station_255,New York,02/17/2024 13:00,02/17/2024 15:19,31.73,2.29,37.5,28.38,Morning,Wednesday,76.84,87.56,47.42,7.58,0,Level 2,Commuter
User_1143,Tesla Model 3,62,Station_179,San Francisco,02/17/2024 14:00,02/17/2024 14:42,76.16,2.48,32.56,26.77,Evening,Friday,24.93,79.56,83,38.5,4,Level 2,Long-Distance Traveler
User_1144,Nissan Leaf,75,Station_35,Houston,02/17/2024 15:00,02/17/2024 17:48,59.17,2.77,15.22,18.82,Afternoon,Thursday,50.51,68.6,156.81,29.06,1,DC Fast Charger,Long-Distance Traveler
User_1145,Hyundai Kona,179.01,Station_82,Los Angeles,02/17/2024 16:00,02/17/2024 18:33,15.1,2.89,5.05,22.01,Night,Monday,51.48,72.7,152.89,18.97,6,Level 1,Commuter
User_1146,BMW i3,62,Station_389,Chicago,02/17/2024 17:00,02/17/2024 19:18,66.25,1.25,37.46,13.37,Evening,Friday,43.85,61.65,152.26,8.95,3,Level 1,Casual Driver
User_1147,Chevy Bolt,75,Station_398,New York,02/17/2024 18:00,02/17/2024 19:59,30.73,3,11.22,37.96,Night,Tuesday,41.9,79.16,207.48,-4.45,5,DC Fast Charger,Commuter
User_1148,BMW i3,85,Station_220,San Francisco,02/17/2024 19:00,02/17/2024 20:55,77.69,3.62,,21.99,Night,Thursday,11.3,81,15.22,-8.37,0,Level 2,Commuter
User_1149,Nissan Leaf,100,Station_158,Houston,02/17/2024 20:00,02/17/2024 22:01,77.13,1.23,39.43,29.79,Morning,Friday,62.32,81.41,272.8,-3.66,1,Level 1,Casual Driver
User_1150,BMW i3,100,Station_4,Houston,02/17/2024 21:00,02/17/2024 21:53,8.28,1.25,11.02,27.33,Morning,Sunday,76.67,62.01,216.5,-2.65,2,DC Fast Charger,Commuter
User_1151,Tesla Model 3,75,Station_167,New York,02/17/2024 22:00,02/17/2024 23:42,50.53,1.03,34.64,5.11,Evening,Sunday,25.35,63.66,62.53,-9.16,0,DC Fast Charger,Commuter
User_1152,Nissan Leaf,65.97,Station_468,Chicago,02/17/2024 23:00,02/17/2024 23:33,64.93,3.73,45.6,38.45,Night,Thursday,58.16,72.86,115.73,26.68,2,Level 2,Long-Distance Traveler
User_1153,Chevy Bolt,85,Station_448,Los Angeles,02/18/2024 0:00,02/18/2024 2:22,,3.34,39.4,11.08,Afternoon,Sunday,34.07,98.87,,32.31,5,Level 2,Commuter
User_1154,Tesla Model 3,62,Station_409,Chicago,02/18/2024 1:00,02/18/2024 2:15,55.63,1.38,8.18,25.72,Afternoon,Tuesday,50.63,53.25,294.29,14.56,6,Level 1,Casual Driver
User_1155,Nissan Leaf,85,Station_412,Chicago,02/18/2024 2:00,02/18/2024 2:47,41.99,1.2,6.48,30.38,Afternoon,Saturday,46.35,91.11,54.27,37.29,4,Level 1,Long-Distance Traveler
User_1156,Chevy Bolt,24.74,Station_204,Chicago,02/18/2024 3:00,02/18/2024 4:12,38.7,0.55,30.85,12.73,Evening,Thursday,27.79,54.74,384.69,36.66,5,Level 1,Long-Distance Traveler
User_1157,Tesla Model 3,84.63,Station_194,New York,02/18/2024 4:00,02/18/2024 7:57,62.26,1.7,23.58,17.19,Morning,Monday,34.7,51.28,299.66,9.25,2,Level 2,Casual Driver
User_1158,Tesla Model 3,62,Station_235,New York,02/18/2024 5:00,02/18/2024 8:10,35.84,3.79,34.74,13.91,Evening,Friday,55.96,87.11,263.58,9.19,6,DC Fast Charger,Casual Driver
User_1159,Nissan Leaf,100,Station_206,Los Angeles,02/18/2024 6:00,02/18/2024 8:02,55.47,3.54,26.48,14.83,Morning,Friday,38.48,82.3,76.93,1.36,0,Level 1,Long-Distance Traveler
User_1160,Hyundai Kona,62,Station_150,Chicago,02/18/2024 7:00,02/18/2024 9:12,19.72,1.48,47.61,9.04,Afternoon,Friday,58.69,84.55,32.32,35.77,1.41,Level 1,Commuter
User_1161,Tesla Model 3,28.59,Station_159,New York,02/18/2024 8:00,02/18/2024 10:33,68.45,2.19,14.97,14.5,Afternoon,Thursday,26.46,98.79,61.81,18.6,4.39,Level 1,Commuter
User_1162,Tesla Model 3,62,Station_279,Los Angeles,02/18/2024 9:00,02/18/2024 9:39,79.95,1.66,10.89,17.62,Morning,Tuesday,52.14,93.02,176.22,34.43,6,DC Fast Charger,Long-Distance Traveler
User_1163,Chevy Bolt,85,Station_304,Los Angeles,02/18/2024 10:00,02/18/2024 11:42,60.47,3.72,28.75,19.65,Afternoon,Thursday,33.68,78.91,147.74,-2.66,1,Level 1,Commuter
User_1164,BMW i3,75,Station_404,Chicago,02/18/2024 11:00,02/18/2024 14:36,35.38,1.72,23.77,16.08,Evening,Thursday,54.48,70.46,33.69,33.89,5,Level 1,Long-Distance Traveler
User_1165,Nissan Leaf,62,Station_381,San Francisco,02/18/2024 12:00,02/18/2024 13:00,37.69,0.6,45.36,33.81,Morning,Sunday,17.97,67.46,172.1,26.07,1,Level 2,Casual Driver
User_1166,Nissan Leaf,110.66,Station_166,Chicago,02/18/2024 13:00,02/18/2024 16:05,20.79,1.47,30.19,16.08,Afternoon,Saturday,33.55,93.65,155.78,13.66,6,Level 2,Commuter
User_1167,Hyundai Kona,100,Station_311,San Francisco,02/18/2024 14:00,02/18/2024 15:29,53.36,3.8,38.63,13.61,Night,Friday,33.27,92.04,42.14,29.88,4,Level 2,Commuter
User_1168,Hyundai Kona,100,Station_68,Los Angeles,02/18/2024 15:00,02/18/2024 17:40,24.27,1.64,30.49,15.81,Afternoon,Tuesday,74.68,79.53,80.32,11.7,6,DC Fast Charger,Long-Distance Traveler
User_1169,Nissan Leaf,62,Station_463,New York,02/18/2024 16:00,02/18/2024 18:27,68.21,2.84,21.9,38.65,Night,Wednesday,87.9,63.86,71.17,34.38,5,Level 2,Long-Distance Traveler
User_1170,Hyundai Kona,100,Station_88,Houston,02/18/2024 17:00,02/18/2024 20:32,27.71,2.86,45.33,38.04,Afternoon,Tuesday,46.48,98.63,104.86,19.03,4,Level 1,Commuter
User_1171,Chevy Bolt,50,Station_217,Los Angeles,02/18/2024 18:00,02/18/2024 18:43,76.69,0.73,45.76,35.27,Night,Sunday,33.29,52.04,190.94,38.74,1,Level 1,Commuter
User_1172,Nissan Leaf,50,Station_1,New York,02/18/2024 19:00,02/18/2024 22:35,45.36,0.56,25.04,33.71,Afternoon,Thursday,39.08,91.73,109.93,37.33,5,DC Fast Charger,Commuter
User_1173,Hyundai Kona,50,Station_135,Los Angeles,02/18/2024 20:00,02/18/2024 22:52,27.5,1.37,46.48,8.15,Night,Monday,61.56,63.29,97.46,12.41,3,DC Fast Charger,Casual Driver
User_1174,Nissan Leaf,100,Station_185,Chicago,02/18/2024 21:00,02/18/2024 21:31,74.71,3.68,33.46,38.77,Morning,Tuesday,56.91,90.24,166.68,7.88,1,Level 1,Commuter
User_1175,BMW i3,100,Station_351,San Francisco,02/18/2024 22:00,02/18/2024 22:53,37.52,2.78,24.98,12.98,Morning,Friday,23.17,79.15,27.72,-7.65,0,DC Fast Charger,Commuter
User_1176,Tesla Model 3,100.57,Station_140,Los Angeles,02/18/2024 23:00,02/19/2024 2:55,24.04,2.91,26.03,25.49,Night,Monday,81.15,50.45,146.92,8.83,1,Level 1,Long-Distance Traveler
User_1177,Nissan Leaf,75,Station_106,New York,02/19/2024 0:00,02/19/2024 1:33,9.52,1.28,48.58,15.14,Afternoon,Wednesday,18.26,88.41,207.1,27.83,0,Level 2,Casual Driver
User_1178,Tesla Model 3,48.35,Station_133,Chicago,02/19/2024 1:00,02/19/2024 4:48,39.88,3.04,19.46,20.34,Evening,Wednesday,58.02,52.29,172.52,31.64,4,Level 1,Long-Distance Traveler
User_1179,Hyundai Kona,50,Station_108,Houston,02/19/2024 2:00,02/19/2024 4:09,5.76,2.29,39.13,34.4,Evening,Monday,63.62,73.81,107.67,18.96,3,DC Fast Charger,Commuter
User_1180,Tesla Model 3,100,Station_178,Chicago,02/19/2024 3:00,02/19/2024 5:23,13,1.7,41.18,18.41,Evening,Sunday,40.69,57.67,245.86,39.63,6,Level 2,Casual Driver
User_1181,Nissan Leaf,62,Station_298,San Francisco,02/19/2024 4:00,02/19/2024 4:53,21.35,2.86,21.5,19.3,Evening,Wednesday,49.32,56.18,29.26,2.5,6,Level 1,Commuter
User_1182,BMW i3,100,Station_358,Chicago,02/19/2024 5:00,02/19/2024 8:04,48.85,1.66,7.24,17.93,Night,Monday,22.71,62.07,107.31,-0.34,3,DC Fast Charger,Casual Driver
User_1183,Hyundai Kona,100,Station_380,Houston,02/19/2024 6:00,02/19/2024 9:14,9.21,2.86,14.83,34.45,Morning,Thursday,46.61,66.15,280.54,18.46,7,DC Fast Charger,Casual Driver
User_1184,Nissan Leaf,75,Station_396,New York,02/19/2024 7:00,02/19/2024 9:00,19.94,1.91,26.75,37.02,Morning,Monday,12.43,139.9,105.66,3.37,3,Level 2,Casual Driver
User_1185,Hyundai Kona,62,Station_359,Los Angeles,02/19/2024 8:00,02/19/2024 11:16,,1.05,27.82,12.43,Evening,Thursday,43.44,56.19,122.3,12.79,2,Level 1,Casual Driver
User_1186,Chevy Bolt,85,Station_146,San Francisco,02/19/2024 9:00,02/19/2024 12:40,76.19,2.85,14.98,22.65,Morning,Sunday,10.29,76.73,69.19,15.25,0,Level 1,Casual Driver
User_1187,Tesla Model 3,75,Station_450,Houston,02/19/2024 10:00,02/19/2024 13:56,72.94,3.61,13.83,35.86,Night,Friday,44.09,61.94,19.31,38.67,6,DC Fast Charger,Casual Driver
User_1188,Chevy Bolt,75,Station_74,San Francisco,02/19/2024 11:00,02/19/2024 11:55,24.54,1.71,,31.06,Evening,Friday,18.63,76.46,81.74,-1.64,4.59,Level 2,Long-Distance Traveler
User_1189,Nissan Leaf,85,Station_463,Chicago,02/19/2024 12:00,02/19/2024 13:34,7.45,3.48,,15.13,Night,Wednesday,65.87,84.11,30.92,10.51,2.08,Level 1,Long-Distance Traveler
User_1190,BMW i3,85,Station_478,San Francisco,02/19/2024 13:00,02/19/2024 15:29,17.2,1.66,,38.89,Night,Saturday,24.07,76.81,160.29,-4.25,1,Level 2,Commuter
User_1191,Hyundai Kona,50,Station_108,Houston,02/19/2024 14:00,02/19/2024 14:33,,2.29,21.67,8.33,Afternoon,Saturday,58.69,84.96,116.66,-3.11,1,DC Fast Charger,Casual Driver
User_1192,Tesla Model 3,75,Station_122,Los Angeles,02/19/2024 15:00,02/19/2024 18:06,72.28,1.1,7.44,11.99,Night,Monday,87.22,65.57,155.31,4.7,7,Level 1,Casual Driver
User_1193,Hyundai Kona,85,Station_17,Los Angeles,02/19/2024 16:00,02/19/2024 16:30,18.02,2.46,43.7,17.78,Afternoon,Sunday,71.41,76.22,28.55,19.17,4,DC Fast Charger,Long-Distance Traveler
User_1194,Nissan Leaf,75,Station_196,San Francisco,02/19/2024 17:00,02/19/2024 18:19,59.13,2.42,6.94,37.99,Evening,Thursday,47.38,51.07,238.74,19.75,0,Level 1,Commuter
User_1195,Hyundai Kona,85,Station_327,New York,02/19/2024 18:00,02/19/2024 20:19,35.87,4.23,32.8,25.03,Night,Friday,83.52,85.7,258.03,8.25,5.35,DC Fast Charger,Commuter
User_1196,Tesla Model 3,62,Station_318,San Francisco,02/19/2024 19:00,02/19/2024 21:48,5.2,1.89,49.33,30.87,Morning,Sunday,18.98,89.64,179.29,37.58,2.4,Level 1,Long-Distance Traveler
User_1197,Nissan Leaf,50,Station_297,Chicago,02/19/2024 20:00,02/19/2024 21:43,28.77,1.19,25.8,17.02,Evening,Friday,27.99,69.5,163.04,37.49,6,Level 2,Long-Distance Traveler
User_1198,Hyundai Kona,75,Station_479,Los Angeles,02/19/2024 21:00,02/20/2024 0:36,61.91,3.1,37.77,31.22,Night,Friday,18.22,88.06,291.18,18.77,3,Level 1,Casual Driver
User_1199,BMW i3,100,Station_499,Los Angeles,02/19/2024 22:00,02/19/2024 23:31,35.02,2.85,12.54,26.83,Night,Wednesday,19.07,77.59,49.67,10.2,3,Level 1,Long-Distance Traveler
User_1200,Nissan Leaf,50,Station_252,Los Angeles,02/19/2024 23:00,02/20/2024 0:50,14.8,2.61,27.5,33.99,Morning,Friday,19.6,82.03,58.87,27.22,3,DC Fast Charger,Casual Driver
User_1201,Nissan Leaf,75,Station_487,New York,02/20/2024 0:00,02/20/2024 3:13,65.1,1.02,47.44,31.7,Afternoon,Saturday,17.25,99.67,41.26,10.93,4,Level 1,Commuter
User_1202,BMW i3,75,Station_119,New York,02/20/2024 1:00,02/20/2024 2:25,18.12,3.41,35.16,15.37,Night,Tuesday,41.08,146.76,277.02,4.6,7,Level 1,Casual Driver
User_1203,Chevy Bolt,86.72,Station_162,Houston,02/20/2024 2:00,02/20/2024 4:20,61.63,2.94,20.39,32.96,Night,Wednesday,23.36,96.41,83.92,-6.98,3,Level 1,Long-Distance Traveler
User_1204,Tesla Model 3,75,Station_198,San Francisco,02/20/2024 3:00,02/20/2024 3:50,71.81,3.74,39.47,21.01,Morning,Monday,49.9,60.39,55.97,-0.83,2,DC Fast Charger,Casual Driver
User_1205,Chevy Bolt,100,Station_498,San Francisco,02/20/2024 4:00,02/20/2024 6:50,45.99,1.6,42.36,19.23,Evening,Tuesday,63.54,60.39,113.46,5.82,3,Level 1,Casual Driver
User_1206,Hyundai Kona,100,Station_486,Chicago,02/20/2024 5:00,02/20/2024 5:38,45.86,1.31,47.5,35.55,Night,Wednesday,26.45,50.88,85,7.16,4,Level 2,Long-Distance Traveler
User_1207,BMW i3,100,Station_45,Los Angeles,02/20/2024 6:00,02/20/2024 8:48,55.69,2.87,3.86,5.43,Afternoon,Sunday,25.91,91.24,,11.35,0,Level 2,Casual Driver
User_1208,Chevy Bolt,61.95,Station_314,New York,02/20/2024 7:00,02/20/2024 10:52,23.05,3.66,36.77,9.64,Afternoon,Wednesday,36.14,50.59,286.38,-7.86,2,DC Fast Charger,Commuter
User_1209,Nissan Leaf,50,Station_179,Chicago,02/20/2024 8:00,02/20/2024 9:39,39.97,0.69,37.68,35.48,Morning,Thursday,88.3,71.14,60.92,11.02,4,Level 1,Casual Driver
User_1210,Hyundai Kona,75,Station_382,Chicago,02/20/2024 9:00,02/20/2024 11:38,21.05,1.46,6.31,46.17,Afternoon,Tuesday,50.71,64.14,135.64,26.19,5,DC Fast Charger,Long-Distance Traveler
User_1211,Hyundai Kona,100,Station_418,New York,02/20/2024 10:00,02/20/2024 12:27,8.79,2.91,,15.66,Night,Tuesday,49.82,86.76,98.66,-9.12,1,Level 1,Long-Distance Traveler
User_1212,Chevy Bolt,62,Station_44,San Francisco,02/20/2024 11:00,02/20/2024 14:47,97.67,2.82,34.01,14.87,Afternoon,Saturday,31.72,64,249.07,-7.75,5,DC Fast Charger,Long-Distance Traveler
User_1213,Chevy Bolt,100,Station_271,Los Angeles,02/20/2024 12:00,02/20/2024 15:54,39.95,2.71,34.1,29.24,Night,Tuesday,15.07,98.61,132.79,-5.5,1,Level 1,Casual Driver
User_1214,BMW i3,86.17,Station_78,San Francisco,02/20/2024 13:00,02/20/2024 14:25,41.01,3.07,35.24,43.37,Morning,Friday,56.93,79.68,223.72,31.59,2,Level 1,Commuter
User_1215,Tesla Model 3,75,Station_326,Chicago,02/20/2024 14:00,02/20/2024 15:00,11.42,3.25,26.14,12.86,Afternoon,Saturday,75.86,60.2,31.31,-2.44,4,DC Fast Charger,Long-Distance Traveler
User_1216,Chevy Bolt,100,Station_178,Los Angeles,02/20/2024 15:00,02/20/2024 16:06,52.28,1.77,23.88,23.7,Night,Sunday,21.86,79.26,41.29,6.39,6,DC Fast Charger,Long-Distance Traveler
User_1217,Chevy Bolt,75,Station_357,Houston,02/20/2024 16:00,02/20/2024 19:24,77.63,3.31,11.18,10.91,Evening,Friday,54.64,58.02,101.4,2.21,2,DC Fast Charger,Commuter
User_1218,Nissan Leaf,50,Station_498,Chicago,02/20/2024 17:00,02/20/2024 19:00,14.18,2.21,21.86,23.92,Night,Saturday,18.14,64.34,295.96,8.01,7,Level 1,Long-Distance Traveler
User_1219,Hyundai Kona,62,Station_416,San Francisco,02/20/2024 18:00,02/20/2024 20:23,28.34,2.26,36.29,35.18,Night,Monday,25.45,95.75,85.89,15.73,7,DC Fast Charger,Casual Driver
User_1220,Tesla Model 3,100,Station_451,San Francisco,02/20/2024 19:00,02/20/2024 22:55,17.63,1.73,11.38,30.59,Morning,Sunday,88.54,54.64,179.75,36.45,5,Level 1,Long-Distance Traveler
User_1221,Nissan Leaf,75,Station_3,San Francisco,02/20/2024 20:00,02/20/2024 22:37,45.45,1.13,12.82,29.15,Night,Saturday,59.31,59.87,39.89,37.73,0,Level 2,Long-Distance Traveler
User_1222,BMW i3,50,Station_214,New York,02/20/2024 21:00,02/21/2024 0:24,49.66,3.59,17.66,12.39,Morning,Monday,68.71,84.88,236.73,-4.14,0,Level 2,Casual Driver
User_1223,BMW i3,85,Station_342,Chicago,02/20/2024 22:00,02/21/2024 0:31,23.94,2.16,18.82,23.77,Night,Saturday,24.12,90.83,190.2,-3.24,3,Level 1,Commuter
User_1224,Chevy Bolt,85,Station_74,Los Angeles,02/20/2024 23:00,02/21/2024 0:38,23.87,2.44,23.6,10.91,Night,Monday,75.64,58.59,158.22,11.05,0,Level 1,Commuter
User_1225,Chevy Bolt,50,Station_51,San Francisco,02/21/2024 0:00,02/21/2024 3:35,8.64,2.49,19.67,21.98,Night,Friday,13.25,85.29,132.61,0.87,4,DC Fast Charger,Long-Distance Traveler
User_1226,BMW i3,75,Station_67,San Francisco,02/21/2024 1:00,02/21/2024 2:05,11.14,0.77,,37.34,Morning,Sunday,75.44,98.86,246.71,35.78,5,Level 1,Casual Driver
User_1227,Chevy Bolt,100,Station_332,New York,02/21/2024 2:00,02/21/2024 3:01,46.4,0.98,38.51,6.69,Night,Sunday,61.77,58.63,18.64,-1.9,3,Level 1,Casual Driver
User_1228,Tesla Model 3,64.93,Station_93,Los Angeles,02/21/2024 3:00,02/21/2024 4:33,77.27,3.5,28.93,37.51,Morning,Saturday,34.59,92.21,27.66,12,3,Level 2,Commuter
User_1229,Chevy Bolt,100,Station_176,Chicago,02/21/2024 4:00,02/21/2024 7:48,6,3.98,34.95,30.41,Evening,Thursday,36.4,62.03,270.66,22.98,5,DC Fast Charger,Commuter
User_1230,Hyundai Kona,54.03,Station_145,Houston,02/21/2024 5:00,02/21/2024 8:19,21.27,3.34,40.18,12.19,Morning,Saturday,23.97,90.94,75.73,31.35,6,DC Fast Charger,Commuter
User_1231,Chevy Bolt,62,Station_7,New York,02/21/2024 6:00,02/21/2024 7:17,38.14,0.95,42.52,21.81,Evening,Monday,79.21,147.49,145.03,39.71,7,Level 1,Casual Driver
User_1232,Nissan Leaf,85,Station_269,Chicago,02/21/2024 7:00,02/21/2024 10:51,38,2.06,10.49,16.65,Morning,Sunday,21.31,58.47,214.38,-1.84,1,DC Fast Charger,Casual Driver
User_1233,Tesla Model 3,50,Station_376,Houston,02/21/2024 8:00,02/21/2024 9:50,12.89,2.14,17.34,18.14,Morning,Wednesday,78.39,78.82,88.54,20.06,0,Level 2,Casual Driver
User_1234,Nissan Leaf,85,Station_322,San Francisco,02/21/2024 9:00,02/21/2024 12:07,60.62,1.96,22.68,32.74,Night,Friday,71.58,66.87,286.42,29.72,4,Level 2,Long-Distance Traveler
User_1235,Nissan Leaf,100,Station_4,San Francisco,02/21/2024 10:00,02/21/2024 12:58,,1.62,27.8,58.25,Afternoon,Thursday,74.48,75.87,58.28,33.67,7,Level 2,Long-Distance Traveler
User_1236,Hyundai Kona,75,Station_138,Los Angeles,02/21/2024 11:00,02/21/2024 12:29,5.87,0.89,21.33,21.91,Afternoon,Wednesday,28.9,97.35,280.98,-1.56,4,Level 1,Commuter
User_1237,Tesla Model 3,62,Station_231,Houston,02/21/2024 12:00,02/21/2024 14:50,,1.28,36.6,29.78,Night,Wednesday,76.96,83.76,11.77,12.24,1,Level 1,Commuter
User_1238,Tesla Model 3,100,Station_88,San Francisco,02/21/2024 13:00,02/21/2024 13:30,77.7,1.22,26.42,17.06,Evening,Friday,52.5,66.18,196.29,36.64,5,Level 2,Long-Distance Traveler
User_1239,Tesla Model 3,85,Station_17,San Francisco,02/21/2024 14:00,02/21/2024 15:34,94.37,2.24,31.65,38.09,Night,Saturday,43.88,62.26,205.84,19.12,7,Level 2,Long-Distance Traveler
User_1240,Tesla Model 3,62,Station_52,Los Angeles,02/21/2024 15:00,02/21/2024 16:02,43.96,1.77,36,10.43,Afternoon,Tuesday,60.9,81.09,49.91,3.92,4,DC Fast Charger,Long-Distance Traveler
User_1241,Tesla Model 3,85,Station_134,Chicago,02/21/2024 16:00,02/21/2024 17:07,76.48,1.91,42.37,15.66,Morning,Thursday,27.95,85.82,92.33,5.65,3,DC Fast Charger,Long-Distance Traveler
User_1242,Hyundai Kona,78.51,Station_211,San Francisco,02/21/2024 17:00,02/21/2024 17:54,66.18,3.26,5.92,37.28,Night,Saturday,40.62,54.01,108.14,2.24,3,DC Fast Charger,Commuter
User_1243,Chevy Bolt,50,Station_325,New York,02/21/2024 18:00,02/21/2024 21:03,76.24,3.73,6.8,21.09,Evening,Friday,76.96,61.47,94.43,2.55,4,DC Fast Charger,Long-Distance Traveler
User_1244,Nissan Leaf,75,Station_480,New York,02/21/2024 19:00,02/21/2024 22:54,35.16,0.15,17.64,19.96,Night,Tuesday,76.28,83.59,31.79,-6.23,4,Level 2,Long-Distance Traveler
User_1245,Tesla Model 3,85,Station_458,Chicago,02/21/2024 20:00,02/21/2024 21:28,53.12,1.81,41.69,33.39,Afternoon,Friday,79.45,60.94,139.24,18.71,6,DC Fast Charger,Casual Driver
User_1246,Chevy Bolt,50,Station_393,Houston,02/21/2024 21:00,02/22/2024 0:10,43.13,2.77,5.77,21.6,Morning,Friday,69.62,77.4,167.62,31.06,2.12,Level 2,Commuter
User_1247,Chevy Bolt,75,Station_219,Los Angeles,02/21/2024 22:00,02/22/2024 0:10,60.68,2.22,15.63,31.65,Afternoon,Wednesday,52.46,69.58,61.52,15.95,2,Level 2,Commuter
User_1248,Nissan Leaf,85,Station_205,New York,02/21/2024 23:00,02/22/2024 1:36,33.67,2.01,24.86,37.4,Afternoon,Sunday,57.2,71.73,230.79,25.43,1,Level 1,Casual Driver
User_1249,Hyundai Kona,100,Station_211,New York,02/22/2024 0:00,02/22/2024 1:10,54.55,1.6,19.1,17.03,Afternoon,Saturday,65.65,86.26,44.41,26.23,3,DC Fast Charger,Commuter
User_1250,BMW i3,62,Station_277,Chicago,02/22/2024 1:00,02/22/2024 4:07,14.12,0.94,21.38,3.71,Afternoon,Friday,27.57,60.91,262.13,0.67,5,Level 2,Commuter
User_1251,BMW i3,62,Station_24,Houston,02/22/2024 2:00,02/22/2024 3:26,11.32,1.82,39.96,3.06,Morning,Saturday,59.78,53.01,111.7,-0.89,5,Level 1,Long-Distance Traveler
User_1252,Chevy Bolt,50,Station_486,Houston,02/22/2024 3:00,02/22/2024 6:26,26.59,1.72,24.45,25.2,Afternoon,Tuesday,77.98,91.45,191.39,5.32,1,Level 1,Long-Distance Traveler
User_1253,Nissan Leaf,75,Station_4,Chicago,02/22/2024 4:00,02/22/2024 5:17,65.92,3.32,37.52,8.2,Evening,Wednesday,34.71,99.83,31.82,-0.65,3,Level 2,Commuter
User_1254,BMW i3,62,Station_152,New York,02/22/2024 5:00,02/22/2024 6:41,37.52,0.8,,9.59,Evening,Tuesday,26.14,69.59,238.75,-2.56,7,Level 2,Casual Driver
User_1255,Chevy Bolt,100,Station_443,Los Angeles,02/22/2024 6:00,02/22/2024 9:26,20.07,2.47,48.07,13.66,Afternoon,Tuesday,27.43,68.09,35.45,6.23,0,DC Fast Charger,Casual Driver
User_1256,Hyundai Kona,100,Station_483,New York,02/22/2024 7:00,02/22/2024 10:24,10.39,1.48,38.42,39.8,Evening,Wednesday,88.86,73.18,243.31,39.39,4,DC Fast Charger,Commuter
User_1257,BMW i3,75,Station_259,Houston,02/22/2024 8:00,02/22/2024 9:25,5.89,1.24,40.78,11.65,Afternoon,Saturday,12.91,57.54,100.99,16.89,1,Level 2,Commuter
User_1258,Chevy Bolt,75,Station_324,New York,02/22/2024 9:00,02/22/2024 10:34,48.52,3,6.02,6.77,Morning,Tuesday,53.07,90.08,119.99,37.13,6,Level 2,Commuter
User_1259,Chevy Bolt,100,Station_357,Los Angeles,02/22/2024 10:00,02/22/2024 10:41,51.94,2.46,9.17,29.47,Morning,Monday,61.46,96.39,220.78,14.48,3,Level 1,Commuter
User_1260,Tesla Model 3,85,Station_168,San Francisco,02/22/2024 11:00,02/22/2024 12:38,20.79,3.25,41.24,25.79,Evening,Saturday,49.97,63.11,259.92,22.9,2,Level 1,Long-Distance Traveler
User_1261,Hyundai Kona,100,Station_176,New York,02/22/2024 12:00,02/22/2024 14:43,49.48,1.73,18.94,37.66,Evening,Sunday,23.26,53.99,49.05,-7.48,4,Level 1,Long-Distance Traveler
User_1262,Tesla Model 3,75,Station_310,Chicago,02/22/2024 13:00,02/22/2024 14:58,25.53,0.43,,25.02,Afternoon,Sunday,20.07,80.32,265.24,19,4,Level 1,Commuter
User_1263,Nissan Leaf,50,Station_291,San Francisco,02/22/2024 14:00,02/22/2024 17:42,19.96,1.3,43.01,37.06,Night,Friday,15.82,53.37,51.42,30.01,2,Level 1,Casual Driver
User_1264,Tesla Model 3,50,Station_479,Chicago,02/22/2024 15:00,02/22/2024 15:54,33.69,3.98,22.71,35.8,Afternoon,Wednesday,87.13,70.56,29.81,10.61,4,DC Fast Charger,Long-Distance Traveler
User_1265,Tesla Model 3,50,Station_56,Chicago,02/22/2024 16:00,02/22/2024 16:30,45.16,0.92,31.31,39.25,Afternoon,Sunday,11.79,50.75,61.51,17.26,5,Level 1,Commuter
User_1266,BMW i3,100,Station_108,Chicago,02/22/2024 17:00,02/22/2024 20:09,60.83,3.57,48.32,9.98,Morning,Wednesday,26.45,83.9,29.67,3.17,6.56,Level 2,Casual Driver
User_1267,Chevy Bolt,75,Station_473,New York,02/22/2024 18:00,02/22/2024 20:40,,1.23,43.98,22.56,Night,Saturday,76.7,87.03,286.32,15.61,3.22,DC Fast Charger,Long-Distance Traveler
User_1268,Hyundai Kona,100,Station_296,Houston,02/22/2024 19:00,02/22/2024 20:18,47.68,1.42,37.75,36.55,Night,Monday,75.29,67.25,268.7,27.78,0,Level 1,Long-Distance Traveler
User_1269,Tesla Model 3,85,Station_461,San Francisco,02/22/2024 20:00,02/22/2024 22:56,27.64,1.92,57.1,10.22,Afternoon,Monday,38.42,73.06,206.44,9.38,7,Level 1,Commuter
User_1270,Hyundai Kona,62,Station_324,Los Angeles,02/22/2024 21:00,02/22/2024 22:29,66.46,3.89,47.72,21.57,Morning,Monday,61.05,70.39,250.86,18.39,0.02,Level 1,Casual Driver
User_1271,Tesla Model 3,75,Station_302,Houston,02/22/2024 22:00,02/23/2024 1:06,,0.55,37.25,15.37,Evening,Monday,19.89,62.23,49.12,-2.46,4,Level 2,Commuter
User_1272,Nissan Leaf,75,Station_334,New York,02/22/2024 23:00,02/23/2024 2:27,,2.34,36.93,25.86,Morning,Thursday,74.55,83.23,56.9,37.49,7,Level 1,Long-Distance Traveler
User_1273,Tesla Model 3,62,Station_141,Chicago,02/23/2024 0:00,02/23/2024 0:31,10.2,3.99,36.8,36.57,Evening,Wednesday,67.36,94.85,131.97,12.62,1,Level 2,Casual Driver
User_1274,BMW i3,85,Station_155,Los Angeles,02/23/2024 1:00,02/23/2024 2:42,67.61,3.93,23.4,24.02,Morning,Tuesday,65.53,55.09,227.06,6.14,0,Level 2,Long-Distance Traveler
User_1275,Chevy Bolt,85,Station_262,San Francisco,02/23/2024 2:00,02/23/2024 5:33,8.94,3.62,35.32,9.93,Night,Wednesday,27.05,93.46,79.49,14.33,6,Level 1,Commuter
User_1276,Nissan Leaf,62,Station_273,Houston,02/23/2024 3:00,02/23/2024 5:54,26.44,3.69,27.12,27.37,Morning,Sunday,63.48,80.48,265.56,14.39,3,Level 1,Commuter
User_1277,Tesla Model 3,100,Station_420,Houston,02/23/2024 4:00,02/23/2024 7:37,42.02,0.73,13.3,13.09,Afternoon,Wednesday,55.04,70.45,1.9,14.64,5,DC Fast Charger,Long-Distance Traveler
User_1278,Hyundai Kona,75,Station_232,Los Angeles,02/23/2024 5:00,02/23/2024 7:19,28,1.77,,25.54,Evening,Wednesday,59.66,95.05,212.71,-6.86,0,DC Fast Charger,Commuter
User_1279,Nissan Leaf,50,Station_241,New York,02/23/2024 6:00,02/23/2024 9:13,34.54,2.54,14.24,26.03,Morning,Monday,16.96,84.6,181.85,13.03,2,DC Fast Charger,Commuter
User_1280,Nissan Leaf,100,Station_355,San Francisco,02/23/2024 7:00,02/23/2024 8:30,67.08,3.88,23.1,11.98,Morning,Monday,23.03,95.03,195.72,5.01,3,Level 2,Long-Distance Traveler
User_1281,Tesla Model 3,100,Station_337,Los Angeles,02/23/2024 8:00,02/23/2024 8:46,39.71,3.78,18.69,24.19,Evening,Thursday,34.04,96.37,209.37,0.26,7,Level 1,Casual Driver
User_1282,Nissan Leaf,50,Station_489,Chicago,02/23/2024 9:00,02/23/2024 10:18,6.45,2.25,11.02,5.39,Morning,Saturday,26.98,98.4,,12.19,7,DC Fast Charger,Long-Distance Traveler
User_1283,Hyundai Kona,62,Station_258,San Francisco,02/23/2024 10:00,02/23/2024 11:45,30.75,3.78,19.48,12.9,Evening,Wednesday,49.53,68.65,129.55,31.98,0.19,Level 2,Long-Distance Traveler
User_1284,Nissan Leaf,50,Station_249,Houston,02/23/2024 11:00,02/23/2024 14:37,28.8,0.76,45.52,20.9,Night,Friday,73.69,81.23,22.33,-0.26,3,DC Fast Charger,Casual Driver
User_1285,Hyundai Kona,63.99,Station_77,Los Angeles,02/23/2024 12:00,02/23/2024 14:57,30.99,1.93,,35.73,Evening,Saturday,73.31,76.17,203.06,28.35,5,DC Fast Charger,Commuter
User_1286,Tesla Model 3,100,Station_180,Houston,02/23/2024 13:00,02/23/2024 16:27,85.04,3.71,26.73,21.84,Evening,Sunday,32.36,55.99,279.87,22.67,7,Level 1,Casual Driver
User_1287,Chevy Bolt,50,Station_66,Houston,02/23/2024 14:00,02/23/2024 16:40,47.77,2.68,32.99,30.86,Night,Thursday,13.71,97.59,221.54,15.36,6,Level 1,Long-Distance Traveler
User_1288,Nissan Leaf,62,Station_308,Houston,02/23/2024 15:00,02/23/2024 16:12,57.45,1.12,35.73,26.41,Morning,Sunday,32.34,89.62,57.29,33.49,1,Level 2,Casual Driver
User_1289,Chevy Bolt,50,Station_348,New York,02/23/2024 16:00,02/23/2024 17:26,45.94,1.81,16.56,22.15,Morning,Monday,77.01,73.31,232.6,27.57,0,Level 1,Commuter
User_1290,Hyundai Kona,50,Station_171,Houston,02/23/2024 17:00,02/23/2024 18:19,49.53,0.81,42.14,24,Night,Sunday,79.74,53.91,279.44,4.52,5,DC Fast Charger,Casual Driver
User_1291,Nissan Leaf,100,Station_474,Chicago,02/23/2024 18:00,02/23/2024 21:45,52.74,2.18,9.72,33.82,Afternoon,Wednesday,77.81,89.79,56.86,37.12,4,Level 2,Casual Driver
User_1292,BMW i3,50,Station_22,Chicago,02/23/2024 19:00,02/23/2024 22:58,61.93,2.77,37.39,24.52,Evening,Monday,39.91,53.25,17.95,0.71,0.85,Level 2,Long-Distance Traveler
User_1293,Chevy Bolt,85,Station_367,San Francisco,02/23/2024 20:00,02/23/2024 23:27,23.44,3.46,50.35,8.48,Morning,Saturday,81.16,93.28,22.62,14.79,5,Level 2,Casual Driver
User_1294,Nissan Leaf,62,Station_107,Houston,02/23/2024 21:00,02/23/2024 22:06,8.32,0.73,11.74,20.7,Morning,Tuesday,38.55,56.85,271.53,35.82,2.93,Level 2,Long-Distance Traveler
User_1295,Chevy Bolt,50,Station_439,Houston,02/23/2024 22:00,02/23/2024 23:15,10.19,3.41,29.83,18.82,Evening,Monday,63.63,22.89,83.87,26.52,6,Level 1,Commuter
User_1296,Nissan Leaf,100,Station_323,Los Angeles,02/23/2024 23:00,02/24/2024 2:19,71.95,3.94,7.48,24.9,Evening,Monday,21.35,74.29,185.76,24.85,5,DC Fast Charger,Casual Driver
User_1297,Tesla Model 3,100,Station_227,New York,02/24/2024 0:00,02/24/2024 0:44,9.21,2.42,43.77,27.71,Evening,Thursday,44.01,78.66,58.8,9.63,7,Level 1,Casual Driver
User_1298,Chevy Bolt,80.25,Station_444,San Francisco,02/24/2024 1:00,02/24/2024 4:10,21.92,1.67,6.45,7.49,Afternoon,Tuesday,69.63,62.8,198.59,29.09,7,Level 1,Long-Distance Traveler
User_1299,BMW i3,85,Station_442,Houston,02/24/2024 2:00,02/24/2024 3:49,21.8,1.17,37.74,27.46,Night,Saturday,55.13,68.55,39.04,-4.05,5,Level 2,Long-Distance Traveler
User_1300,BMW i3,62,Station_396,Los Angeles,02/24/2024 3:00,02/24/2024 5:48,27.99,1.48,41.52,7.26,Afternoon,Friday,87.54,57.43,42.8,3.89,5,Level 1,Commuter
User_1301,Hyundai Kona,62,Station_216,New York,02/24/2024 4:00,02/24/2024 6:57,35.76,1.93,22.87,17.07,Afternoon,Friday,11.85,114.17,273.51,39.21,3,Level 1,Long-Distance Traveler
User_1302,Nissan Leaf,85,Station_69,San Francisco,02/24/2024 5:00,02/24/2024 5:53,7.92,1.79,31.75,27.96,Evening,Friday,69.71,55.14,18.78,11.77,3,DC Fast Charger,Long-Distance Traveler
User_1303,Chevy Bolt,60.8,Station_84,San Francisco,02/24/2024 6:00,02/24/2024 8:34,26.18,4.3,11.08,11.41,Night,Wednesday,35.3,82.02,76.34,-8.55,3,Level 2,Commuter
User_1304,Hyundai Kona,81.06,Station_103,Houston,02/24/2024 7:00,02/24/2024 10:41,,1.7,13.49,14.32,Morning,Friday,83.09,76.5,11.26,13.74,5,Level 1,Long-Distance Traveler
User_1305,Chevy Bolt,46.17,Station_39,San Francisco,02/24/2024 8:00,02/24/2024 10:27,60.25,2.74,42.34,21.1,Evening,Wednesday,38.88,51.85,173.29,31.55,6,Level 2,Long-Distance Traveler
User_1306,Nissan Leaf,50,Station_13,Los Angeles,02/24/2024 9:00,02/24/2024 10:49,15.69,2.13,14.19,9.25,Night,Saturday,83.92,66.78,194.78,12.27,1,DC Fast Charger,Long-Distance Traveler
User_1307,BMW i3,75,Station_297,San Francisco,02/24/2024 10:00,02/24/2024 12:03,54.83,0.56,45.86,22.93,Morning,Saturday,71.31,96.8,69.73,23.6,5,Level 1,Long-Distance Traveler
User_1308,Tesla Model 3,85,Station_313,Chicago,02/24/2024 11:00,02/24/2024 12:34,65.23,1.57,17.13,5.71,Afternoon,Monday,48.17,61.35,35.64,33.94,4,DC Fast Charger,Commuter
User_1309,BMW i3,75,Station_181,Los Angeles,02/24/2024 12:00,02/24/2024 13:57,6.43,0.93,9.03,16.43,Night,Friday,71.49,73.29,209.98,21.7,2,DC Fast Charger,Commuter
User_1310,Hyundai Kona,50,Station_493,New York,02/24/2024 13:00,02/24/2024 14:57,16.13,3.91,4.19,27.64,Afternoon,Thursday,61.13,71.02,82.88,29.24,5,Level 2,Long-Distance Traveler
User_1311,Tesla Model 3,62,Station_268,New York,02/24/2024 14:00,02/24/2024 17:50,66.98,0.78,13.79,38.83,Afternoon,Saturday,64.13,94.36,,36.43,1,Level 2,Casual Driver
User_1312,Hyundai Kona,50,Station_13,Houston,02/24/2024 15:00,02/24/2024 18:53,74.28,2.85,25.07,38.19,Night,Tuesday,41.34,50.41,194.79,7.73,3,Level 2,Commuter
User_1313,Nissan Leaf,75,Station_120,Houston,02/24/2024 16:00,02/24/2024 18:54,39.73,1.25,21.4,19.41,Morning,Tuesday,55.86,85.12,,24.11,0,Level 1,Casual Driver
User_1314,Tesla Model 3,129.35,Station_458,Chicago,02/24/2024 17:00,02/24/2024 19:35,60.73,2.37,10.49,11.29,Night,Saturday,41.86,94.1,279.55,-1.37,3,Level 2,Long-Distance Traveler
User_1315,Hyundai Kona,50,Station_353,New York,02/24/2024 18:00,02/24/2024 19:58,43.25,2.5,63.22,36.36,Morning,Monday,62.11,65.2,220.28,1.63,5,Level 1,Long-Distance Traveler
User_1316,Nissan Leaf,100,Station_57,New York,02/24/2024 19:00,02/24/2024 20:30,42.01,1.43,5.9,22.08,Evening,Sunday,39.2,83.92,239.6,1.92,7,DC Fast Charger,Commuter
User_1317,BMW i3,100,Station_40,New York,02/24/2024 20:00,02/24/2024 20:44,68.19,3.24,18.39,5.07,Evening,Tuesday,31.46,93.1,164.38,34.03,4,Level 2,Casual Driver
User_1318,Nissan Leaf,100,Station_374,New York,02/24/2024 21:00,02/24/2024 23:03,18.9,3.27,45.48,37.26,Evening,Tuesday,71.9,78.68,226.52,20.36,5,DC Fast Charger,Commuter
User_1319,Chevy Bolt,85,Station_336,San Francisco,02/24/2024 22:00,02/24/2024 23:20,13.76,2.75,38.15,39.05,Afternoon,Sunday,76.19,65.93,291.49,24.13,5,Level 2,Commuter
User_1320,Nissan Leaf,120.45,Station_128,Los Angeles,02/24/2024 23:00,02/24/2024 23:56,63.65,3.74,33.7,10.86,Evening,Monday,59.34,56.69,14.45,-6.97,5,DC Fast Charger,Commuter
User_1321,Tesla Model 3,108.46,Station_391,Houston,01/01/2024 0:00,01/01/2024 0:39,60.71,0.59,36.39,13.09,Evening,Tuesday,29.37,86.12,293.6,27.95,2,DC Fast Charger,Commuter
User_1322,Tesla Model Y,50,Station_452,Chicago,01/01/2025 9:00,01/01/2025 12:44,78.87,2.03,11.76,21.31,Morning,Wednesday,27.4,70.05,54.01,27.51,2.83,DC Fast Charger,Commuter
User_1323,Tesla Model S,100,Station_158,New York,01/01/2025 9:00,01/01/2025 12:44,50.9,3.62,,28.34,Night,Sunday,54.45,60.56,10.44,30.04,7,DC Fast Charger,Commuter
User_1324,Tesla Model X,100,Station_40,New York,03/11/2025 15:00,03/11/2025 16:39,24.87,0.93,11.44,19.97,Evening,Friday,33.95,58.14,60.81,7.88,7,Level 1,Commuter
User_1325,Nissan Leaf,62,Station_323,Chicago,03/11/2025 16:00,03/11/2025 16:59,54.36,1.93,36.36,26.48,Morning,Saturday,46.39,77.34,294.48,31.48,7,Level 2,Casual Driver
User_1326,Chevy Bolt EV,50,Station_153,Houston,03/11/2025 17:00,03/11/2025 19:12,6.44,2.63,14.99,8.86,Night,Tuesday,81.6,84.93,11.74,-4.28,7,Level 1,Long-Distance Traveler
User_1327,Chevy Bolt EUV,75,Station_127,San Francisco,03/11/2025 18:00,03/11/2025 21:00,28.22,2.41,23.69,26.55,Afternoon,Tuesday,18.52,86.58,293.58,28.84,1.04,Level 2,Commuter
User_1328,Hyundai Kona Electric,75,Station_237,San Francisco,03/11/2025 19:00,03/11/2025 20:01,42.29,2.71,19.17,12.96,Morning,Tuesday,89.04,98.83,52.38,37.9,5,Level 1,Long-Distance Traveler
User_1329,Hyundai Ioniq 5,85,Station_486,New York,03/11/2025 20:00,03/11/2025 21:55,76.17,1.51,28.59,17.68,Afternoon,Monday,56.07,93.04,369.85,18.05,0,DC Fast Charger,Casual Driver
User_1330,Hyundai Ioniq 6,75,Station_493,San Francisco,03/11/2025 21:00,03/11/2025 22:26,35,0.79,20.39,8.16,Evening,Monday,68.92,67.95,283.05,36.24,3.3,Level 2,Casual Driver
User_1331,Kia EV6,75,Station_55,Chicago,03/11/2025 22:00,03/12/2025 0:18,26.51,2.19,,24.69,Afternoon,Friday,69.67,79.5,14.45,3.48,2,DC Fast Charger,Casual Driver
User_1332,Kia Niro EV,50,Station_468,New York,03/11/2025 23:00,03/11/2025 23:38,34.96,1.68,12.03,9.96,Morning,Wednesday,65.09,78.38,262.09,4.95,1.06,Level 1,Casual Driver
User_1333,Ford Mustang Mach-E,50,Station_436,Houston,03/12/2025 0:00,03/12/2025 1:00,62.05,0.92,18.56,37.55,Afternoon,Sunday,88.39,77.93,43.03,-0.97,5,DC Fast Charger,Casual Driver
User_1334,Ford F-150 Lightning,77.3,Station_228,San Francisco,01/01/2025 9:00,01/01/2025 12:44,71.48,0.65,,11.36,Morning,Sunday,27.58,53.79,197.65,28.98,3,DC Fast Charger,Casual Driver
User_1335,Volkswagen ID.4,50,Station_172,New York,03/12/2025 1:00,03/12/2025 2:40,69.87,2.01,16.51,6.59,Morning,Saturday,40.28,72.01,245.08,2.77,4,Level 2,Casual Driver
User_1336,BMW i3,100,Station_109,New York,03/12/2025 2:00,03/12/2025 4:46,10.43,3.31,31.39,38.61,Morning,Saturday,47.66,72.19,227.14,5.44,7,Level 2,Commuter
User_1337,BMW i4,50,Station_354,Los Angeles,03/12/2025 3:00,03/12/2025 3:42,46.54,3.43,7.2,34.71,Morning,Tuesday,78.59,82.78,150.65,29.37,3,DC Fast Charger,Casual Driver
User_1338,BMW iX,50,Station_469,Los Angeles,03/12/2025 4:00,03/12/2025 7:35,53.21,3.95,47.63,33.42,Night,Saturday,82.9,91.6,146.68,11.39,2,Level 1,Long-Distance Traveler
User_1339,Audi e-tron,62,Station_184,New York,03/12/2025 5:00,03/12/2025 7:40,,1.09,43.49,21.47,Evening,Thursday,30.43,87.88,271.75,-9.55,4,Level 2,Long-Distance Traveler
User_1340,Audi Q4 e-tron,50,Station_439,San Francisco,03/12/2025 6:00,03/12/2025 7:04,26.97,2.74,15.82,28.82,Evening,Tuesday,71.88,94.01,114.82,39.77,6,Level 1,Long-Distance Traveler
User_1341,Mercedes EQS,62,Station_368,Los Angeles,03/12/2025 7:00,03/12/2025 7:50,68.52,2.36,48.59,33,Afternoon,Sunday,68.46,92.97,77.71,-2.27,2,Level 2,Long-Distance Traveler
User_1342,Mercedes EQE,100,Station_471,Houston,03/12/2025 8:00,03/12/2025 9:33,71.71,5.44,38.8,37.1,Afternoon,Saturday,12.22,77.41,181.09,2.62,7,Level 1,Casual Driver
User_1343,Mercedes EQB,50,Station_198,Chicago,03/12/2025 9:00,03/12/2025 11:04,79.25,1.77,33.01,13.89,Morning,Friday,51.38,73.61,252.84,12.54,0.81,Level 1,Casual Driver
User_1344,Porsche Taycan,157.58,Station_371,Los Angeles,03/12/2025 10:00,03/12/2025 13:29,34.15,3.98,48.77,13.08,Evening,Saturday,33.91,92.75,257.46,19.73,5,DC Fast Charger,Commuter
User_1345,Volvo XC40 Recharge,100,Station_405,San Francisco,01/01/2025 9:00,01/01/2025 12:44,74.15,4.12,31.28,26,Morning,Wednesday,12.96,52.99,91.38,35.79,0,DC Fast Charger,Long-Distance Traveler
User_1346,Volvo C40 Recharge,86.09,Station_373,New York,03/12/2025 11:00,03/12/2025 12:03,66.71,2.83,25.29,9.16,Afternoon,Monday,44.01,99.69,142.08,31.49,6,Level 1,Casual Driver
User_1347,Rivian R1T,62,Station_461,San Francisco,03/12/2025 12:00,03/12/2025 14:30,30.77,3.1,49.75,13.85,Afternoon,Friday,2.48,83.48,234.75,12.81,1,Level 2,Long-Distance Traveler
User_1348,Rivian R1S,50,Station_497,Chicago,03/12/2025 13:00,03/12/2025 16:12,24.16,2.3,4.78,13.9,Evening,Friday,47.69,75.97,289.85,23.4,0,DC Fast Charger,Commuter
User_1349,Lucid Air,62,Station_87,Los Angeles,03/12/2025 14:00,03/12/2025 14:44,10.35,3.32,9.39,39.78,Morning,Friday,42.66,79.51,40.14,37.46,7,Level 2,Commuter
User_1350,Polestar 2,62,Station_201,San Francisco,03/12/2025 15:00,03/12/2025 17:29,26.3,3.58,49.89,9.56,Afternoon,Thursday,52.3,71.44,97.82,31.42,3,DC Fast Charger,Commuter
User_1351,Polestar 3,85,Station_337,San Francisco,03/12/2025 16:00,03/12/2025 18:05,26.73,0.67,12.95,26.76,Morning,Thursday,83.74,88.15,131.4,-4.6,1,DC Fast Charger,Commuter
User_1352,Mini Cooper SE,50,Station_322,San Francisco,03/12/2025 17:00,03/12/2025 17:35,48.61,3.69,22.07,31.5,Evening,Saturday,82.44,23.04,50.13,11.91,0,Level 1,Casual Driver
User_1353,Toyota bZ4X,85,Station_275,New York,03/12/2025 18:00,03/12/2025 20:18,1.33,1.34,23.29,11.81,Evening,Tuesday,86.16,89.97,324.52,-3.94,0,Level 1,Commuter
User_1354,Subaru Solterra,85,Station_211,Houston,03/12/2025 19:00,03/12/2025 21:06,44.02,1.32,38.11,32.94,Afternoon,Saturday,73.35,78.16,78.12,5.88,5,Level 2,Casual Driver
User_1355,Honda Prologue,85,Station_391,San Francisco,03/12/2025 20:00,03/12/2025 21:01,18.43,1.62,22.32,10.41,Afternoon,Saturday,53.52,95.65,104.38,30.52,2,Level 2,Commuter
User_1356,Genesis GV60,75,Station_126,Chicago,02/05/2025 6:00,02/05/2025 8:28,46.78,3.12,32.08,18.59,Morning,Wednesday,77.52,56.73,246.22,27.27,4,Level 2,Long-Distance Traveler
User_1357,Genesis GV70 Electric,62,Station_118,Chicago,03/12/2025 21:00,03/13/2025 0:29,37.7,2.73,34.72,24.67,Evening,Saturday,46.56,52.46,274.46,6.67,5,Level 1,Casual Driver
User_1358,Fiat 500e,100,Station_191,Los Angeles,03/12/2025 22:00,03/12/2025 23:52,56.2,0.18,40.72,19.62,Morning,Sunday,56.03,65.41,39.68,34.06,1,Level 2,Casual Driver
User_1359,Mazda MX-30,85,Station_42,Chicago,03/12/2025 23:00,03/13/2025 2:05,73.28,1.49,23.32,23.61,Morning,Monday,78.6,21.88,,31.15,7,Level 2,Long-Distance Traveler
User_1360,Jaguar I-PACE,100,Station_42,New York,03/13/2025 0:00,03/13/2025 2:27,76.89,7.64,10.45,39.79,Night,Friday,7.17,101.84,226.39,32.88,2,Level 1,Casual Driver
User_1361,Tesla Model 3,75,Station_315,New York,03/13/2025 1:00,03/13/2025 4:41,23.93,1.63,42.93,21.83,Evening,Wednesday,69.67,52.64,219.75,38.26,1,DC Fast Charger,Commuter
User_1362,Tesla Model Y,50,Station_276,Chicago,03/13/2025 2:00,03/13/2025 3:48,50.49,0.72,42.79,15.84,Afternoon,Sunday,65.94,62.64,221.59,29.6,0,Level 1,Commuter
User_1363,Tesla Model S,60.66,Station_329,Houston,03/13/2025 3:00,03/13/2025 4:47,66.09,1.27,37.6,14.81,Evening,Tuesday,42.3,70.73,167.66,9.95,1.72,Level 2,Casual Driver
User_1364,Tesla Model X,62,Station_17,New York,03/13/2025 4:00,03/13/2025 6:56,6.92,5.51,49.06,9.21,Afternoon,Tuesday,24.67,70.79,196.35,26.2,1,DC Fast Charger,Casual Driver
User_1365,Nissan Leaf,100,Station_283,New York,03/13/2025 5:00,03/13/2025 7:16,,1.58,46.92,23.95,Morning,Friday,65.79,63.29,161.64,0.97,3,Level 1,Casual Driver
User_1366,Chevy Bolt EV,85,Station_431,Chicago,03/13/2025 6:00,03/13/2025 8:35,61.04,1.99,41.55,35.55,Afternoon,Tuesday,33.07,56.8,95.53,27.06,5,DC Fast Charger,Casual Driver
User_1367,Chevy Bolt EUV,95.15,Station_444,New York,02/05/2025 7:00,02/05/2025 7:52,8.47,1.96,16.02,31.24,Night,Thursday,84.4,73.57,297.55,22.17,1,Level 2,Long-Distance Traveler
User_1368,Hyundai Kona Electric,85,Station_258,New York,03/13/2025 7:00,03/13/2025 7:44,64.23,2.13,18.16,14.83,Night,Friday,83.32,83.8,171.22,14.39,2,Level 2,Long-Distance Traveler
User_1369,Hyundai Ioniq 5,50,Station_63,Houston,03/13/2025 8:00,03/13/2025 10:43,44.89,2.04,28.98,7.09,Morning,Tuesday,81.96,70.54,184.69,22.75,7,DC Fast Charger,Long-Distance Traveler
User_1370,Hyundai Ioniq 6,100,Station_62,Houston,03/13/2025 9:00,03/13/2025 10:42,58.94,3.21,43.7,37.33,Night,Saturday,82.36,92.04,81.18,19.46,6,Level 2,Long-Distance Traveler
User_1371,Kia EV6,109.8,Station_100,Houston,03/13/2025 10:00,03/13/2025 12:10,10.04,1.3,,26.59,Evening,Monday,35.98,70.68,81.82,35.15,2,Level 1,Long-Distance Traveler
User_1372,Kia Niro EV,100,Station_19,Los Angeles,03/13/2025 11:00,03/13/2025 13:07,17.53,3.72,7.64,26.12,Afternoon,Sunday,89.91,73.01,89.8,-4.38,4,DC Fast Charger,Long-Distance Traveler
User_1373,Ford Mustang Mach-E,85,Station_17,Houston,03/13/2025 12:00,03/13/2025 15:15,29.76,2.16,29.39,20.07,Morning,Sunday,10.81,36.55,51.2,-1.35,1,DC Fast Charger,Casual Driver
User_1374,Ford F-150 Lightning,75,Station_325,Houston,03/13/2025 13:00,03/13/2025 13:55,69.6,2.34,14.86,38.13,Afternoon,Tuesday,60.64,73.01,288.98,73.17,6,DC Fast Charger,Long-Distance Traveler
User_1375,Volkswagen ID.4,75,Station_423,Los Angeles,03/13/2025 14:00,03/13/2025 17:59,49.93,1.11,37.93,28.29,Night,Sunday,121.85,52.83,56.71,27.01,2,Level 2,Long-Distance Traveler
User_1376,BMW i3,75,Station_466,San Francisco,03/13/2025 15:00,03/13/2025 17:01,14.49,3.89,41.38,16.38,Morning,Tuesday,42.79,51.76,97.06,25,3,Level 1,Casual Driver
User_1377,BMW i4,85,Station_373,New York,03/13/2025 16:00,03/13/2025 18:34,38.41,2.5,22.12,19.83,Night,Wednesday,10.82,56.54,,-3.61,2,Level 1,Casual Driver
User_1378,BMW iX,85,Station_209,New York,02/05/2025 8:00,02/05/2025 11:04,61.7,2.53,30.78,22.49,Evening,Sunday,84.27,57.22,208.65,28.31,6,Level 2,Commuter
User_1379,Audi e-tron,100,Station_246,Houston,03/13/2025 17:00,03/13/2025 20:28,8.23,0.9,43.81,8.68,Morning,Sunday,23.36,97.66,298.72,38.57,3,Level 2,Commuter
User_1380,Audi Q4 e-tron,75,Station_251,New York,03/13/2025 18:00,03/13/2025 19:42,34.86,3.47,4.94,24.3,Evening,Monday,47.98,70,155.73,35.4,3,DC Fast Charger,Commuter
User_1381,Mercedes EQS,62,Station_455,Chicago,03/13/2025 19:00,03/13/2025 21:32,57.93,1.72,,31.54,Evening,Sunday,67.65,78.31,59.43,34.66,5,Level 2,Commuter
User_1382,Mercedes EQE,50,Station_81,New York,03/13/2025 20:00,03/13/2025 21:22,49.41,2.88,34.01,38.92,Afternoon,Saturday,75.99,84.94,274.98,-7.57,5,Level 2,Long-Distance Traveler
User_1383,Mercedes EQB,50,Station_39,Los Angeles,03/13/2025 21:00,03/14/2025 0:33,9.98,1.85,33.33,21.1,Night,Monday,35.85,67.58,30.43,37.81,5,Level 1,Casual Driver
User_1384,Porsche Taycan,62,Station_36,New York,03/13/2025 22:00,03/14/2025 1:36,29.05,2.95,15.96,7.68,Night,Sunday,25.85,90.97,195.62,-1.97,4,Level 2,Commuter
User_1385,Volvo XC40 Recharge,75,Station_424,New York,03/13/2025 23:00,03/14/2025 2:47,42.09,1,6.31,3.67,Morning,Monday,51.68,95.81,103.28,30.72,0,DC Fast Charger,Commuter
User_1386,Volvo C40 Recharge,75,Station_429,New York,03/14/2025 0:00,03/14/2025 1:47,45.77,0.96,17.4,14.02,Evening,Sunday,30.74,81.85,,1.26,4,Level 2,Long-Distance Traveler
User_1387,Rivian R1T,75,Station_388,San Francisco,03/14/2025 1:00,03/14/2025 3:01,53.71,0.89,18.62,29.03,Afternoon,Tuesday,49.92,56.18,36.42,23.76,4,Level 2,Commuter
User_1388,Rivian R1S,55.82,Station_486,San Francisco,03/14/2025 2:00,03/14/2025 5:35,66.41,3.03,39.86,35.47,Evening,Thursday,15.56,78.85,61.61,33.79,0,Level 2,Casual Driver
User_1389,Lucid Air,62,Station_97,San Francisco,02/05/2025 9:00,02/05/2025 12:35,41.26,3.6,29.08,29.02,Night,Sunday,64.42,73.24,268.52,19.64,6,DC Fast Charger,Long-Distance Traveler
User_1390,Polestar 2,85,Station_409,Chicago,03/14/2025 3:00,03/14/2025 4:57,11.46,3.51,18.91,27.03,Night,Tuesday,89.11,51.82,99.81,15.44,2,DC Fast Charger,Casual Driver
User_1391,Polestar 3,100,Station_197,Los Angeles,03/14/2025 4:00,03/14/2025 4:42,75.57,2.57,21.51,5.99,Afternoon,Friday,32.75,57.68,281.31,13.41,4,Level 2,Commuter
User_1392,Mini Cooper SE,50,Station_158,New York,03/14/2025 5:00,03/14/2025 6:12,44.36,2.87,3.92,6.98,Evening,Sunday,72.82,64.6,63.03,39.94,7,Level 1,Casual Driver
User_1393,Toyota bZ4X,62,Station_204,New York,03/14/2025 6:00,03/14/2025 7:45,28.25,0.91,30,12.17,Evening,Wednesday,77.23,82.61,151.41,1.94,4.02,Level 2,Commuter
User_1394,Subaru Solterra,100,Station_196,New York,03/14/2025 7:00,03/14/2025 8:20,39.49,0.86,16.37,27.77,Morning,Monday,26.69,90.02,250.81,35.75,7,Level 2,Commuter
User_1395,Honda Prologue,75,Station_216,New York,03/14/2025 8:00,03/14/2025 8:48,25.37,0.56,37.58,7.14,Morning,Friday,22.47,72.92,,24.91,6,Level 1,Casual Driver
User_1396,Genesis GV60,62,Station_285,San Francisco,03/14/2025 9:00,03/14/2025 11:58,69.21,2.29,28.76,5.55,Night,Saturday,27.77,55.46,66.2,11.89,5,Level 1,Casual Driver
User_1397,Genesis GV70 Electric,45.82,Station_457,Chicago,03/14/2025 10:00,03/14/2025 12:31,34.6,2.52,5.58,29.24,Evening,Friday,21.24,73.44,155.18,5.1,6,Level 1,Long-Distance Traveler
User_1398,Fiat 500e,62,Station_196,Houston,03/14/2025 11:00,03/14/2025 11:53,40.79,3.43,11.03,22.86,Morning,Thursday,68.76,55.15,159.62,-0.66,3,Level 1,Long-Distance Traveler
User_1399,Mazda MX-30,62,Station_307,Los Angeles,03/14/2025 12:00,03/14/2025 12:55,21.87,0.57,10.6,25.99,Evening,Sunday,44.92,53.75,296.58,33.4,1,Level 1,Commuter
User_1400,Jaguar I-PACE,85,Station_74,Chicago,02/05/2025 10:00,02/05/2025 11:06,6.5,1.49,35.93,35.24,Afternoon,Wednesday,67.52,57.35,204.77,35.96,6,DC Fast Charger,Long-Distance Traveler
User_1401,Tesla Model 3,75,Station_152,New York,03/14/2025 13:00,03/14/2025 16:22,47.23,3.64,42.96,37.9,Afternoon,Monday,12.43,68.06,208.82,10.74,2,Level 1,Casual Driver
User_1402,Tesla Model Y,62,Station_14,Chicago,03/14/2025 14:00,03/14/2025 17:05,,2.88,18.56,13.93,Evening,Tuesday,64.49,150.79,246.15,28.1,5,DC Fast Charger,Commuter
User_1403,Tesla Model S,82.67,Station_325,Houston,03/14/2025 15:00,03/14/2025 17:29,18.79,1.64,38.26,39.52,Evening,Monday,41.77,67.07,,-2.74,3,Level 2,Long-Distance Traveler
User_1404,Tesla Model X,100,Station_146,Chicago,03/14/2025 16:00,03/14/2025 17:51,47.29,0.66,3.6,11.97,Night,Wednesday,64.57,63.96,295.21,-3.67,1,DC Fast Charger,Commuter
User_1405,Nissan Leaf,62,Station_426,San Francisco,03/14/2025 17:00,03/14/2025 19:09,30.17,1.17,21.34,27.39,Afternoon,Monday,77.6,58.55,185.55,37.22,5,DC Fast Charger,Casual Driver
User_1406,Chevy Bolt EV,85,Station_57,Houston,03/14/2025 18:00,03/14/2025 21:06,34.9,1.6,4.88,33.68,Afternoon,Friday,61.53,89,269.89,-6.43,1,Level 1,Casual Driver
User_1407,Chevy Bolt EUV,100,Station_211,Chicago,03/14/2025 19:00,03/14/2025 19:46,54.96,3.52,41.41,38.77,Morning,Friday,19.83,92.78,141.47,39.53,3,Level 2,Long-Distance Traveler
User_1408,Hyundai Kona Electric,50,Station_268,San Francisco,03/14/2025 20:00,03/14/2025 21:37,74.79,1.68,36.55,31.3,Afternoon,Tuesday,37.37,98.56,245.6,21.38,7,DC Fast Charger,Commuter
User_1409,Hyundai Ioniq 5,75,Station_210,Chicago,03/14/2025 21:00,03/14/2025 22:13,34.79,1.81,23.22,31.8,Night,Tuesday,42.67,75.7,247.75,17.24,5,Level 2,Commuter
User_1410,Hyundai Ioniq 6,75,Station_17,Chicago,03/14/2025 22:00,03/14/2025 23:30,69.13,3.01,10.71,17.39,Morning,Tuesday,28.9,78.35,91.55,3.44,2,Level 2,Casual Driver
User_1411,Kia EV6,147.4,Station_115,San Francisco,02/05/2025 11:00,02/05/2025 13:43,65.89,3.15,24.83,11.04,Evening,Tuesday,27.38,64.7,74.92,13.42,6,Level 1,Long-Distance Traveler
User_1412,Kia Niro EV,78.43,Station_286,Houston,03/14/2025 23:00,03/15/2025 1:32,38.09,1.95,1.65,15.63,Evening,Saturday,11.83,97.63,135.71,-5.94,7,Level 1,Long-Distance Traveler
User_1413,Ford Mustang Mach-E,50,Station_344,San Francisco,03/15/2025 0:00,03/15/2025 2:02,27.75,0.9,31.66,17.09,Afternoon,Sunday,24.84,87.94,265.69,34.02,1,Level 2,Casual Driver
User_1414,Ford F-150 Lightning,85,Station_203,New York,03/15/2025 1:00,03/15/2025 4:45,41.65,0.14,11.11,33.39,Evening,Wednesday,90.93,52.84,111.86,13.07,2.93,DC Fast Charger,Casual Driver
User_1415,Volkswagen ID.4,85,Station_99,Los Angeles,03/15/2025 2:00,03/15/2025 3:43,35.39,2.31,44.85,38.4,Morning,Saturday,34.64,54.27,286.84,-7.64,7,DC Fast Charger,Long-Distance Traveler
User_1416,BMW i3,85,Station_279,Houston,03/15/2025 3:00,03/15/2025 6:02,68.57,1.56,16.48,24.53,Afternoon,Saturday,68.27,93.57,92.04,-9.83,2,Level 1,Casual Driver
User_1417,BMW i4,106.82,Station_209,San Francisco,03/15/2025 4:00,03/15/2025 5:36,,2.22,38.97,6.56,Morning,Saturday,18.34,86.04,30.65,17.78,6,DC Fast Charger,Commuter
User_1418,BMW iX,50,Station_129,Chicago,03/15/2025 5:00,03/15/2025 7:20,36.47,1.21,37.86,9.94,Morning,Monday,21.02,82.18,56.43,36.15,1,Level 1,Commuter
User_1419,Audi e-tron,100,Station_335,San Francisco,03/15/2025 6:00,03/15/2025 6:31,44.64,1.2,,17.66,Afternoon,Thursday,32.3,69.58,294.76,-6.26,6,DC Fast Charger,Commuter
User_1420,Audi Q4 e-tron,50,Station_288,Los Angeles,03/15/2025 7:00,03/15/2025 8:58,40.27,2.69,49.57,25.55,Afternoon,Sunday,21.83,68,156.49,33.79,2,DC Fast Charger,Casual Driver
User_1421,Mercedes EQS,62,Station_252,Los Angeles,03/15/2025 8:00,03/15/2025 11:26,34.43,0.68,34.17,12.65,Morning,Monday,77.3,54.74,265.84,22.21,3,Level 1,Long-Distance Traveler
User_1422,Mercedes EQE,50,Station_191,San Francisco,02/05/2025 12:00,02/05/2025 13:34,13.26,3.07,47.67,32.91,Afternoon,Thursday,25,90.02,220.67,31.87,3,DC Fast Charger,Commuter
User_1423,Mercedes EQB,50,Station_265,New York,03/15/2025 9:00,03/15/2025 12:47,,0.94,15.42,31.47,Night,Tuesday,21.39,70.38,266.59,20.78,3,Level 2,Long-Distance Traveler
User_1424,Porsche Taycan,85,Station_271,New York,03/15/2025 10:00,03/15/2025 10:55,18.56,1.58,,7.25,Afternoon,Wednesday,28.8,51.48,397.82,26.2,1,Level 1,Long-Distance Traveler
User_1425,Volvo XC40 Recharge,75,Station_412,Los Angeles,03/15/2025 11:00,03/15/2025 14:49,59.8,2.12,14.56,22.93,Morning,Saturday,28.19,96.03,276.23,-0.64,4,Level 2,Long-Distance Traveler
User_1426,Volvo C40 Recharge,75,Station_408,Houston,03/15/2025 12:00,03/15/2025 14:08,59.77,3.25,35.05,39.3,Evening,Monday,81.95,59.95,166.33,18.16,2,Level 2,Long-Distance Traveler
User_1427,Rivian R1T,62,Station_188,Houston,03/15/2025 13:00,03/15/2025 13:56,36.7,1.87,19.12,5.56,Evening,Sunday,26.35,95.16,49.55,30.29,6.45,Level 1,Casual Driver
User_1428,Rivian R1S,62,Station_419,Chicago,03/15/2025 14:00,03/15/2025 15:58,10.23,2.69,44.96,36.64,Afternoon,Friday,58.95,54.52,112.01,-3.82,5,Level 1,Long-Distance Traveler
User_1429,Lucid Air,100,Station_214,New York,03/15/2025 15:00,03/15/2025 17:55,24.23,0.93,7.76,23.53,Afternoon,Sunday,17.7,75.5,171.99,4.98,5,Level 1,Commuter
User_1430,Polestar 2,85,Station_283,Chicago,03/15/2025 16:00,03/15/2025 19:31,21.71,2.51,47.98,8.12,Evening,Saturday,17.08,94.51,169.83,18.75,5,Level 2,Casual Driver
User_1431,Polestar 3,85,Station_211,New York,03/15/2025 17:00,03/15/2025 17:30,57.9,1.73,10.41,23.09,Morning,Sunday,53.19,96.34,101.55,23.91,5,Level 2,Commuter
User_1432,Mini Cooper SE,85,Station_365,Los Angeles,03/15/2025 18:00,03/15/2025 21:38,35.17,1.39,38.82,39.91,Morning,Monday,78.18,39.33,178.01,8.22,1,Level 2,Long-Distance Traveler
User_1433,Toyota bZ4X,50,Station_206,Los Angeles,02/01/2025 10:00,02/01/2025 13:59,18.21,2.65,10.31,38.22,Night,Thursday,76.09,82.27,64.63,0.5,3,DC Fast Charger,Casual Driver
User_1434,Subaru Solterra,85,Station_495,Los Angeles,02/05/2025 13:00,02/05/2025 15:43,,3.29,49.88,13.28,Night,Sunday,59.85,56.29,137.14,0.03,5,Level 1,Long-Distance Traveler
User_1435,Honda Prologue,75,Station_76,Houston,03/15/2025 19:00,03/15/2025 21:12,15.73,3.88,38.32,19.63,Morning,Friday,10.87,80.29,279.03,10.75,5,Level 2,Long-Distance Traveler
User_1436,Genesis GV60,85,Station_148,Houston,03/15/2025 20:00,03/15/2025 22:40,34.08,2.36,12.6,19.57,Night,Monday,70.12,61.6,,5.37,1,Level 1,Commuter
User_1437,Genesis GV70 Electric,100,Station_321,Los Angeles,03/15/2025 21:00,03/16/2025 0:45,26.05,2.03,27.15,36.22,Afternoon,Monday,88.85,69.47,211.49,19.39,2,Level 1,Commuter
User_1438,Fiat 500e,85,Station_213,Chicago,03/15/2025 22:00,03/15/2025 23:10,21.85,3.28,,11.77,Night,Saturday,19.55,54.51,240.66,11.91,0,Level 2,Casual Driver
User_1439,Mazda MX-30,75,Station_433,Chicago,03/15/2025 23:00,03/16/2025 2:14,15.43,1.71,19,22.77,Night,Monday,27.1,55.42,218.14,0.01,1,DC Fast Charger,Long-Distance Traveler
User_1440,Jaguar I-PACE,85,Station_109,San Francisco,03/16/2025 0:00,03/16/2025 1:20,13.65,1.46,33.3,38.31,Night,Tuesday,44.39,86.61,,28.92,5,Level 1,Long-Distance Traveler
User_1441,Tesla Model 3,75,Station_129,New York,03/16/2025 1:00,03/16/2025 1:44,24.78,0.88,,7.64,Night,Sunday,41.9,52.62,171.11,0.95,6.66,DC Fast Charger,Long-Distance Traveler
User_1442,Tesla Model Y,75,Station_10,Chicago,03/16/2025 2:00,03/16/2025 2:37,67.46,0.87,17.89,29.52,Morning,Friday,58.36,83.42,93.35,24.42,4,DC Fast Charger,Commuter
User_1443,Tesla Model S,62,Station_47,Los Angeles,03/16/2025 3:00,03/16/2025 4:07,12.04,1.03,,22.74,Afternoon,Wednesday,22.71,62.28,284.19,12.59,5,DC Fast Charger,Long-Distance Traveler
User_1444,Tesla Model X,85,Station_379,Chicago,03/16/2025 4:00,03/16/2025 6:23,61.23,2.33,9.14,38.66,Afternoon,Thursday,53.24,85.78,13.79,38.96,7,Level 2,Casual Driver
User_1445,Nissan Leaf,62,Station_170,Los Angeles,02/05/2025 14:00,02/05/2025 17:27,27.43,0.91,32.17,19.78,Evening,Tuesday,74.65,10.08,216.07,-4.15,5,Level 1,Long-Distance Traveler
User_1446,Chevy Bolt EV,50,Station_315,Houston,03/16/2025 5:00,03/16/2025 6:52,23.19,2.01,31.98,5.81,Night,Sunday,72.88,86.94,181.05,17.08,7,Level 1,Casual Driver
User_1447,Chevy Bolt EUV,85,Station_96,New York,03/16/2025 6:00,03/16/2025 7:25,48.39,3.74,27.81,15.99,Afternoon,Saturday,19.32,81.93,112.1,17.95,7,DC Fast Charger,Commuter
User_1448,Hyundai Kona Electric,75,Station_446,San Francisco,03/16/2025 7:00,03/16/2025 10:24,29.68,3.72,45.67,21.06,Evening,Friday,79.22,54.37,265.98,34.19,3,Level 2,Commuter
User_1449,Hyundai Ioniq 5,85,Station_103,New York,03/16/2025 8:00,03/16/2025 10:12,25.09,3.45,4.96,21.53,Morning,Tuesday,36.84,58.6,,-9.6,5,Level 1,Casual Driver
User_1450,Hyundai Ioniq 6,75,Station_380,Houston,03/16/2025 9:00,03/16/2025 11:47,,2.22,47.66,19.81,Afternoon,Friday,25.18,80.24,200.88,20.78,6,Level 2,Commuter
User_1451,Kia EV6,100,Station_342,Houston,03/16/2025 10:00,03/16/2025 12:11,56.12,1.06,5.49,16.35,Morning,Wednesday,22.35,80.09,81.97,36.59,7,Level 1,Commuter
User_1452,Kia Niro EV,50,Station_146,Houston,03/16/2025 11:00,03/16/2025 12:47,15.9,3.17,40.44,12.07,Evening,Saturday,46.22,60.73,211.55,-5.07,7,Level 1,Long-Distance Traveler
User_1453,Ford Mustang Mach-E,85,Station_368,Houston,03/16/2025 12:00,03/16/2025 15:26,41.16,3.26,46.13,13.44,Morning,Friday,31.47,77.45,125.76,29.45,5,Level 2,Casual Driver
User_1454,Ford F-150 Lightning,50,Station_430,Los Angeles,03/16/2025 13:00,03/16/2025 16:18,41.91,1.89,24.48,26.73,Evening,Sunday,46.4,58.93,44.51,11.77,5,DC Fast Charger,Long-Distance Traveler
User_1455,Volkswagen ID.4,85,Station_416,San Francisco,03/16/2025 14:00,03/16/2025 15:52,8.34,2.43,41.76,8.21,Night,Tuesday,15.63,42.51,206.27,-7.33,4,Level 1,Casual Driver
User_1456,BMW i3,100,Station_307,Chicago,02/05/2025 15:00,02/05/2025 15:51,7.36,2.43,11.48,13.79,Afternoon,Monday,77.49,71.63,166.67,-7.81,5,Level 2,Commuter
User_1457,BMW i4,62,Station_27,Houston,03/16/2025 15:00,03/16/2025 15:59,90.24,1.29,4.84,35.03,Afternoon,Saturday,70.55,50.52,102.76,36.37,1,Level 1,Long-Distance Traveler
User_1458,BMW iX,62,Station_220,Houston,03/16/2025 16:00,03/16/2025 16:34,18.1,1.93,41.55,37.7,Night,Tuesday,33.3,99.7,51.24,1.1,3,DC Fast Charger,Casual Driver
User_1459,Audi e-tron,50,Station_18,Chicago,03/16/2025 17:00,03/16/2025 19:28,59.2,3.4,10.55,7.03,Afternoon,Saturday,32.9,90.24,286.82,2.48,6,Level 1,Casual Driver
User_1460,Audi Q4 e-tron,85,Station_167,San Francisco,03/16/2025 18:00,03/16/2025 21:48,,3.78,7.75,11.57,Night,Thursday,25.61,76.51,249.13,5.15,5,DC Fast Charger,Casual Driver
User_1461,Mercedes EQS,85,Station_433,New York,03/16/2025 19:00,03/16/2025 20:00,15.77,2.69,25.36,36.23,Evening,Wednesday,59.61,58.96,297.1,23.96,7,Level 1,Commuter
User_1462,Mercedes EQE,50,Station_477,San Francisco,03/16/2025 20:00,03/16/2025 23:29,75.09,1.85,12.37,6.12,Afternoon,Thursday,61.93,50.51,150.26,23.98,3,DC Fast Charger,Long-Distance Traveler
User_1463,Mercedes EQB,100,Station_82,San Francisco,03/16/2025 21:00,03/16/2025 21:52,23.92,2.33,33.5,5.59,Night,Sunday,38.27,84.48,295.97,4.83,2,Level 1,Commuter
User_1464,Porsche Taycan,50,Station_428,San Francisco,03/16/2025 22:00,03/16/2025 23:17,13.82,2.09,12.27,20.84,Morning,Sunday,86.61,99.09,119.34,38.59,7,Level 1,Commuter
User_1465,Volvo XC40 Recharge,62,Station_72,Houston,03/16/2025 23:00,03/17/2025 1:18,79.97,1.16,37.46,8.47,Morning,Sunday,75.83,67.98,117.7,16.05,5,Level 1,Casual Driver
User_1466,Volvo C40 Recharge,50,Station_310,Houston,03/17/2025 0:00,03/17/2025 1:09,5.16,3.91,5.27,7.41,Night,Monday,32.17,56.72,45.4,-9.82,2,DC Fast Charger,Casual Driver
User_1467,Rivian R1T,100,Station_448,Houston,02/05/2025 16:00,02/05/2025 18:14,36.14,2.45,36.38,7.87,Night,Sunday,48.61,95.83,48.12,32.31,1,DC Fast Charger,Casual Driver
User_1468,Rivian R1S,75,Station_479,Los Angeles,03/17/2025 1:00,03/17/2025 1:35,55.1,1.29,45.21,8.63,Evening,Sunday,54.16,56.7,100.84,3.29,3,Level 1,Commuter
User_1469,Lucid Air,102.4,Station_254,New York,03/17/2025 2:00,03/17/2025 3:07,38.19,3.23,23.2,8.64,Night,Tuesday,40.63,62.8,72.32,21.18,6,Level 2,Commuter
User_1470,Polestar 2,60.31,Station_162,Chicago,03/17/2025 3:00,03/17/2025 6:18,41.13,0.63,46.54,10.68,Morning,Thursday,64.75,92.69,224.56,11.13,4.44,Level 2,Commuter
User_1471,Polestar 3,100,Station_327,San Francisco,03/17/2025 4:00,03/17/2025 6:09,55.2,1.7,26.97,13.32,Afternoon,Tuesday,28.69,81.11,,15.3,6,Level 2,Casual Driver
User_1472,Mini Cooper SE,75,Station_420,New York,03/17/2025 5:00,03/17/2025 5:56,72.31,0.95,34.26,23.89,Afternoon,Saturday,59.49,92.31,54.14,8.41,0,Level 1,Casual Driver
User_1473,Toyota bZ4X,75,Station_402,New York,03/17/2025 6:00,03/17/2025 9:52,37.49,1.85,15.8,7.39,Night,Tuesday,86.54,93.38,215.9,0.4,7,DC Fast Charger,Casual Driver
User_1474,Subaru Solterra,62,Station_38,Los Angeles,03/17/2025 7:00,03/17/2025 8:38,55.37,3.14,18.05,8.62,Afternoon,Monday,57.07,92.42,270.04,-2.64,2,DC Fast Charger,Long-Distance Traveler
User_1475,Honda Prologue,75,Station_443,Chicago,03/17/2025 8:00,03/17/2025 9:26,33.47,3.39,18.94,33.22,Morning,Tuesday,44.25,91.06,40.32,26.83,6,Level 1,Commuter
User_1476,Genesis GV60,85,Station_393,San Francisco,03/17/2025 9:00,03/17/2025 9:46,53.36,3.38,11.31,23.06,Afternoon,Saturday,29.88,95.54,,3.51,0,Level 2,Commuter
User_1477,Genesis GV70 Electric,62,Station_201,Chicago,03/17/2025 10:00,03/17/2025 11:40,76.04,2.2,14.89,14.96,Night,Saturday,87.91,67.05,259.72,23.19,4,DC Fast Charger,Long-Distance Traveler
User_1478,Fiat 500e,85,Station_204,Los Angeles,02/05/2025 17:00,02/05/2025 18:57,29.17,1.84,28.5,9.16,Evening,Saturday,64.07,83.79,242,42.74,5,DC Fast Charger,Long-Distance Traveler
User_1479,Mazda MX-30,75,Station_494,Los Angeles,03/17/2025 11:00,03/17/2025 12:16,9.79,3.76,12.89,20.91,Night,Thursday,89.04,54.07,60.33,31.35,6,Level 1,Commuter
User_1480,Jaguar I-PACE,85,Station_200,Houston,03/17/2025 12:00,03/17/2025 13:48,45.45,1.44,28.19,39.6,Night,Sunday,18.31,66.43,131.05,28.51,7,DC Fast Charger,Commuter
User_1481,Tesla Model 3,100,Station_255,New York,03/17/2025 13:00,03/17/2025 15:19,31.73,2.29,37.5,28.38,Morning,Wednesday,76.84,87.56,47.42,7.58,0,Level 2,Commuter
User_1482,Tesla Model Y,62,Station_179,San Francisco,03/17/2025 14:00,03/17/2025 14:42,76.16,2.48,32.56,26.77,Evening,Friday,24.93,79.56,83,38.5,4,Level 2,Long-Distance Traveler
User_1483,Tesla Model S,75,Station_35,Houston,03/17/2025 15:00,03/17/2025 17:48,59.17,2.77,15.22,18.82,Afternoon,Thursday,50.51,68.6,156.81,29.06,1,DC Fast Charger,Long-Distance Traveler
User_1484,Tesla Model X,179.01,Station_82,Los Angeles,03/17/2025 16:00,03/17/2025 18:33,15.1,2.89,5.05,22.01,Night,Monday,51.48,72.7,152.89,18.97,6,Level 1,Commuter
User_1485,Nissan Leaf,62,Station_389,Chicago,03/17/2025 17:00,03/17/2025 19:18,66.25,1.25,37.46,13.37,Evening,Friday,43.85,61.65,152.26,8.95,3,Level 1,Casual Driver
User_1486,Chevy Bolt EV,75,Station_398,New York,03/17/2025 18:00,03/17/2025 19:59,30.73,3,11.22,37.96,Night,Tuesday,41.9,79.16,207.48,-4.45,5,DC Fast Charger,Commuter
User_1487,Chevy Bolt EUV,85,Station_220,San Francisco,03/17/2025 19:00,03/17/2025 20:55,77.69,3.62,,21.99,Night,Thursday,11.3,81,15.22,-8.37,0,Level 2,Commuter
User_1488,Hyundai Kona Electric,100,Station_158,Houston,03/17/2025 20:00,03/17/2025 22:01,77.13,1.23,39.43,29.79,Morning,Friday,62.32,81.41,272.8,-3.66,1,Level 1,Casual Driver
User_1489,Hyundai Ioniq 5,85,Station_56,Houston,02/05/2025 18:00,02/05/2025 21:02,43.45,1.41,,34.68,Morning,Friday,55.71,52.81,38.2,19.87,5,Level 1,Casual Driver
User_1490,Hyundai Ioniq 6,100,Station_4,Houston,03/17/2025 21:00,03/17/2025 21:53,8.28,1.25,11.02,27.33,Morning,Sunday,76.67,62.01,216.5,-2.65,2,DC Fast Charger,Commuter
User_1491,Kia EV6,75,Station_167,New York,03/17/2025 22:00,03/17/2025 23:42,50.53,1.03,34.64,5.11,Evening,Sunday,25.35,63.66,62.53,-9.16,0,DC Fast Charger,Commuter
User_1492,Kia Niro EV,65.97,Station_468,Chicago,03/17/2025 23:00,03/17/2025 23:33,64.93,3.73,45.6,38.45,Night,Thursday,58.16,72.86,115.73,26.68,2,Level 2,Long-Distance Traveler
User_1493,Ford Mustang Mach-E,85,Station_448,Los Angeles,03/18/2025 0:00,03/18/2025 2:22,,3.34,39.4,11.08,Afternoon,Sunday,34.07,98.87,,32.31,5,Level 2,Commuter
User_1494,Ford F-150 Lightning,62,Station_409,Chicago,03/18/2025 1:00,03/18/2025 2:15,55.63,1.38,8.18,25.72,Afternoon,Tuesday,50.63,53.25,294.29,14.56,6,Level 1,Casual Driver
User_1495,Volkswagen ID.4,85,Station_412,Chicago,03/18/2025 2:00,03/18/2025 2:47,41.99,1.2,6.48,30.38,Afternoon,Saturday,46.35,91.11,54.27,37.29,4,Level 1,Long-Distance Traveler
User_1496,BMW i3,24.74,Station_204,Chicago,03/18/2025 3:00,03/18/2025 4:12,38.7,0.55,30.85,12.73,Evening,Thursday,27.79,54.74,384.69,36.66,5,Level 1,Long-Distance Traveler
User_1497,BMW i4,84.63,Station_194,New York,03/18/2025 4:00,03/18/2025 7:57,62.26,1.7,23.58,17.19,Morning,Monday,34.7,51.28,299.66,9.25,2,Level 2,Casual Driver
User_1498,BMW iX,62,Station_235,New York,03/18/2025 5:00,03/18/2025 8:10,35.84,3.79,34.74,13.91,Evening,Friday,55.96,87.11,263.58,9.19,6,DC Fast Charger,Casual Driver
User_1499,Audi e-tron,100,Station_206,Los Angeles,03/18/2025 6:00,03/18/2025 8:02,55.47,3.54,26.48,14.83,Morning,Friday,38.48,82.3,76.93,1.36,0,Level 1,Long-Distance Traveler
User_1500,Audi Q4 e-tron,100,Station_208,New York,02/05/2025 19:00,02/05/2025 21:34,26.87,2.46,12.05,17.54,Morning,Monday,28.18,54.56,289.57,7.79,3,Level 1,Long-Distance Traveler
User_1501,Mercedes EQS,62,Station_150,Chicago,03/18/2025 7:00,03/18/2025 9:12,19.72,1.48,47.61,9.04,Afternoon,Friday,58.69,84.55,32.32,35.77,1.41,Level 1,Commuter
User_1502,Mercedes EQE,28.59,Station_159,New York,03/18/2025 8:00,03/18/2025 10:33,68.45,2.19,14.97,14.5,Afternoon,Thursday,26.46,98.79,61.81,18.6,4.39,Level 1,Commuter
User_1503,Mercedes EQB,62,Station_279,Los Angeles,03/18/2025 9:00,03/18/2025 9:39,79.95,1.66,10.89,17.62,Morning,Tuesday,52.14,93.02,176.22,34.43,6,DC Fast Charger,Long-Distance Traveler
User_1504,Porsche Taycan,85,Station_304,Los Angeles,03/18/2025 10:00,03/18/2025 11:42,60.47,3.72,28.75,19.65,Afternoon,Thursday,33.68,78.91,147.74,-2.66,1,Level 1,Commuter
User_1505,Volvo XC40 Recharge,75,Station_404,Chicago,03/18/2025 11:00,03/18/2025 14:36,35.38,1.72,23.77,16.08,Evening,Thursday,54.48,70.46,33.69,33.89,5,Level 1,Long-Distance Traveler
User_1506,Volvo C40 Recharge,62,Station_381,San Francisco,03/18/2025 12:00,03/18/2025 13:00,37.69,0.6,45.36,33.81,Morning,Sunday,17.97,67.46,172.1,26.07,1,Level 2,Casual Driver
User_1507,Rivian R1T,110.66,Station_166,Chicago,03/18/2025 13:00,03/18/2025 16:05,20.79,1.47,30.19,16.08,Afternoon,Saturday,33.55,93.65,155.78,13.66,6,Level 2,Commuter
User_1508,Rivian R1S,100,Station_311,San Francisco,03/18/2025 14:00,03/18/2025 15:29,53.36,3.8,38.63,13.61,Night,Friday,33.27,92.04,42.14,29.88,4,Level 2,Commuter
User_1509,Lucid Air,100,Station_68,Los Angeles,03/18/2025 15:00,03/18/2025 17:40,24.27,1.64,30.49,15.81,Afternoon,Tuesday,74.68,79.53,80.32,11.7,6,DC Fast Charger,Long-Distance Traveler
User_1510,Polestar 2,62,Station_463,New York,03/18/2025 16:00,03/18/2025 18:27,68.21,2.84,21.9,38.65,Night,Wednesday,87.9,63.86,71.17,34.38,5,Level 2,Long-Distance Traveler
User_1511,Polestar 3,85,Station_41,Los Angeles,02/05/2025 20:00,02/05/2025 21:48,17.93,2.78,25.58,25.5,Morning,Saturday,29.95,76.88,104.4,38.36,7,DC Fast Charger,Commuter
User_1512,Mini Cooper SE,100,Station_88,Houston,03/18/2025 17:00,03/18/2025 20:32,27.71,2.86,45.33,38.04,Afternoon,Tuesday,46.48,98.63,104.86,19.03,4,Level 1,Commuter
User_1513,Toyota bZ4X,50,Station_217,Los Angeles,03/18/2025 18:00,03/18/2025 18:43,76.69,0.73,45.76,35.27,Night,Sunday,33.29,52.04,190.94,38.74,1,Level 1,Commuter
User_1514,Subaru Solterra,50,Station_1,New York,03/18/2025 19:00,03/18/2025 22:35,45.36,0.56,25.04,33.71,Afternoon,Thursday,39.08,91.73,109.93,37.33,5,DC Fast Charger,Commuter
User_1515,Honda Prologue,50,Station_135,Los Angeles,03/18/2025 20:00,03/18/2025 22:52,27.5,1.37,46.48,8.15,Night,Monday,61.56,63.29,97.46,12.41,3,DC Fast Charger,Casual Driver
User_1516,Genesis GV60,100,Station_185,Chicago,03/18/2025 21:00,03/18/2025 21:31,74.71,3.68,33.46,38.77,Morning,Tuesday,56.91,90.24,166.68,7.88,1,Level 1,Commuter
User_1517,Genesis GV70 Electric,100,Station_351,San Francisco,03/18/2025 22:00,03/18/2025 22:53,37.52,2.78,24.98,12.98,Morning,Friday,23.17,79.15,27.72,-7.65,0,DC Fast Charger,Commuter
User_1518,Fiat 500e,100.57,Station_140,Los Angeles,03/18/2025 23:00,03/19/2025 2:55,24.04,2.91,26.03,25.49,Night,Monday,81.15,50.45,146.92,8.83,1,Level 1,Long-Distance Traveler
User_1519,Mazda MX-30,75,Station_106,New York,03/19/2025 0:00,03/19/2025 1:33,9.52,1.28,48.58,15.14,Afternoon,Wednesday,18.26,88.41,207.1,27.83,0,Level 2,Casual Driver
User_1520,Jaguar I-PACE,48.35,Station_133,Chicago,03/19/2025 1:00,03/19/2025 4:48,39.88,3.04,19.46,20.34,Evening,Wednesday,58.02,52.29,172.52,31.64,4,Level 1,Long-Distance Traveler
User_1521,Tesla Model 3,50,Station_108,Houston,03/19/2025 2:00,03/19/2025 4:09,5.76,2.29,39.13,34.4,Evening,Monday,63.62,73.81,107.67,18.96,3,DC Fast Charger,Commuter
User_1522,Tesla Model Y,50,Station_32,Los Angeles,02/05/2025 21:00,02/05/2025 22:59,60.47,3.19,,15.89,Afternoon,Saturday,74.54,79.37,84.38,32.84,2,Level 1,Casual Driver
User_1523,Tesla Model S,100,Station_178,Chicago,03/19/2025 3:00,03/19/2025 5:23,13,1.7,41.18,18.41,Evening,Sunday,40.69,57.67,245.86,39.63,6,Level 2,Casual Driver
User_1524,Tesla Model X,62,Station_298,San Francisco,03/19/2025 4:00,03/19/2025 4:53,21.35,2.86,21.5,19.3,Evening,Wednesday,49.32,56.18,29.26,2.5,6,Level 1,Commuter
User_1525,Nissan Leaf,100,Station_358,Chicago,03/19/2025 5:00,03/19/2025 8:04,48.85,1.66,7.24,17.93,Night,Monday,22.71,62.07,107.31,-0.34,3,DC Fast Charger,Casual Driver
User_1526,Chevy Bolt EV,100,Station_380,Houston,03/19/2025 6:00,03/19/2025 9:14,9.21,2.86,14.83,34.45,Morning,Thursday,46.61,66.15,280.54,18.46,7,DC Fast Charger,Casual Driver
User_1527,Chevy Bolt EUV,75,Station_396,New York,03/19/2025 7:00,03/19/2025 9:00,19.94,1.91,26.75,37.02,Morning,Monday,12.43,139.9,105.66,3.37,3,Level 2,Casual Driver
User_1528,Hyundai Kona Electric,62,Station_359,Los Angeles,03/19/2025 8:00,03/19/2025 11:16,,1.05,27.82,12.43,Evening,Thursday,43.44,56.19,122.3,12.79,2,Level 1,Casual Driver
User_1529,Hyundai Ioniq 5,85,Station_146,San Francisco,03/19/2025 9:00,03/19/2025 12:40,76.19,2.85,14.98,22.65,Morning,Sunday,10.29,76.73,69.19,15.25,0,Level 1,Casual Driver
User_1530,Hyundai Ioniq 6,75,Station_450,Houston,03/19/2025 10:00,03/19/2025 13:56,72.94,3.61,13.83,35.86,Night,Friday,44.09,61.94,19.31,38.67,6,DC Fast Charger,Casual Driver
User_1531,Kia EV6,75,Station_74,San Francisco,03/19/2025 11:00,03/19/2025 11:55,24.54,1.71,,31.06,Evening,Friday,18.63,76.46,81.74,-1.64,4.59,Level 2,Long-Distance Traveler
User_1532,Kia Niro EV,85,Station_463,Chicago,03/19/2025 12:00,03/19/2025 13:34,7.45,3.48,,15.13,Night,Wednesday,65.87,84.11,30.92,10.51,2.08,Level 1,Long-Distance Traveler
User_1533,Ford Mustang Mach-E,50,Station_15,Chicago,02/05/2025 22:00,02/06/2025 1:49,17.7,3.46,19.71,19.92,Afternoon,Tuesday,47.81,79.37,258.65,-9.35,7,DC Fast Charger,Commuter
User_1534,Ford F-150 Lightning,85,Station_478,San Francisco,03/19/2025 13:00,03/19/2025 15:29,17.2,1.66,,38.89,Night,Saturday,24.07,76.81,160.29,-4.25,1,Level 2,Commuter
User_1535,Volkswagen ID.4,50,Station_108,Houston,03/19/2025 14:00,03/19/2025 14:33,,2.29,21.67,8.33,Afternoon,Saturday,58.69,84.96,116.66,-3.11,1,DC Fast Charger,Casual Driver
User_1536,BMW i3,75,Station_122,Los Angeles,03/19/2025 15:00,03/19/2025 18:06,72.28,1.1,7.44,11.99,Night,Monday,87.22,65.57,155.31,4.7,7,Level 1,Casual Driver
User_1537,BMW i4,85,Station_17,Los Angeles,03/19/2025 16:00,03/19/2025 16:30,18.02,2.46,43.7,17.78,Afternoon,Sunday,71.41,76.22,28.55,19.17,4,DC Fast Charger,Long-Distance Traveler
User_1538,BMW iX,75,Station_196,San Francisco,03/19/2025 17:00,03/19/2025 18:19,59.13,2.42,6.94,37.99,Evening,Thursday,47.38,51.07,238.74,19.75,0,Level 1,Commuter
User_1539,Audi e-tron,85,Station_327,New York,03/19/2025 18:00,03/19/2025 20:19,35.87,4.23,32.8,25.03,Night,Friday,83.52,85.7,258.03,8.25,5.35,DC Fast Charger,Commuter
User_1540,Audi Q4 e-tron,62,Station_318,San Francisco,03/19/2025 19:00,03/19/2025 21:48,5.2,1.89,49.33,30.87,Morning,Sunday,18.98,89.64,179.29,37.58,2.4,Level 1,Long-Distance Traveler
User_1541,Mercedes EQS,50,Station_297,Chicago,03/19/2025 20:00,03/19/2025 21:43,28.77,1.19,25.8,17.02,Evening,Friday,27.99,69.5,163.04,37.49,6,Level 2,Long-Distance Traveler
User_1542,Mercedes EQE,75,Station_479,Los Angeles,03/19/2025 21:00,03/20/2025 0:36,61.91,3.1,37.77,31.22,Night,Friday,18.22,88.06,291.18,18.77,3,Level 1,Casual Driver
User_1543,Mercedes EQB,100,Station_499,Los Angeles,03/19/2025 22:00,03/19/2025 23:31,35.02,2.85,12.54,26.83,Night,Wednesday,19.07,77.59,49.67,10.2,3,Level 1,Long-Distance Traveler
User_1544,Porsche Taycan,85,Station_78,San Francisco,02/01/2025 11:00,02/01/2025 14:55,22.56,2.06,4.46,14.05,Evening,Sunday,14.62,85.86,194.76,34.26,0,DC Fast Charger,Long-Distance Traveler
User_1545,Volvo XC40 Recharge,63.1,Station_62,Houston,02/05/2025 23:00,02/06/2025 0:20,47.71,1.18,,15.35,Night,Wednesday,49.54,57.94,214.47,34.28,1,DC Fast Charger,Casual Driver
User_1546,Volvo C40 Recharge,50,Station_252,Los Angeles,03/19/2025 23:00,03/20/2025 0:50,14.8,2.61,27.5,33.99,Morning,Friday,19.6,82.03,58.87,27.22,3,DC Fast Charger,Casual Driver
User_1547,Rivian R1T,75,Station_487,New York,03/20/2025 0:00,03/20/2025 3:13,65.1,1.02,47.44,31.7,Afternoon,Saturday,17.25,99.67,41.26,10.93,4,Level 1,Commuter
User_1548,Rivian R1S,75,Station_119,New York,03/20/2025 1:00,03/20/2025 2:25,18.12,3.41,35.16,15.37,Night,Tuesday,41.08,146.76,277.02,4.6,7,Level 1,Casual Driver
User_1549,Lucid Air,86.72,Station_162,Houston,03/20/2025 2:00,03/20/2025 4:20,61.63,2.94,20.39,32.96,Night,Wednesday,23.36,96.41,83.92,-6.98,3,Level 1,Long-Distance Traveler
User_1550,Polestar 2,75,Station_198,San Francisco,03/20/2025 3:00,03/20/2025 3:50,71.81,3.74,39.47,21.01,Morning,Monday,49.9,60.39,55.97,-0.83,2,DC Fast Charger,Casual Driver
User_1551,Polestar 3,100,Station_498,San Francisco,03/20/2025 4:00,03/20/2025 6:50,45.99,1.6,42.36,19.23,Evening,Tuesday,63.54,60.39,113.46,5.82,3,Level 1,Casual Driver
User_1552,Mini Cooper SE,100,Station_486,Chicago,03/20/2025 5:00,03/20/2025 5:38,45.86,1.31,47.5,35.55,Night,Wednesday,26.45,50.88,85,7.16,4,Level 2,Long-Distance Traveler
User_1553,Toyota bZ4X,100,Station_45,Los Angeles,03/20/2025 6:00,03/20/2025 8:48,55.69,2.87,3.86,5.43,Afternoon,Sunday,25.91,91.24,,11.35,0,Level 2,Casual Driver
User_1554,Subaru Solterra,61.95,Station_314,New York,03/20/2025 7:00,03/20/2025 10:52,23.05,3.66,36.77,9.64,Afternoon,Wednesday,36.14,50.59,286.38,-7.86,2,DC Fast Charger,Commuter
User_1555,Honda Prologue,50,Station_179,Chicago,03/20/2025 8:00,03/20/2025 9:39,39.97,0.69,37.68,35.48,Morning,Thursday,88.3,71.14,60.92,11.02,4,Level 1,Casual Driver
User_1556,Genesis GV60,85,Station_155,Los Angeles,02/06/2025 0:00,02/06/2025 3:25,71.19,1.43,10.3,5.14,Morning,Friday,36.88,73.97,276.22,-4.81,6,Level 1,Commuter
User_1557,Genesis GV70 Electric,75,Station_382,Chicago,03/20/2025 9:00,03/20/2025 11:38,21.05,1.46,6.31,46.17,Afternoon,Tuesday,50.71,64.14,135.64,26.19,5,DC Fast Charger,Long-Distance Traveler
User_1558,Fiat 500e,100,Station_418,New York,03/20/2025 10:00,03/20/2025 12:27,8.79,2.91,,15.66,Night,Tuesday,49.82,86.76,98.66,-9.12,1,Level 1,Long-Distance Traveler
User_1559,Mazda MX-30,62,Station_44,San Francisco,03/20/2025 11:00,03/20/2025 14:47,97.67,2.82,34.01,14.87,Afternoon,Saturday,31.72,64,249.07,-7.75,5,DC Fast Charger,Long-Distance Traveler
User_1560,Jaguar I-PACE,100,Station_271,Los Angeles,03/20/2025 12:00,03/20/2025 15:54,39.95,2.71,34.1,29.24,Night,Tuesday,15.07,98.61,132.79,-5.5,1,Level 1,Casual Driver
User_1561,Tesla Model 3,86.17,Station_78,San Francisco,03/20/2025 13:00,03/20/2025 14:25,41.01,3.07,35.24,43.37,Morning,Friday,56.93,79.68,223.72,31.59,2,Level 1,Commuter
User_1562,Tesla Model Y,75,Station_326,Chicago,03/20/2025 14:00,03/20/2025 15:00,11.42,3.25,26.14,12.86,Afternoon,Saturday,75.86,60.2,31.31,-2.44,4,DC Fast Charger,Long-Distance Traveler
User_1563,Tesla Model S,100,Station_178,Los Angeles,03/20/2025 15:00,03/20/2025 16:06,52.28,1.77,23.88,23.7,Night,Sunday,21.86,79.26,41.29,6.39,6,DC Fast Charger,Long-Distance Traveler
User_1564,Tesla Model X,75,Station_357,Houston,03/20/2025 16:00,03/20/2025 19:24,77.63,3.31,11.18,10.91,Evening,Friday,54.64,58.02,101.4,2.21,2,DC Fast Charger,Commuter
User_1565,Nissan Leaf,50,Station_498,Chicago,03/20/2025 17:00,03/20/2025 19:00,14.18,2.21,21.86,23.92,Night,Saturday,18.14,64.34,295.96,8.01,7,Level 1,Long-Distance Traveler
User_1566,Chevy Bolt EV,62,Station_416,San Francisco,03/20/2025 18:00,03/20/2025 20:23,28.34,2.26,36.29,35.18,Night,Monday,25.45,95.75,85.89,15.73,7,DC Fast Charger,Casual Driver
User_1567,Chevy Bolt EUV,75,Station_284,Los Angeles,02/06/2025 1:00,02/06/2025 3:11,39.64,1.93,13.8,6.97,Afternoon,Wednesday,20.42,57.5,,22.57,6,Level 2,Casual Driver
User_1568,Hyundai Kona Electric,100,Station_451,San Francisco,03/20/2025 19:00,03/20/2025 22:55,17.63,1.73,11.38,30.59,Morning,Sunday,88.54,54.64,179.75,36.45,5,Level 1,Long-Distance Traveler
User_1569,Hyundai Ioniq 5,75,Station_3,San Francisco,03/20/2025 20:00,03/20/2025 22:37,45.45,1.13,12.82,29.15,Night,Saturday,59.31,59.87,39.89,37.73,0,Level 2,Long-Distance Traveler
User_1570,Hyundai Ioniq 6,50,Station_214,New York,03/20/2025 21:00,03/21/2025 0:24,49.66,3.59,17.66,12.39,Morning,Monday,68.71,84.88,236.73,-4.14,0,Level 2,Casual Driver
User_1571,Kia EV6,85,Station_342,Chicago,03/20/2025 22:00,03/21/2025 0:31,23.94,2.16,18.82,23.77,Night,Saturday,24.12,90.83,190.2,-3.24,3,Level 1,Commuter
User_1572,Kia Niro EV,85,Station_74,Los Angeles,03/20/2025 23:00,03/21/2025 0:38,23.87,2.44,23.6,10.91,Night,Monday,75.64,58.59,158.22,11.05,0,Level 1,Commuter
User_1573,Ford Mustang Mach-E,50,Station_51,San Francisco,03/21/2025 0:00,03/21/2025 3:35,8.64,2.49,19.67,21.98,Night,Friday,13.25,85.29,132.61,0.87,4,DC Fast Charger,Long-Distance Traveler
User_1574,Ford F-150 Lightning,75,Station_67,San Francisco,03/21/2025 1:00,03/21/2025 2:05,11.14,0.77,,37.34,Morning,Sunday,75.44,98.86,246.71,35.78,5,Level 1,Casual Driver
User_1575,Volkswagen ID.4,100,Station_332,New York,03/21/2025 2:00,03/21/2025 3:01,46.4,0.98,38.51,6.69,Night,Sunday,61.77,58.63,18.64,-1.9,3,Level 1,Casual Driver
User_1576,BMW i3,64.93,Station_93,Los Angeles,03/21/2025 3:00,03/21/2025 4:33,77.27,3.5,28.93,37.51,Morning,Saturday,34.59,92.21,27.66,12,3,Level 2,Commuter
User_1577,BMW i4,100,Station_176,Chicago,03/21/2025 4:00,03/21/2025 7:48,6,3.98,34.95,30.41,Evening,Thursday,36.4,62.03,270.66,22.98,5,DC Fast Charger,Commuter
User_1578,BMW iX,62,Station_209,Chicago,02/06/2025 2:00,02/06/2025 5:47,24.85,3.32,32.24,19.91,Morning,Wednesday,60.67,53.93,260.71,11.2,3,DC Fast Charger,Casual Driver
User_1579,Audi e-tron,54.03,Station_145,Houston,03/21/2025 5:00,03/21/2025 8:19,21.27,3.34,40.18,12.19,Morning,Saturday,23.97,90.94,75.73,31.35,6,DC Fast Charger,Commuter
User_1580,Audi Q4 e-tron,62,Station_7,New York,03/21/2025 6:00,03/21/2025 7:17,38.14,0.95,42.52,21.81,Evening,Monday,79.21,147.49,145.03,39.71,7,Level 1,Casual Driver
User_1581,Mercedes EQS,85,Station_269,Chicago,03/21/2025 7:00,03/21/2025 10:51,38,2.06,10.49,16.65,Morning,Sunday,21.31,58.47,214.38,-1.84,1,DC Fast Charger,Casual Driver
User_1582,Mercedes EQE,50,Station_376,Houston,03/21/2025 8:00,03/21/2025 9:50,12.89,2.14,17.34,18.14,Morning,Wednesday,78.39,78.82,88.54,20.06,0,Level 2,Casual Driver
User_1583,Mercedes EQB,85,Station_322,San Francisco,03/21/2025 9:00,03/21/2025 12:07,60.62,1.96,22.68,32.74,Night,Friday,71.58,66.87,286.42,29.72,4,Level 2,Long-Distance Traveler
User_1584,Porsche Taycan,100,Station_4,San Francisco,03/21/2025 10:00,03/21/2025 12:58,,1.62,27.8,58.25,Afternoon,Thursday,74.48,75.87,58.28,33.67,7,Level 2,Long-Distance Traveler
User_1585,Volvo XC40 Recharge,75,Station_138,Los Angeles,03/21/2025 11:00,03/21/2025 12:29,5.87,0.89,21.33,21.91,Afternoon,Wednesday,28.9,97.35,280.98,-1.56,4,Level 1,Commuter
User_1586,Volvo C40 Recharge,62,Station_231,Houston,03/21/2025 12:00,03/21/2025 14:50,,1.28,36.6,29.78,Night,Wednesday,76.96,83.76,11.77,12.24,1,Level 1,Commuter
User_1587,Rivian R1T,100,Station_88,San Francisco,03/21/2025 13:00,03/21/2025 13:30,77.7,1.22,26.42,17.06,Evening,Friday,52.5,66.18,196.29,36.64,5,Level 2,Long-Distance Traveler
User_1588,Rivian R1S,85,Station_17,San Francisco,03/21/2025 14:00,03/21/2025 15:34,94.37,2.24,31.65,38.09,Night,Saturday,43.88,62.26,205.84,19.12,7,Level 2,Long-Distance Traveler
User_1589,Lucid Air,50,Station_320,Chicago,02/06/2025 3:00,02/06/2025 5:15,7.52,3.42,10.62,34.76,Night,Sunday,61.76,83.21,126.59,9.79,6,Level 1,Casual Driver
User_1590,Polestar 2,62,Station_52,Los Angeles,03/21/2025 15:00,03/21/2025 16:02,43.96,1.77,36,10.43,Afternoon,Tuesday,60.9,81.09,49.91,3.92,4,DC Fast Charger,Long-Distance Traveler
User_1591,Polestar 3,85,Station_134,Chicago,03/21/2025 16:00,03/21/2025 17:07,76.48,1.91,42.37,15.66,Morning,Thursday,27.95,85.82,92.33,5.65,3,DC Fast Charger,Long-Distance Traveler
User_1592,Mini Cooper SE,78.51,Station_211,San Francisco,03/21/2025 17:00,03/21/2025 17:54,66.18,3.26,5.92,37.28,Night,Saturday,40.62,54.01,108.14,2.24,3,DC Fast Charger,Commuter
User_1593,Toyota bZ4X,50,Station_325,New York,03/21/2025 18:00,03/21/2025 21:03,76.24,3.73,6.8,21.09,Evening,Friday,76.96,61.47,94.43,2.55,4,DC Fast Charger,Long-Distance Traveler
User_1594,Subaru Solterra,75,Station_480,New York,03/21/2025 19:00,03/21/2025 22:54,35.16,0.15,17.64,19.96,Night,Tuesday,76.28,83.59,31.79,-6.23,4,Level 2,Long-Distance Traveler
User_1595,Honda Prologue,85,Station_458,Chicago,03/21/2025 20:00,03/21/2025 21:28,53.12,1.81,41.69,33.39,Afternoon,Friday,79.45,60.94,139.24,18.71,6,DC Fast Charger,Casual Driver
User_1596,Genesis GV60,50,Station_393,Houston,03/21/2025 21:00,03/22/2025 0:10,43.13,2.77,5.77,21.6,Morning,Friday,69.62,77.4,167.62,31.06,2.12,Level 2,Commuter
User_1597,Genesis GV70 Electric,75,Station_219,Los Angeles,03/21/2025 22:00,03/22/2025 0:10,60.68,2.22,15.63,31.65,Afternoon,Wednesday,52.46,69.58,61.52,15.95,2,Level 2,Commuter
User_1598,Fiat 500e,85,Station_205,New York,03/21/2025 23:00,03/22/2025 1:36,33.67,2.01,24.86,37.4,Afternoon,Sunday,57.2,71.73,230.79,25.43,1,Level 1,Casual Driver
User_1599,Mazda MX-30,100,Station_211,New York,03/22/2025 0:00,03/22/2025 1:10,54.55,1.6,19.1,17.03,Afternoon,Saturday,65.65,86.26,44.41,26.23,3,DC Fast Charger,Commuter
User_1600,Jaguar I-PACE,75,Station_494,Houston,02/06/2025 4:00,02/06/2025 7:42,64.42,3.19,24.62,29,Evening,Friday,49.17,62.34,230.49,25.32,2,Level 1,Long-Distance Traveler
User_1601,Tesla Model 3,62,Station_277,Chicago,03/22/2025 1:00,03/22/2025 4:07,14.12,0.94,21.38,3.71,Afternoon,Friday,27.57,60.91,262.13,0.67,5,Level 2,Commuter
User_1602,Tesla Model Y,62,Station_24,Houston,03/22/2025 2:00,03/22/2025 3:26,11.32,1.82,39.96,3.06,Morning,Saturday,59.78,53.01,111.7,-0.89,5,Level 1,Long-Distance Traveler
User_1603,Tesla Model S,50,Station_486,Houston,03/22/2025 3:00,03/22/2025 6:26,26.59,1.72,24.45,25.2,Afternoon,Tuesday,77.98,91.45,191.39,5.32,1,Level 1,Long-Distance Traveler
User_1604,Tesla Model X,75,Station_4,Chicago,03/22/2025 4:00,03/22/2025 5:17,65.92,3.32,37.52,8.2,Evening,Wednesday,34.71,99.83,31.82,-0.65,3,Level 2,Commuter
User_1605,Nissan Leaf,62,Station_152,New York,03/22/2025 5:00,03/22/2025 6:41,37.52,0.8,,9.59,Evening,Tuesday,26.14,69.59,238.75,-2.56,7,Level 2,Casual Driver
User_1606,Chevy Bolt EV,100,Station_443,Los Angeles,03/22/2025 6:00,03/22/2025 9:26,20.07,2.47,48.07,13.66,Afternoon,Tuesday,27.43,68.09,35.45,6.23,0,DC Fast Charger,Casual Driver
User_1607,Chevy Bolt EUV,100,Station_483,New York,03/22/2025 7:00,03/22/2025 10:24,10.39,1.48,38.42,39.8,Evening,Wednesday,88.86,73.18,243.31,39.39,4,DC Fast Charger,Commuter
User_1608,Hyundai Kona Electric,75,Station_259,Houston,03/22/2025 8:00,03/22/2025 9:25,5.89,1.24,40.78,11.65,Afternoon,Saturday,12.91,57.54,100.99,16.89,1,Level 2,Commuter
User_1609,Hyundai Ioniq 5,75,Station_324,New York,03/22/2025 9:00,03/22/2025 10:34,48.52,3,6.02,6.77,Morning,Tuesday,53.07,90.08,119.99,37.13,6,Level 2,Commuter
User_1610,Hyundai Ioniq 6,100,Station_357,Los Angeles,03/22/2025 10:00,03/22/2025 10:41,51.94,2.46,9.17,29.47,Morning,Monday,61.46,96.39,220.78,14.48,3,Level 1,Commuter
User_1611,Kia EV6,85,Station_187,New York,02/06/2025 5:00,02/06/2025 6:29,6.19,1.29,19.72,20.86,Afternoon,Friday,34.6,101.68,275.74,5.73,1,Level 1,Casual Driver
User_1612,Kia Niro EV,85,Station_168,San Francisco,03/22/2025 11:00,03/22/2025 12:38,20.79,3.25,41.24,25.79,Evening,Saturday,49.97,63.11,259.92,22.9,2,Level 1,Long-Distance Traveler
User_1613,Ford Mustang Mach-E,100,Station_176,New York,03/22/2025 12:00,03/22/2025 14:43,49.48,1.73,18.94,37.66,Evening,Sunday,23.26,53.99,49.05,-7.48,4,Level 1,Long-Distance Traveler
User_1614,Ford F-150 Lightning,75,Station_310,Chicago,03/22/2025 13:00,03/22/2025 14:58,25.53,0.43,,25.02,Afternoon,Sunday,20.07,80.32,265.24,19,4,Level 1,Commuter
User_1615,Volkswagen ID.4,50,Station_291,San Francisco,03/22/2025 14:00,03/22/2025 17:42,19.96,1.3,43.01,37.06,Night,Friday,15.82,53.37,51.42,30.01,2,Level 1,Casual Driver
User_1616,BMW i3,50,Station_479,Chicago,03/22/2025 15:00,03/22/2025 15:54,33.69,3.98,22.71,35.8,Afternoon,Wednesday,87.13,70.56,29.81,10.61,4,DC Fast Charger,Long-Distance Traveler
User_1617,BMW i4,50,Station_56,Chicago,03/22/2025 16:00,03/22/2025 16:30,45.16,0.92,31.31,39.25,Afternoon,Sunday,11.79,50.75,61.51,17.26,5,Level 1,Commuter
User_1618,BMW iX,100,Station_108,Chicago,03/22/2025 17:00,03/22/2025 20:09,60.83,3.57,48.32,9.98,Morning,Wednesday,26.45,83.9,29.67,3.17,6.56,Level 2,Casual Driver
User_1619,Audi e-tron,75,Station_473,New York,03/22/2025 18:00,03/22/2025 20:40,,1.23,43.98,22.56,Night,Saturday,76.7,87.03,286.32,15.61,3.22,DC Fast Charger,Long-Distance Traveler
User_1620,Audi Q4 e-tron,100,Station_296,Houston,03/22/2025 19:00,03/22/2025 20:18,47.68,1.42,37.75,36.55,Night,Monday,75.29,67.25,268.7,27.78,0,Level 1,Long-Distance Traveler
User_1621,Mercedes EQS,85,Station_461,San Francisco,03/22/2025 20:00,03/22/2025 22:56,27.64,1.92,57.1,10.22,Afternoon,Monday,38.42,73.06,206.44,9.38,7,Level 1,Commuter
User_1622,Mercedes EQE,100,Station_498,New York,02/06/2025 6:00,02/06/2025 7:15,37.79,3.62,36,29.12,Afternoon,Monday,88.04,61.07,66,-0.33,1,DC Fast Charger,Casual Driver
User_1623,Mercedes EQB,62,Station_324,Los Angeles,03/22/2025 21:00,03/22/2025 22:29,66.46,3.89,47.72,21.57,Morning,Monday,61.05,70.39,250.86,18.39,0.02,Level 1,Casual Driver
User_1624,Porsche Taycan,75,Station_302,Houston,03/22/2025 22:00,03/23/2025 1:06,,0.55,37.25,15.37,Evening,Monday,19.89,62.23,49.12,-2.46,4,Level 2,Commuter
User_1625,Volvo XC40 Recharge,75,Station_334,New York,03/22/2025 23:00,03/23/2025 2:27,,2.34,36.93,25.86,Morning,Thursday,74.55,83.23,56.9,37.49,7,Level 1,Long-Distance Traveler
User_1626,Volvo C40 Recharge,62,Station_141,Chicago,03/23/2025 0:00,03/23/2025 0:31,10.2,3.99,36.8,36.57,Evening,Wednesday,67.36,94.85,131.97,12.62,1,Level 2,Casual Driver
User_1627,Rivian R1T,85,Station_155,Los Angeles,03/23/2025 1:00,03/23/2025 2:42,67.61,3.93,23.4,24.02,Morning,Tuesday,65.53,55.09,227.06,6.14,0,Level 2,Long-Distance Traveler
User_1628,Rivian R1S,85,Station_262,San Francisco,03/23/2025 2:00,03/23/2025 5:33,8.94,3.62,35.32,9.93,Night,Wednesday,27.05,93.46,79.49,14.33,6,Level 1,Commuter
User_1629,Lucid Air,62,Station_273,Houston,03/23/2025 3:00,03/23/2025 5:54,26.44,3.69,27.12,27.37,Morning,Sunday,63.48,80.48,265.56,14.39,3,Level 1,Commuter
User_1630,Polestar 2,100,Station_420,Houston,03/23/2025 4:00,03/23/2025 7:37,42.02,0.73,13.3,13.09,Afternoon,Wednesday,55.04,70.45,1.9,14.64,5,DC Fast Charger,Long-Distance Traveler
User_1631,Polestar 3,75,Station_232,Los Angeles,03/23/2025 5:00,03/23/2025 7:19,28,1.77,,25.54,Evening,Wednesday,59.66,95.05,212.71,-6.86,0,DC Fast Charger,Commuter
User_1632,Mini Cooper SE,50,Station_241,New York,03/23/2025 6:00,03/23/2025 9:13,34.54,2.54,14.24,26.03,Morning,Monday,16.96,84.6,181.85,13.03,2,DC Fast Charger,Commuter
User_1633,Toyota bZ4X,85,Station_442,San Francisco,02/06/2025 7:00,02/06/2025 8:05,9.15,2.58,34.05,27.67,Evening,Tuesday,71.45,50.02,223.1,-1.09,1.75,DC Fast Charger,Long-Distance Traveler
User_1634,Subaru Solterra,100,Station_355,San Francisco,03/23/2025 7:00,03/23/2025 8:30,67.08,3.88,23.1,11.98,Morning,Monday,23.03,95.03,195.72,5.01,3,Level 2,Long-Distance Traveler
User_1635,Honda Prologue,100,Station_337,Los Angeles,03/23/2025 8:00,03/23/2025 8:46,39.71,3.78,18.69,24.19,Evening,Thursday,34.04,96.37,209.37,0.26,7,Level 1,Casual Driver
User_1636,Genesis GV60,50,Station_489,Chicago,03/23/2025 9:00,03/23/2025 10:18,6.45,2.25,11.02,5.39,Morning,Saturday,26.98,98.4,,12.19,7,DC Fast Charger,Long-Distance Traveler
User_1637,Genesis GV70 Electric,62,Station_258,San Francisco,03/23/2025 10:00,03/23/2025 11:45,30.75,3.78,19.48,12.9,Evening,Wednesday,49.53,68.65,129.55,31.98,0.19,Level 2,Long-Distance Traveler
User_1638,Fiat 500e,50,Station_249,Houston,03/23/2025 11:00,03/23/2025 14:37,28.8,0.76,45.52,20.9,Night,Friday,73.69,81.23,22.33,-0.26,3,DC Fast Charger,Casual Driver
User_1639,Mazda MX-30,63.99,Station_77,Los Angeles,03/23/2025 12:00,03/23/2025 14:57,30.99,1.93,,35.73,Evening,Saturday,73.31,76.17,203.06,28.35,5,DC Fast Charger,Commuter
User_1640,Jaguar I-PACE,100,Station_180,Houston,03/23/2025 13:00,03/23/2025 16:27,85.04,3.71,26.73,21.84,Evening,Sunday,32.36,55.99,279.87,22.67,7,Level 1,Casual Driver
User_1641,Tesla Model 3,50,Station_66,Houston,03/23/2025 14:00,03/23/2025 16:40,47.77,2.68,32.99,30.86,Night,Thursday,13.71,97.59,221.54,15.36,6,Level 1,Long-Distance Traveler
User_1642,Tesla Model Y,62,Station_308,Houston,03/23/2025 15:00,03/23/2025 16:12,57.45,1.12,35.73,26.41,Morning,Sunday,32.34,89.62,57.29,33.49,1,Level 2,Casual Driver
User_1643,Tesla Model S,50,Station_348,New York,03/23/2025 16:00,03/23/2025 17:26,45.94,1.81,16.56,22.15,Morning,Monday,77.01,73.31,232.6,27.57,0,Level 1,Commuter
User_1644,Tesla Model X,93.27,Station_130,Los Angeles,02/06/2025 8:00,02/06/2025 11:35,15.66,3.14,7.7,32.14,Afternoon,Wednesday,30.88,51.48,202.14,29.54,2,DC Fast Charger,Long-Distance Traveler
User_1645,Nissan Leaf,50,Station_171,Houston,03/23/2025 17:00,03/23/2025 18:19,49.53,0.81,42.14,24,Night,Sunday,79.74,53.91,279.44,4.52,5,DC Fast Charger,Casual Driver
User_1646,Chevy Bolt EV,100,Station_474,Chicago,03/23/2025 18:00,03/23/2025 21:45,52.74,2.18,9.72,33.82,Afternoon,Wednesday,77.81,89.79,56.86,37.12,4,Level 2,Casual Driver
User_1647,Chevy Bolt EUV,50,Station_22,Chicago,03/23/2025 19:00,03/23/2025 22:58,61.93,2.77,37.39,24.52,Evening,Monday,39.91,53.25,17.95,0.71,0.85,Level 2,Long-Distance Traveler
User_1648,Hyundai Kona Electric,85,Station_367,San Francisco,03/23/2025 20:00,03/23/2025 23:27,23.44,3.46,50.35,8.48,Morning,Saturday,81.16,93.28,22.62,14.79,5,Level 2,Casual Driver
User_1649,Hyundai Ioniq 5,62,Station_107,Houston,03/23/2025 21:00,03/23/2025 22:06,8.32,0.73,11.74,20.7,Morning,Tuesday,38.55,56.85,271.53,35.82,2.93,Level 2,Long-Distance Traveler
User_1650,Hyundai Ioniq 6,50,Station_439,Houston,03/23/2025 22:00,03/23/2025 23:15,10.19,3.41,29.83,18.82,Evening,Monday,63.63,22.89,83.87,26.52,6,Level 1,Commuter
User_1651,Kia EV6,100,Station_323,Los Angeles,03/23/2025 23:00,03/24/2025 2:19,71.95,3.94,7.48,24.9,Evening,Monday,21.35,74.29,185.76,24.85,5,DC Fast Charger,Casual Driver
User_1652,Kia Niro EV,100,Station_227,New York,03/24/2025 0:00,03/24/2025 0:44,9.21,2.42,43.77,27.71,Evening,Thursday,44.01,78.66,58.8,9.63,7,Level 1,Casual Driver
User_1653,Ford Mustang Mach-E,80.25,Station_444,San Francisco,03/24/2025 1:00,03/24/2025 4:10,21.92,1.67,6.45,7.49,Afternoon,Tuesday,69.63,62.8,198.59,29.09,7,Level 1,Long-Distance Traveler
User_1654,Ford F-150 Lightning,85,Station_442,Houston,03/24/2025 2:00,03/24/2025 3:49,21.8,1.17,37.74,27.46,Night,Saturday,55.13,68.55,39.04,-4.05,5,Level 2,Long-Distance Traveler
User_1655,Volkswagen ID.4,100,Station_16,San Francisco,02/01/2025 12:00,02/01/2025 13:00,34.26,3.07,5.52,10.97,Afternoon,Monday,19.21,51.63,249.13,23.66,0,Level 2,Casual Driver
User_1656,BMW i3,50,Station_127,Houston,02/06/2025 9:00,02/06/2025 12:53,35.55,3.54,45.86,23.37,Night,Tuesday,85.49,74.66,275.57,26.13,4,Level 1,Commuter
User_1657,BMW i4,62,Station_396,Los Angeles,03/24/2025 3:00,03/24/2025 5:48,27.99,1.48,41.52,7.26,Afternoon,Friday,87.54,57.43,42.8,3.89,5,Level 1,Commuter
User_1658,BMW iX,62,Station_216,New York,03/24/2025 4:00,03/24/2025 6:57,35.76,1.93,22.87,17.07,Afternoon,Friday,11.85,114.17,273.51,39.21,3,Level 1,Long-Distance Traveler
User_1659,Audi e-tron,85,Station_69,San Francisco,03/24/2025 5:00,03/24/2025 5:53,7.92,1.79,31.75,27.96,Evening,Friday,69.71,55.14,18.78,11.77,3,DC Fast Charger,Long-Distance Traveler
User_1660,Audi Q4 e-tron,60.8,Station_84,San Francisco,03/24/2025 6:00,03/24/2025 8:34,26.18,4.3,11.08,11.41,Night,Wednesday,35.3,82.02,76.34,-8.55,3,Level 2,Commuter
User_1661,Mercedes EQS,81.06,Station_103,Houston,03/24/2025 7:00,03/24/2025 10:41,,1.7,13.49,14.32,Morning,Friday,83.09,76.5,11.26,13.74,5,Level 1,Long-Distance Traveler
User_1662,Mercedes EQE,46.17,Station_39,San Francisco,03/24/2025 8:00,03/24/2025 10:27,60.25,2.74,42.34,21.1,Evening,Wednesday,38.88,51.85,173.29,31.55,6,Level 2,Long-Distance Traveler
User_1663,Mercedes EQB,50,Station_13,Los Angeles,03/24/2025 9:00,03/24/2025 10:49,15.69,2.13,14.19,9.25,Night,Saturday,83.92,66.78,194.78,12.27,1,DC Fast Charger,Long-Distance Traveler
User_1664,Porsche Taycan,75,Station_297,San Francisco,03/24/2025 10:00,03/24/2025 12:03,54.83,0.56,45.86,22.93,Morning,Saturday,71.31,96.8,69.73,23.6,5,Level 1,Long-Distance Traveler
User_1665,Volvo XC40 Recharge,85,Station_313,Chicago,03/24/2025 11:00,03/24/2025 12:34,65.23,1.57,17.13,5.71,Afternoon,Monday,48.17,61.35,35.64,33.94,4,DC Fast Charger,Commuter
User_1666,Volvo C40 Recharge,75,Station_181,Los Angeles,03/24/2025 12:00,03/24/2025 13:57,6.43,0.93,9.03,16.43,Night,Friday,71.49,73.29,209.98,21.7,2,DC Fast Charger,Commuter
User_1667,Rivian R1T,100,Station_292,Los Angeles,02/06/2025 10:00,02/06/2025 13:15,47.53,3.8,14.33,31.1,Afternoon,Tuesday,59.93,81.18,139.38,18.98,3,Level 2,Commuter
User_1668,Rivian R1S,50,Station_493,New York,03/24/2025 13:00,03/24/2025 14:57,16.13,3.91,4.19,27.64,Afternoon,Thursday,61.13,71.02,82.88,29.24,5,Level 2,Long-Distance Traveler
User_1669,Lucid Air,62,Station_268,New York,03/24/2025 14:00,03/24/2025 17:50,66.98,0.78,13.79,38.83,Afternoon,Saturday,64.13,94.36,,36.43,1,Level 2,Casual Driver
User_1670,Polestar 2,50,Station_13,Houston,03/24/2025 15:00,03/24/2025 18:53,74.28,2.85,25.07,38.19,Night,Tuesday,41.34,50.41,194.79,7.73,3,Level 2,Commuter
User_1671,Polestar 3,75,Station_120,Houston,03/24/2025 16:00,03/24/2025 18:54,39.73,1.25,21.4,19.41,Morning,Tuesday,55.86,85.12,,24.11,0,Level 1,Casual Driver
User_1672,Mini Cooper SE,129.35,Station_458,Chicago,03/24/2025 17:00,03/24/2025 19:35,60.73,2.37,10.49,11.29,Night,Saturday,41.86,94.1,279.55,-1.37,3,Level 2,Long-Distance Traveler
User_1673,Toyota bZ4X,50,Station_353,New York,03/24/2025 18:00,03/24/2025 19:58,43.25,2.5,63.22,36.36,Morning,Monday,62.11,65.2,220.28,1.63,5,Level 1,Long-Distance Traveler
User_1674,Subaru Solterra,100,Station_57,New York,03/24/2025 19:00,03/24/2025 20:30,42.01,1.43,5.9,22.08,Evening,Sunday,39.2,83.92,239.6,1.92,7,DC Fast Charger,Commuter
User_1675,Honda Prologue,100,Station_40,New York,03/24/2025 20:00,03/24/2025 20:44,68.19,3.24,18.39,5.07,Evening,Tuesday,31.46,93.1,164.38,34.03,4,Level 2,Casual Driver
User_1676,Genesis GV60,100,Station_374,New York,03/24/2025 21:00,03/24/2025 23:03,18.9,3.27,45.48,37.26,Evening,Tuesday,71.9,78.68,226.52,20.36,5,DC Fast Charger,Commuter
User_1677,Genesis GV70 Electric,85,Station_336,San Francisco,03/24/2025 22:00,03/24/2025 23:20,13.76,2.75,38.15,39.05,Afternoon,Sunday,76.19,65.93,291.49,24.13,5,Level 2,Commuter
User_1678,Fiat 500e,100,Station_114,Houston,02/06/2025 11:00,02/06/2025 11:40,36.62,3.36,27.32,11.58,Afternoon,Sunday,66.56,56.24,69.23,24.52,7,Level 2,Long-Distance Traveler
User_1679,Mazda MX-30,120.45,Station_128,Los Angeles,03/24/2025 23:00,03/24/2025 23:56,63.65,3.74,33.7,10.86,Evening,Monday,59.34,56.69,14.45,-6.97,5,DC Fast Charger,Commuter
User_1680,Jaguar I-PACE,50,Station_199,Houston,02/06/2025 12:00,02/06/2025 12:41,65.49,2.07,37.58,31.15,Evening,Thursday,42.84,83.71,102.24,17.52,6,DC Fast Charger,Long-Distance Traveler
User_1681,Tesla Model 3,85,Station_13,Houston,02/06/2025 13:00,02/06/2025 16:19,33.89,3.63,18.6,24.47,Night,Monday,40.14,63.35,267.84,-4.16,2.78,DC Fast Charger,Long-Distance Traveler
User_1682,Tesla Model Y,48.47,Station_271,Los Angeles,02/06/2025 14:00,02/06/2025 15:08,47.29,3.29,15.41,46.27,Morning,Wednesday,28.21,50.64,277.49,7.12,7,DC Fast Charger,Long-Distance Traveler
User_1683,Tesla Model S,100,Station_89,Chicago,02/06/2025 15:00,02/06/2025 18:48,48.49,0.56,16.76,7.6,Morning,Saturday,35.89,90.85,103.91,0.53,7,Level 2,Long-Distance Traveler
User_1684,Tesla Model X,75,Station_215,Los Angeles,02/06/2025 16:00,02/06/2025 18:48,15.01,0.65,13.76,13.73,Evening,Friday,84.24,77.86,220.2,19.99,6,Level 2,Commuter
User_1685,Nissan Leaf,85,Station_444,Houston,02/06/2025 17:00,02/06/2025 18:05,30.07,1.27,35.87,35.04,Night,Friday,13.95,93.6,122.76,33.02,1,DC Fast Charger,Long-Distance Traveler
User_1686,Chevy Bolt EV,85,Station_278,San Francisco,02/06/2025 18:00,02/06/2025 19:21,74.11,2.97,32.29,25.66,Evening,Tuesday,33.44,86.9,179.59,14.12,4,Level 1,Long-Distance Traveler
User_1687,Chevy Bolt EUV,75,Station_327,Houston,02/01/2025 13:00,02/01/2025 15:54,16.56,3.59,19.77,37.44,Morning,Friday,25.78,69.2,159.23,34.11,7,Level 2,Commuter
User_1688,Hyundai Kona Electric,62,Station_447,New York,02/06/2025 19:00,02/06/2025 20:00,66.15,3.06,50.17,36.3,Evening,Monday,75.49,56.12,46.81,32.29,1,Level 2,Commuter
User_1689,Hyundai Ioniq 5,100,Station_474,Houston,02/06/2025 20:00,02/06/2025 21:02,47.38,1.3,48.16,28.11,Morning,Monday,23.64,68.06,,8.51,4,DC Fast Charger,Casual Driver
User_1690,Hyundai Ioniq 6,62,Station_481,San Francisco,02/06/2025 21:00,02/06/2025 23:50,45.99,2.85,30.6,23.61,Night,Wednesday,34.87,77.64,108.66,3.85,6,Level 2,Commuter
User_1691,Kia EV6,75,Station_203,Chicago,02/06/2025 22:00,02/07/2025 0:55,48.29,2.07,34.39,30.24,Night,Wednesday,61.87,92.69,208.75,-8.04,6,Level 1,Commuter
User_1692,Kia Niro EV,50,Station_74,Houston,02/06/2025 23:00,02/07/2025 2:18,78.69,2.86,36.56,7.64,Evening,Tuesday,38.19,82.43,17.24,12.74,7,Level 1,Long-Distance Traveler
User_1693,Ford Mustang Mach-E,93.09,Station_25,San Francisco,02/07/2025 0:00,02/07/2025 1:27,68.03,1.52,16.4,18.97,Morning,Tuesday,50.7,60.75,148.09,34.79,0,Level 2,Casual Driver
User_1694,Ford F-150 Lightning,85,Station_101,Houston,02/07/2025 1:00,02/07/2025 4:33,40.25,3.64,33.73,17.24,Night,Tuesday,45.03,77.8,28.45,38.97,6,DC Fast Charger,Commuter
User_1695,Volkswagen ID.4,100,Station_176,Los Angeles,02/07/2025 2:00,02/07/2025 5:01,74.28,1.06,41.34,12.89,Evening,Thursday,66.01,82.71,35.48,4.76,7,Level 2,Casual Driver
User_1696,BMW i3,85,Station_427,San Francisco,02/07/2025 3:00,02/07/2025 6:50,,3.88,38.87,20.26,Afternoon,Monday,20.22,99.53,246.41,7.46,1,DC Fast Charger,Commuter
User_1697,BMW i4,50,Station_117,Los Angeles,02/07/2025 4:00,02/07/2025 6:37,74.95,2.02,43.62,31.58,Morning,Tuesday,72.34,62.45,127.91,12.26,5,Level 2,Long-Distance Traveler
User_1698,BMW iX,85,Station_96,Houston,02/01/2025 14:00,02/01/2025 17:32,12.93,3.42,24.21,18.55,Afternoon,Monday,71.68,63.71,155.36,39.51,4,Level 1,Casual Driver
User_1699,Audi e-tron,100,Station_166,Los Angeles,02/07/2025 5:00,02/07/2025 6:00,52.88,1.28,35.53,7.95,Night,Sunday,30.6,76.03,186.81,19.19,0,Level 1,Commuter
User_1700,Audi Q4 e-tron,50,Station_41,San Francisco,02/07/2025 6:00,02/07/2025 7:24,34.97,2.5,19.65,16.53,Night,Monday,36.73,69.41,249.06,9.6,4,Level 2,Commuter
User_1701,Mercedes EQS,85,Station_429,New York,02/07/2025 7:00,02/07/2025 7:39,55.92,2.55,6.64,25.57,Night,Saturday,46.87,67.96,179.09,15.17,6,DC Fast Charger,Commuter
User_1702,Mercedes EQE,62,Station_344,San Francisco,02/07/2025 8:00,02/07/2025 11:37,76.6,3.32,31.6,19.34,Morning,Friday,69.31,92.69,290.99,31.25,3,DC Fast Charger,Casual Driver
User_1703,Mercedes EQB,100,Station_424,New York,02/07/2025 9:00,02/07/2025 11:39,20.26,1.35,3.02,31.89,Evening,Friday,79.65,88.24,32.01,36.55,0,Level 1,Casual Driver
User_1704,Porsche Taycan,50,Station_366,Houston,02/07/2025 10:00,02/07/2025 10:44,56.07,3.25,28.17,7.96,Afternoon,Monday,75.63,55.82,219.43,7.11,4,DC Fast Charger,Long-Distance Traveler
User_1705,Volvo XC40 Recharge,62,Station_120,Houston,02/07/2025 11:00,02/07/2025 11:32,65.05,3.44,22.56,20.8,Night,Saturday,83.59,80.04,188.08,25.34,3,DC Fast Charger,Casual Driver
User_1706,Volvo C40 Recharge,85,Station_97,San Francisco,02/07/2025 12:00,02/07/2025 13:12,,2.72,9.95,11.75,Morning,Friday,20.16,87.84,81.39,37.84,3,Level 1,Casual Driver
User_1707,Rivian R1T,50.87,Station_145,Houston,02/07/2025 13:00,02/07/2025 16:08,23.57,0.84,49.78,22,Night,Friday,51.07,79,267.35,-3.09,3,DC Fast Charger,Casual Driver
User_1708,Rivian R1S,62,Station_216,Chicago,02/07/2025 14:00,02/07/2025 17:47,,1.99,21.74,8.61,Evening,Friday,45.19,52.94,56.9,38.59,3,DC Fast Charger,Long-Distance Traveler
User_1709,Lucid Air,100,Station_147,Los Angeles,02/01/2025 15:00,02/01/2025 17:19,27.35,2.7,11.11,33.09,Evening,Monday,10.68,72.4,247.66,-8.3,1.54,DC Fast Charger,Long-Distance Traveler
User_1710,Polestar 2,100,Station_229,Los Angeles,02/07/2025 15:00,02/07/2025 16:36,41.09,5.22,7.85,37.37,Afternoon,Wednesday,10.71,64.16,35.44,-2.56,6.64,Level 2,Long-Distance Traveler
User_1711,Polestar 3,58.01,Station_313,Los Angeles,02/07/2025 16:00,02/07/2025 17:25,49,3.74,2.56,15.93,Night,Saturday,15.6,98,85.1,15.56,6,Level 2,Long-Distance Traveler
User_1712,Mini Cooper SE,85,Station_130,New York,02/07/2025 17:00,02/07/2025 18:32,10.28,2.36,45.69,7.05,Morning,Wednesday,27.84,52.21,39.28,35.09,1.8,Level 2,Long-Distance Traveler
User_1713,Toyota bZ4X,85,Station_352,Houston,02/07/2025 18:00,02/07/2025 21:52,45.57,3.27,11.09,34.03,Evening,Monday,45.71,87.23,217.59,-9.09,1,Level 2,Commuter
User_1714,Subaru Solterra,62,Station_377,New York,02/07/2025 19:00,02/07/2025 19:44,69.11,3.28,22.99,9.36,Afternoon,Monday,58.58,62.96,101.38,1.5,1,Level 2,Long-Distance Traveler
User_1715,Honda Prologue,102.95,Station_318,Los Angeles,02/07/2025 20:00,02/07/2025 22:18,37.76,3.4,32.73,26.22,Morning,Thursday,74.68,64.65,156.42,2.22,6,Level 2,Long-Distance Traveler
User_1716,Genesis GV60,85,Station_472,Los Angeles,02/07/2025 21:00,02/07/2025 23:25,14.5,2.55,21.24,30.87,Night,Wednesday,30.76,56.51,119.36,-5.6,0.67,Level 2,Commuter
User_1717,Genesis GV70 Electric,75,Station_137,Houston,02/07/2025 22:00,02/08/2025 0:01,54.64,3.25,19.71,18.84,Morning,Monday,27.02,85.54,130.55,12.63,5,Level 1,Commuter
User_1718,Fiat 500e,75,Station_324,Chicago,02/07/2025 23:00,02/08/2025 1:47,67.89,3.01,9.68,11.33,Afternoon,Wednesday,64.31,77.58,32.89,16.32,6,Level 2,Casual Driver
User_1719,Mazda MX-30,100,Station_337,Chicago,02/08/2025 0:00,02/08/2025 3:15,22.74,1.03,29.64,8.23,Evening,Thursday,76.23,85.78,280.98,-2.91,4,DC Fast Charger,Casual Driver
User_1720,Jaguar I-PACE,97.68,Station_2,New York,02/01/2025 16:00,02/01/2025 18:02,24.73,3.46,49.4,17.49,Evening,Thursday,67.59,89.94,237.31,4.42,7,DC Fast Charger,Commuter
User_1721,Tesla Model 3,85,Station_273,Houston,02/08/2025 1:00,02/08/2025 2:16,56.02,1.04,37.85,14.58,Evening,Monday,18.04,61.93,14.72,11.49,7,Level 1,Long-Distance Traveler
User_1722,Tesla Model Y,85,Station_117,Houston,02/08/2025 2:00,02/08/2025 3:26,127.76,0.98,9.29,20.34,Night,Monday,27.65,90.3,103.96,18.41,1,Level 2,Casual Driver
User_1723,Tesla Model S,100,Station_306,New York,02/08/2025 3:00,02/08/2025 4:19,13.88,0.52,9.91,26.91,Night,Monday,40.8,71.38,136.28,24.76,5,Level 2,Commuter
User_1724,Tesla Model X,75,Station_368,Houston,02/08/2025 4:00,02/08/2025 5:40,,3.47,32.6,37.21,Night,Monday,68.79,75.67,62.41,27.9,7,DC Fast Charger,Casual Driver
User_1725,Nissan Leaf,100,Station_94,Chicago,02/08/2025 5:00,02/08/2025 7:52,47.82,2.05,6.08,35.99,Night,Tuesday,61.58,97.96,90.11,7.17,2,Level 1,Casual Driver
User_1726,Chevy Bolt EV,50,Station_168,Houston,02/08/2025 6:00,02/08/2025 8:55,71.14,1.73,14.83,37.02,Afternoon,Saturday,73.16,75.75,150.27,17.42,5,DC Fast Charger,Long-Distance Traveler
User_1727,Chevy Bolt EUV,85,Station_442,New York,02/08/2025 7:00,02/08/2025 8:51,6.09,3.28,4.87,9.19,Night,Saturday,14.45,61.79,54.82,6.17,2,DC Fast Charger,Commuter
User_1728,Hyundai Kona Electric,50,Station_203,New York,02/08/2025 8:00,02/08/2025 10:25,33.1,2.18,16.69,36.52,Morning,Wednesday,79.5,53.57,174.43,-7.87,7.69,Level 1,Commuter
User_1729,Hyundai Ioniq 5,95.7,Station_341,New York,02/08/2025 9:00,02/08/2025 11:14,78.83,2.92,8.42,23.3,Afternoon,Wednesday,12.48,78.61,118.7,4.76,0,DC Fast Charger,Casual Driver
User_1730,Hyundai Ioniq 6,100,Station_149,New York,02/08/2025 10:00,02/08/2025 11:57,63.24,0.84,5.26,39.7,Afternoon,Wednesday,31.11,50.16,132.96,30.79,2,Level 1,Casual Driver
User_1731,Kia EV6,50,Station_10,Chicago,02/01/2025 17:00,02/01/2025 20:13,23.82,0.85,6.61,6.43,Evening,Friday,57.6,74.96,22.01,18.41,6,Level 2,Casual Driver
User_1732,Kia Niro EV,50,Station_402,San Francisco,02/08/2025 11:00,02/08/2025 11:31,50.16,3.98,29.09,8.85,Night,Thursday,62.13,95.4,42.38,18.46,7,DC Fast Charger,Casual Driver
User_1733,Ford Mustang Mach-E,50,Station_183,Houston,02/08/2025 12:00,02/08/2025 14:13,21.82,0.86,97.34,13.1,Afternoon,Sunday,78.27,76.9,240.8,10.34,5,Level 1,Long-Distance Traveler
User_1734,Ford F-150 Lightning,50,Station_413,Los Angeles,02/08/2025 13:00,02/08/2025 14:53,61,3.03,5.72,20.42,Morning,Tuesday,44.95,66.2,232.32,27.54,6,Level 2,Casual Driver
User_1735,Volkswagen ID.4,62,Station_152,Houston,02/08/2025 14:00,02/08/2025 15:12,47.31,0.97,10.16,25.92,Afternoon,Sunday,40.49,98.82,260.66,23.73,5,Level 1,Casual Driver
User_1736,BMW i3,62,Station_74,San Francisco,02/08/2025 15:00,02/08/2025 18:03,33.78,1.35,48.77,22.9,Afternoon,Wednesday,86.1,60.26,59.09,58.11,5,DC Fast Charger,Long-Distance Traveler
User_1737,BMW i4,62,Station_365,New York,02/08/2025 16:00,02/08/2025 17:40,47.84,1.61,36.25,11.35,Morning,Wednesday,61.58,55.66,258.7,31.42,6,DC Fast Charger,Commuter
User_1738,BMW iX,50,Station_401,San Francisco,02/08/2025 17:00,02/08/2025 20:15,10.64,3.08,19.17,6.5,Morning,Monday,66.58,69.16,81.31,20.62,6,Level 2,Long-Distance Traveler
User_1739,Audi e-tron,102.84,Station_274,Chicago,02/08/2025 18:00,02/08/2025 20:03,72.24,3.5,14.44,24.33,Afternoon,Sunday,83.21,83.21,131.29,3.86,2,Level 2,Casual Driver
User_1740,Audi Q4 e-tron,85,Station_42,Chicago,02/08/2025 19:00,02/08/2025 20:11,36.16,3.1,46.33,37.21,Evening,Monday,12.67,86.88,87.12,28.73,2,Level 2,Casual Driver
User_1741,Mercedes EQS,50,Station_496,Houston,02/08/2025 20:00,02/08/2025 22:42,63.63,2.04,9.99,35.03,Afternoon,Sunday,41.01,71.25,,5.1,1,Level 1,Commuter
User_1742,Mercedes EQE,100,Station_434,New York,02/01/2025 18:00,02/01/2025 21:03,42.64,0.81,20.49,25.08,Evening,Saturday,55.52,52.71,280.86,37.43,0,Level 1,Long-Distance Traveler
User_1743,Mercedes EQB,50,Station_212,Houston,02/08/2025 21:00,02/08/2025 23:48,8.35,2.31,47.48,19.75,Morning,Sunday,43.32,62.97,311.63,3.05,5,Level 1,Long-Distance Traveler
User_1744,Porsche Taycan,100,Station_101,Los Angeles,02/08/2025 22:00,02/08/2025 23:34,65.83,3.71,7.25,7.45,Morning,Monday,82.15,58.36,65.29,-7.43,0,Level 1,Casual Driver
User_1745,Volvo XC40 Recharge,100,Station_45,Los Angeles,02/08/2025 23:00,02/09/2025 0:03,55.19,1.41,,23.68,Morning,Wednesday,152.49,68.13,249.05,30.7,0,Level 1,Commuter
User_1746,Volvo C40 Recharge,85,Station_82,Chicago,02/09/2025 0:00,02/09/2025 2:29,55.98,1.11,13.8,31.53,Evening,Monday,2.33,71.04,67.87,11.44,5,Level 1,Casual Driver
User_1747,Rivian R1T,62,Station_17,New York,02/09/2025 1:00,02/09/2025 1:30,38.51,0.98,15.81,38.19,Morning,Wednesday,37.91,57.54,252.97,21.38,3,DC Fast Charger,Commuter
User_1748,Rivian R1S,85,Station_73,San Francisco,02/09/2025 2:00,02/09/2025 4:39,13.11,0.57,14.55,28.93,Night,Sunday,12.04,91.07,201.56,1.86,7,DC Fast Charger,Casual Driver
User_1749,Lucid Air,75,Station_14,Los Angeles,02/09/2025 3:00,02/09/2025 5:57,7.82,3.46,5.1,32.27,Night,Thursday,70.55,50.1,50.31,29.88,6,DC Fast Charger,Casual Driver
User_1750,Polestar 2,50,Station_433,Los Angeles,02/09/2025 4:00,02/09/2025 5:30,52.51,2.76,17.13,43.16,Evening,Thursday,30.48,90.93,152.26,-7.43,0,Level 1,Commuter
User_1751,Polestar 3,85,Station_157,New York,02/09/2025 5:00,02/09/2025 7:58,12.13,0.98,32.1,31.07,Morning,Friday,47.72,62.36,212.55,-1.21,3,Level 2,Commuter
User_1752,Mini Cooper SE,75,Station_223,New York,02/09/2025 6:00,02/09/2025 7:57,28.99,3.28,,8.69,Morning,Tuesday,39.67,60.73,195.96,7.19,3,DC Fast Charger,Casual Driver
User_1753,Toyota bZ4X,100,Station_428,San Francisco,02/01/2025 1:00,02/01/2025 3:01,12.34,3.13,30.68,21.13,Morning,Monday,10.12,84.66,112.11,14.31,3,Level 1,Casual Driver
User_1754,Subaru Solterra,50,Station_125,Los Angeles,02/01/2025 19:00,02/01/2025 20:22,48.48,2.58,45.29,7.09,Morning,Wednesday,12.75,116.1,243.26,9.2,3,Level 2,Long-Distance Traveler
User_1755,Honda Prologue,62,Station_132,Houston,02/09/2025 7:00,02/09/2025 8:37,13.49,2.67,29.87,27.32,Night,Monday,82.89,52.65,,-5.68,1,DC Fast Charger,Commuter
User_1756,Genesis GV60,62,Station_338,San Francisco,02/09/2025 8:00,02/09/2025 10:36,80.73,2.88,36.78,12.95,Night,Saturday,70.52,92.97,211.63,4.74,4,Level 1,Casual Driver
User_1757,Genesis GV70 Electric,85,Station_404,New York,02/09/2025 9:00,02/09/2025 11:49,53.59,3.45,6.93,7.44,Afternoon,Monday,58.07,92.27,101.95,7.38,6.46,Level 1,Casual Driver
User_1758,Fiat 500e,62,Station_376,Los Angeles,02/09/2025 10:00,02/09/2025 10:51,72.83,0.6,47.53,36.36,Evening,Tuesday,81.72,65.99,186.72,-8.82,2,Level 1,Long-Distance Traveler
User_1759,Mazda MX-30,85,Station_376,Los Angeles,02/09/2025 11:00,02/09/2025 13:57,64.23,2.82,29.93,5.94,Afternoon,Sunday,69.29,64.34,268.93,3.95,0,DC Fast Charger,Casual Driver
User_1760,Jaguar I-PACE,100,Station_47,Chicago,02/09/2025 12:00,02/09/2025 13:51,17.85,2.51,48.38,38.5,Evening,Tuesday,43.82,58.45,268.97,19.26,2.01,Level 2,Casual Driver
User_1761,Tesla Model 3,62,Station_107,New York,02/09/2025 13:00,02/09/2025 15:38,63.85,3.89,37.23,8.32,Morning,Sunday,17.58,74.05,128.35,28.17,3.28,Level 1,Commuter
User_1762,Tesla Model Y,85,Station_108,Houston,02/09/2025 14:00,02/09/2025 14:59,70.99,0.78,12.56,13.17,Morning,Friday,72.9,68.05,189.38,4.76,7,Level 1,Long-Distance Traveler
User_1763,Tesla Model S,85,Station_265,San Francisco,02/09/2025 15:00,02/09/2025 17:35,62.25,3.43,18.59,15.58,Evening,Tuesday,78.6,99.52,102.92,20.81,6,Level 2,Commuter
User_1764,Tesla Model X,89.03,Station_205,Houston,02/09/2025 16:00,02/09/2025 18:06,78.64,0.61,34.82,31.45,Afternoon,Wednesday,74.35,50.72,,21.96,6,Level 2,Commuter
User_1765,Nissan Leaf,50,Station_81,Los Angeles,02/01/2025 20:00,02/01/2025 22:54,50.28,3.17,30.49,28.87,Night,Tuesday,16.55,77.94,15.42,33.98,3,Level 2,Casual Driver
User_1766,Chevy Bolt EV,85,Station_79,Los Angeles,02/09/2025 17:00,02/09/2025 17:53,6.96,2.42,22.67,26.22,Night,Monday,16.34,78.76,86.56,29.56,1,Level 2,Casual Driver
User_1767,Chevy Bolt EUV,85,Station_155,Houston,02/09/2025 18:00,02/09/2025 18:43,75.19,3.62,53.17,14.74,Evening,Tuesday,17.16,64.31,150.05,24.92,5,Level 1,Casual Driver
User_1768,Hyundai Kona Electric,50,Station_271,Los Angeles,02/09/2025 19:00,02/09/2025 20:05,1.75,0.8,8.43,22.72,Evening,Wednesday,27.12,78.97,65.89,25.94,2,Level 1,Casual Driver
User_1769,Hyundai Ioniq 5,81.65,Station_476,Los Angeles,02/09/2025 20:00,02/09/2025 23:46,73.61,3.67,3.86,14.12,Evening,Tuesday,46.81,86.6,162.06,33.86,7,DC Fast Charger,Commuter
User_1770,Hyundai Ioniq 6,62,Station_485,Los Angeles,02/09/2025 21:00,02/10/2025 0:52,6.38,0.9,33.84,27.8,Morning,Saturday,46.18,99.01,169.11,-2.96,2,DC Fast Charger,Commuter
User_1771,Kia EV6,62,Station_247,Los Angeles,02/09/2025 22:00,02/09/2025 22:53,51.16,1.29,15,39.82,Evening,Wednesday,44.27,90.67,35.46,31.92,1.89,DC Fast Charger,Casual Driver
User_1772,Kia Niro EV,75,Station_19,Los Angeles,02/09/2025 23:00,02/10/2025 2:37,28.23,1.22,23.44,36.34,Morning,Thursday,61.79,65.22,91.12,24.32,7,DC Fast Charger,Commuter
User_1773,Ford Mustang Mach-E,62,Station_346,Chicago,02/10/2025 0:00,02/10/2025 2:04,67.92,3.7,41.74,32.18,Night,Wednesday,63.58,89.94,157.02,14.33,5,DC Fast Charger,Long-Distance Traveler
User_1774,Ford F-150 Lightning,75,Station_436,Houston,02/10/2025 1:00,02/10/2025 2:24,15.27,2.87,5.37,7.63,Night,Friday,86.95,85.14,113.67,6.86,6,DC Fast Charger,Long-Distance Traveler
User_1775,Volkswagen ID.4,85,Station_26,Chicago,02/10/2025 2:00,02/10/2025 5:54,50.64,2.23,29.63,38.25,Afternoon,Sunday,31.57,70.65,195,6.43,3,Level 1,Long-Distance Traveler
User_1776,BMW i3,62,Station_485,New York,02/01/2025 21:00,02/01/2025 22:55,59.14,2.93,,34.85,Evening,Sunday,71.53,75.97,219.63,-2.76,5,Level 1,Commuter
User_1777,BMW i4,50,Station_217,Chicago,02/10/2025 3:00,02/10/2025 6:57,52.05,2.94,5.23,25,Morning,Wednesday,74.87,64.37,153.97,4.82,4,DC Fast Charger,Commuter
User_1778,BMW iX,75,Station_154,New York,02/10/2025 4:00,02/10/2025 4:53,57.9,0.61,15.38,28.14,Night,Tuesday,58.6,77.23,266.69,15.73,7,Level 1,Long-Distance Traveler
User_1779,Audi e-tron,75,Station_154,New York,02/10/2025 5:00,02/10/2025 8:54,30.9,0.67,40.56,14.44,Night,Thursday,24.83,61.28,13.01,33.51,4,Level 1,Casual Driver
User_1780,Audi Q4 e-tron,46.54,Station_174,New York,02/10/2025 6:00,02/10/2025 9:01,35.35,3.13,5.5,12.65,Afternoon,Thursday,41.21,98.92,219.15,-8.72,4,Level 2,Casual Driver
User_1781,Mercedes EQS,75,Station_92,San Francisco,02/10/2025 7:00,02/10/2025 10:31,11.93,2.75,49.42,25.99,Afternoon,Wednesday,29.33,88.43,192.18,-3.36,0,Level 1,Casual Driver
User_1782,Mercedes EQE,62,Station_433,New York,02/10/2025 8:00,02/10/2025 8:55,55.46,0.58,20.99,16.65,Afternoon,Tuesday,78.79,55.02,90.4,15.92,3,Level 1,Long-Distance Traveler
User_1783,Mercedes EQB,50,Station_338,Houston,02/10/2025 9:00,02/10/2025 12:43,44.16,3.98,23.75,5.55,Morning,Thursday,81.45,89.29,33.56,-5.33,7,Level 1,Long-Distance Traveler
User_1784,Porsche Taycan,100,Station_480,Chicago,02/10/2025 10:00,02/10/2025 11:49,65.24,0.88,46.97,24.75,Evening,Saturday,27.08,55.75,95.66,20.43,4,Level 2,Commuter
User_1785,Volvo XC40 Recharge,50,Station_181,Houston,02/10/2025 11:00,02/10/2025 14:15,20.46,3.65,18.6,7.67,Morning,Wednesday,18.13,56.11,62.93,25.43,7,Level 1,Casual Driver
User_1786,Volvo C40 Recharge,27.03,Station_131,New York,02/10/2025 12:00,02/10/2025 13:34,49.19,1.91,32.36,9.12,Afternoon,Wednesday,64.42,99.6,120.4,2.8,5,Level 2,Commuter
User_1787,Rivian R1T,75,Station_140,Chicago,02/01/2025 22:00,02/02/2025 1:02,49.2,2.56,19.19,14.86,Afternoon,Saturday,49.02,64.48,298.19,39.96,4.26,DC Fast Charger,Long-Distance Traveler
User_1788,Rivian R1S,85,Station_450,San Francisco,02/10/2025 13:00,02/10/2025 14:44,32.64,0.56,29.2,5.78,Evening,Sunday,51.56,73.55,183.59,29.94,0,DC Fast Charger,Long-Distance Traveler
User_1789,Lucid Air,85,Station_481,San Francisco,02/10/2025 14:00,02/10/2025 17:28,66.62,1.23,45.51,22.34,Night,Wednesday,62.39,79.43,286.07,-0.98,0,Level 1,Commuter
User_1790,Polestar 2,62,Station_298,Chicago,02/10/2025 15:00,02/10/2025 18:12,33.37,0.61,10.2,35.96,Morning,Thursday,26.85,99.64,244.05,26.87,0,DC Fast Charger,Casual Driver
User_1791,Polestar 3,120.51,Station_275,Houston,02/10/2025 16:00,02/10/2025 17:12,68.83,2.47,16.94,33.86,Afternoon,Monday,70.75,55.33,139.03,-1.97,0,Level 1,Commuter
User_1792,Mini Cooper SE,75,Station_273,Los Angeles,02/10/2025 17:00,02/10/2025 17:58,65.89,0.74,36.49,9.14,Afternoon,Tuesday,18.87,65.02,77.27,11.73,5,Level 2,Commuter
User_1793,Toyota bZ4X,62,Station_492,Houston,02/10/2025 18:00,02/10/2025 21:14,,2.17,41.53,9.08,Evening,Friday,18.86,98.32,139.22,1.57,3,DC Fast Charger,Long-Distance Traveler
User_1794,Subaru Solterra,75,Station_417,New York,02/10/2025 19:00,02/10/2025 20:50,12.67,2.82,18.72,32.18,Morning,Friday,35.92,67.08,296.13,29.4,3,Level 1,Long-Distance Traveler
User_1795,Honda Prologue,50,Station_76,Los Angeles,02/10/2025 20:00,02/10/2025 23:35,25.35,0.61,16.88,19.33,Night,Tuesday,72.4,67.43,73.38,2.98,0,Level 1,Long-Distance Traveler
User_1796,Genesis GV60,100,Station_177,San Francisco,02/10/2025 21:00,02/10/2025 22:23,37.93,1.71,,36.21,Night,Monday,35.55,87.94,69.64,-1.33,2,Level 2,Long-Distance Traveler
User_1797,Genesis GV70 Electric,75,Station_184,Chicago,02/10/2025 22:00,02/10/2025 23:08,,0.69,30,23.49,Evening,Sunday,32.64,60.22,111.19,-8.61,6,Level 1,Casual Driver
User_1798,Fiat 500e,100,Station_326,New York,02/01/2025 23:00,02/01/2025 23:31,68.45,2.07,49.71,38.41,Morning,Friday,19.23,74.01,280.92,3.58,5,DC Fast Charger,Commuter
User_1799,Mazda MX-30,50,Station_319,Chicago,02/10/2025 23:00,02/11/2025 0:11,31.88,1.38,23.47,38.29,Evening,Sunday,68.82,92.84,249.76,38.19,6,DC Fast Charger,Casual Driver
User_1800,Jaguar I-PACE,50,Station_131,San Francisco,02/11/2025 0:00,02/11/2025 3:05,29.58,3.2,37.18,16.67,Night,Sunday,24.74,80.6,248.92,5.8,5,Level 2,Commuter
User_1801,Tesla Model 3,100,Station_363,New York,02/11/2025 1:00,02/11/2025 1:58,37.51,3.52,6.34,23.23,Evening,Sunday,31.2,76.03,203.73,30.13,1,DC Fast Charger,Casual Driver
User_1802,Tesla Model Y,62,Station_49,San Francisco,02/11/2025 2:00,02/11/2025 5:20,7.85,2.56,,25.95,Evening,Tuesday,89.85,85.15,26.36,39.57,3,DC Fast Charger,Commuter
User_1803,Tesla Model S,100,Station_55,New York,02/11/2025 3:00,02/11/2025 5:40,66.52,0.21,15.1,34.74,Morning,Wednesday,19.51,63.49,123.57,-6.76,3.97,Level 1,Long-Distance Traveler
User_1804,Tesla Model X,100,Station_154,Los Angeles,02/11/2025 4:00,02/11/2025 6:47,,2.01,74.61,7.89,Evening,Saturday,82.22,77.02,206.71,27.41,2,Level 1,Commuter
User_1805,Nissan Leaf,62,Station_355,San Francisco,02/11/2025 5:00,02/11/2025 8:36,29.84,3.47,14.04,9.06,Afternoon,Tuesday,17.26,53.66,195.47,19.18,7,Level 2,Commuter
User_1806,Chevy Bolt EV,100,Station_200,New York,02/11/2025 6:00,02/11/2025 8:51,59.78,3.84,28.46,13.52,Afternoon,Tuesday,72.52,69.19,134.38,18.13,6,Level 2,Casual Driver
User_1807,Chevy Bolt EUV,94.82,Station_308,Los Angeles,02/11/2025 7:00,02/11/2025 10:53,76.36,2.97,10.89,68.93,Afternoon,Saturday,80.68,64.03,213.49,36.47,5,Level 2,Commuter
User_1808,Hyundai Kona Electric,100,Station_356,San Francisco,02/11/2025 8:00,02/11/2025 11:24,60.41,1.71,48.79,17.9,Evening,Thursday,77.01,82.53,99.54,12.87,2,DC Fast Charger,Casual Driver
User_1809,Hyundai Ioniq 5,100,Station_150,Houston,02/02/2025 0:00,02/02/2025 1:55,27.6,0.96,11.24,24.04,Morning,Wednesday,65.49,65.35,173.47,35.98,4,Level 1,Long-Distance Traveler
User_1810,Hyundai Ioniq 6,85,Station_373,Chicago,02/11/2025 9:00,02/11/2025 10:11,44.79,3.43,35.39,36.91,Night,Friday,20.08,76.26,283.9,10.65,6,DC Fast Charger,Commuter
User_1811,Kia EV6,75,Station_118,San Francisco,02/11/2025 10:00,02/11/2025 12:03,22.23,3.38,,27.52,Afternoon,Friday,30.81,57.71,227.54,0.51,1,DC Fast Charger,Casual Driver
User_1812,Kia Niro EV,100,Station_263,Houston,02/11/2025 11:00,02/11/2025 14:09,22.28,2.31,18.21,24.41,Morning,Wednesday,83.64,59.26,114.54,21.75,3,DC Fast Charger,Long-Distance Traveler
User_1813,Ford Mustang Mach-E,85,Station_46,San Francisco,02/11/2025 12:00,02/11/2025 13:01,29.01,2.53,43.01,12.29,Evening,Saturday,70.25,92.5,199.64,1.08,3,Level 1,Casual Driver
User_1814,Ford F-150 Lightning,75,Station_302,Houston,02/11/2025 13:00,02/11/2025 16:19,61.12,2.71,28.4,20.04,Night,Sunday,28.72,52.96,172.67,-3.13,1,Level 2,Long-Distance Traveler
User_1815,Volkswagen ID.4,62,Station_356,Los Angeles,02/11/2025 14:00,02/11/2025 17:09,65.55,3.58,12.16,24.21,Night,Sunday,47.91,97.31,153.22,28.69,3,Level 1,Casual Driver
User_1816,BMW i3,50,Station_400,San Francisco,02/11/2025 15:00,02/11/2025 15:55,76.58,0.62,10.57,36.69,Evening,Wednesday,47.06,71.89,33.63,16.47,0,Level 1,Long-Distance Traveler
User_1817,BMW i4,50,Station_408,Los Angeles,02/11/2025 16:00,02/11/2025 18:24,37.09,0.85,23.62,19.54,Evening,Thursday,53.71,53.3,180.15,14.73,7,DC Fast Charger,Long-Distance Traveler
User_1818,BMW iX,100,Station_189,Los Angeles,02/11/2025 17:00,02/11/2025 19:38,56.36,3.21,,35.07,Morning,Wednesday,25.44,68.93,233.91,5.86,0,Level 2,Casual Driver
User_1819,Audi e-tron,85,Station_310,New York,02/11/2025 18:00,02/11/2025 19:25,6.35,1.05,4.11,10.03,Evening,Saturday,47.2,85.13,40.66,-0.23,5,DC Fast Charger,Long-Distance Traveler
User_1820,Audi Q4 e-tron,75,Station_288,San Francisco,02/02/2025 1:00,02/02/2025 3:42,40.18,3.6,12.32,38.76,Morning,Saturday,80.34,80,82.75,21.54,1,DC Fast Charger,Commuter
User_1821,Mercedes EQS,62,Station_318,Los Angeles,02/11/2025 19:00,02/11/2025 21:31,60.52,3.08,14.16,22.67,Evening,Saturday,25.51,64.21,219.12,-8.82,4,DC Fast Charger,Commuter
User_1822,Mercedes EQE,50,Station_129,Los Angeles,02/11/2025 20:00,02/11/2025 22:15,49.62,3.73,28.55,12.88,Night,Monday,43.91,98.39,260.69,11.26,6,Level 2,Commuter
User_1823,Mercedes EQB,100,Station_49,San Francisco,02/11/2025 21:00,02/11/2025 23:39,54.13,1.25,13.62,31.94,Afternoon,Thursday,69.63,88.99,175.21,-9.82,7,Level 2,Long-Distance Traveler
User_1824,Porsche Taycan,45.38,Station_25,San Francisco,02/11/2025 22:00,02/11/2025 23:50,13.09,3.24,36.48,36.61,Afternoon,Saturday,16.78,91.51,233.57,-1.4,3,Level 1,Long-Distance Traveler
User_1825,Volvo XC40 Recharge,75,Station_266,Chicago,02/11/2025 23:00,02/12/2025 2:07,7.42,1.91,15.1,36.54,Night,Saturday,61.36,59.94,,22.18,5,DC Fast Charger,Long-Distance Traveler
User_1826,Volvo C40 Recharge,143.48,Station_118,New York,02/12/2025 0:00,02/12/2025 2:29,47.09,3.31,5.13,31.22,Evening,Thursday,85.19,76.4,35.08,13.41,7,DC Fast Charger,Casual Driver
User_1827,Rivian R1T,100,Station_464,Los Angeles,02/12/2025 1:00,02/12/2025 4:48,,0.5,,23.6,Morning,Sunday,48.54,78.14,269.5,-5.89,6,DC Fast Charger,Commuter
User_1828,Rivian R1S,85,Station_144,New York,02/12/2025 2:00,02/12/2025 3:21,56.82,0.87,21.27,15.83,Afternoon,Tuesday,17.45,53.85,263.74,39.8,2,Level 2,Long-Distance Traveler
User_1829,Lucid Air,75,Station_442,Houston,02/12/2025 3:00,02/12/2025 5:00,36.53,2.65,5.09,32.24,Evening,Sunday,80.02,75.53,97.73,11.3,7,DC Fast Charger,Long-Distance Traveler
User_1830,Polestar 2,100,Station_200,Los Angeles,02/12/2025 4:00,02/12/2025 6:46,58.15,1.99,34.97,25.39,Afternoon,Tuesday,17.46,82.13,236.83,35.59,7,DC Fast Charger,Casual Driver
User_1831,Polestar 3,75,Station_361,Houston,02/02/2025 2:00,02/02/2025 2:33,43.49,3.65,36.18,27.45,Afternoon,Thursday,88.75,87.82,80.91,29.87,0.36,Level 1,Commuter
User_1832,Mini Cooper SE,10.19,Station_157,New York,02/12/2025 5:00,02/12/2025 5:51,63.59,3.33,28.6,5.09,Night,Monday,18.28,63.03,149.96,2.79,4,DC Fast Charger,Commuter
User_1833,Toyota bZ4X,85,Station_487,Chicago,02/12/2025 6:00,02/12/2025 7:03,55.42,2.31,30.64,36.43,Afternoon,Sunday,88.07,64.81,176.93,-8.43,5,DC Fast Charger,Long-Distance Traveler
User_1834,Subaru Solterra,50,Station_348,Chicago,02/12/2025 7:00,02/12/2025 9:19,12.92,3.38,9.14,11.5,Night,Saturday,48.08,71.16,188.6,-2.41,4,Level 1,Commuter
User_1835,Honda Prologue,75,Station_134,Los Angeles,02/12/2025 8:00,02/12/2025 9:18,70.24,3.37,31.88,18.53,Night,Thursday,72.55,91.9,34.52,7.14,4,Level 2,Casual Driver
User_1836,Genesis GV60,50,Station_400,Houston,02/12/2025 9:00,02/12/2025 11:38,47.9,1.16,22.06,35.04,Night,Thursday,48.98,75.49,32.24,-3,5,Level 1,Commuter
User_1837,Genesis GV70 Electric,62,Station_148,Chicago,02/12/2025 10:00,02/12/2025 11:42,59.15,3.88,14.88,32.07,Morning,Tuesday,40,57.35,,-1.86,3,Level 2,Long-Distance Traveler
User_1838,Fiat 500e,75,Station_336,Chicago,02/12/2025 11:00,02/12/2025 12:53,6.46,3.47,5.34,37.46,Evening,Sunday,88.22,91.94,,38.41,4,DC Fast Charger,Long-Distance Traveler
User_1839,Mazda MX-30,100,Station_71,Houston,02/12/2025 12:00,02/12/2025 13:22,79,3.89,26.98,11.29,Night,Friday,22.53,93.3,39.75,7.68,3,Level 2,Commuter
User_1840,Jaguar I-PACE,78.38,Station_233,New York,02/12/2025 13:00,02/12/2025 15:09,19.92,2.81,32.21,10.47,Night,Friday,43.91,80.06,205.64,10.38,7,Level 1,Casual Driver
User_1841,Tesla Model 3,62,Station_334,Chicago,02/12/2025 14:00,02/12/2025 16:33,73.23,3.52,23.62,16.97,Afternoon,Saturday,14.08,60.69,,35.83,5,DC Fast Charger,Casual Driver
User_1842,Tesla Model Y,50,Station_340,San Francisco,02/02/2025 3:00,02/02/2025 6:13,10.34,1.55,45.78,9.86,Night,Sunday,98.33,94.5,162.69,5.5,0,Level 1,Long-Distance Traveler
User_1843,Tesla Model S,75,Station_299,San Francisco,02/12/2025 15:00,02/12/2025 18:17,15.06,3.22,14.77,15.67,Evening,Tuesday,49.87,82.18,68.52,28.06,1,Level 1,Casual Driver
User_1844,Tesla Model X,62,Station_154,Chicago,02/12/2025 16:00,02/12/2025 17:14,12.13,2.67,40.2,34.87,Morning,Saturday,32.07,77.49,92.12,25.2,7,Level 1,Casual Driver
User_1845,Nissan Leaf,100,Station_90,New York,02/12/2025 17:00,02/12/2025 20:45,30.53,2.3,19.02,35.16,Morning,Wednesday,52.91,67.22,132.6,2.33,6,Level 1,Long-Distance Traveler
User_1846,Chevy Bolt EV,50,Station_334,New York,02/12/2025 18:00,02/12/2025 20:46,20.35,2.42,11.16,26.17,Afternoon,Thursday,109.27,82.33,116.18,2.77,1,Level 2,Commuter
User_1847,Chevy Bolt EUV,50,Station_199,Los Angeles,02/12/2025 19:00,02/12/2025 21:14,6.48,2.13,,37.21,Morning,Sunday,52.62,83.35,77.8,26.62,0,Level 1,Long-Distance Traveler
User_1848,Hyundai Kona Electric,100,Station_161,San Francisco,02/12/2025 20:00,02/12/2025 22:59,14.02,1.83,6.29,25.54,Afternoon,Sunday,59,90.81,22.54,33.28,7.52,Level 2,Commuter
User_1849,Hyundai Ioniq 5,85,Station_26,New York,02/12/2025 21:00,02/12/2025 23:55,61.83,1.4,49.16,8.02,Evening,Saturday,36.85,92.68,81,-2.34,0,Level 1,Commuter
User_1850,Hyundai Ioniq 6,75,Station_121,Houston,02/12/2025 22:00,02/13/2025 1:53,51.62,1.3,43.16,28.15,Afternoon,Monday,22.79,58.66,185.95,7.94,7,Level 1,Casual Driver
User_1851,Kia EV6,100,Station_301,San Francisco,02/12/2025 23:00,02/13/2025 1:15,13.32,0.89,21.63,9.97,Afternoon,Sunday,81.56,177.71,87.3,38.77,7,Level 2,Casual Driver
User_1852,Kia Niro EV,85,Station_212,San Francisco,02/13/2025 0:00,02/13/2025 1:12,37.64,2.67,19.6,27.9,Night,Friday,34.93,79.46,,-9.68,0,Level 2,Commuter
User_1853,Ford Mustang Mach-E,75,Station_129,Los Angeles,02/02/2025 4:00,02/02/2025 4:35,31.68,2.44,48.65,25.62,Afternoon,Friday,34.73,54.4,,20.38,3,Level 2,Casual Driver
User_1854,Ford F-150 Lightning,75,Station_63,Houston,02/13/2025 1:00,02/13/2025 4:16,70.62,0.64,18.34,14.74,Morning,Saturday,25.72,99.59,188.46,-4.84,2,Level 1,Commuter
User_1855,Volkswagen ID.4,75,Station_451,Chicago,02/13/2025 2:00,02/13/2025 5:50,74.49,2.86,32.95,31.65,Evening,Wednesday,55.66,52.57,160.68,26.31,5,Level 1,Commuter
User_1856,BMW i3,75,Station_436,Houston,02/13/2025 3:00,02/13/2025 5:43,32.52,2.29,31.55,10.04,Evening,Thursday,23.43,83.74,294.06,25.93,2,DC Fast Charger,Long-Distance Traveler
User_1857,BMW i4,100,Station_68,Houston,02/13/2025 4:00,02/13/2025 5:17,78.4,0.53,29.75,34.3,Night,Sunday,49.66,83.25,119.79,-9.3,1,Level 1,Commuter
User_1858,BMW iX,50,Station_253,Chicago,02/13/2025 5:00,02/13/2025 7:35,65.32,1.29,41.88,17.84,Afternoon,Wednesday,54.3,87.55,32.15,-9.4,3,Level 1,Long-Distance Traveler
User_1859,Audi e-tron,62,Station_410,Chicago,02/13/2025 6:00,02/13/2025 6:36,30.64,1.63,46.85,36.96,Evening,Saturday,62.18,53.74,151.51,21.08,3,DC Fast Charger,Commuter
User_1860,Audi Q4 e-tron,85,Station_459,Chicago,02/13/2025 7:00,02/13/2025 10:57,78.16,1.55,7.35,15.06,Evening,Thursday,78.18,80.78,114.77,20.83,4,Level 1,Casual Driver
User_1861,Mercedes EQS,75,Station_2,Chicago,02/13/2025 8:00,02/13/2025 11:46,5.34,1.35,29.15,39.59,Afternoon,Thursday,16.36,88.04,67.72,29.25,0.29,Level 1,Commuter
User_1862,Mercedes EQE,75,Station_398,Chicago,02/13/2025 9:00,02/13/2025 9:45,29.32,2.06,36.76,26.74,Afternoon,Tuesday,54.75,80.77,200.52,6.33,0,Level 2,Commuter
User_1863,Mercedes EQB,75,Station_108,Houston,02/13/2025 10:00,02/13/2025 12:38,23.99,3.27,32.93,20.65,Evening,Tuesday,87.85,75.36,205.17,5.92,5,Level 2,Long-Distance Traveler
User_1864,Porsche Taycan,75,Station_181,San Francisco,02/01/2025 2:00,02/01/2025 4:48,19.13,2.45,27.51,35.67,Morning,Thursday,6.85,69.92,71.8,21,2,Level 2,Commuter
User_1865,Volvo XC40 Recharge,75,Station_438,Chicago,02/02/2025 5:00,02/02/2025 7:58,56.59,3.15,45.81,33.13,Afternoon,Friday,29.21,85.01,186.16,12.33,0,DC Fast Charger,Casual Driver
User_1866,Volvo C40 Recharge,100,Station_286,Los Angeles,02/13/2025 11:00,02/13/2025 13:24,5.7,1.09,40.48,16.58,Afternoon,Monday,54.54,81.03,221.58,32.63,3,Level 2,Commuter
User_1867,Rivian R1T,65.05,Station_49,Los Angeles,02/13/2025 12:00,02/13/2025 13:06,54.53,0.64,41.49,9.77,Morning,Monday,73.36,73.14,250.37,31.25,0,Level 1,Long-Distance Traveler
User_1868,Rivian R1S,50,Station_140,New York,02/13/2025 13:00,02/13/2025 16:14,56.32,3.35,14.25,31.34,Evening,Sunday,63.93,87.7,174.14,-6.26,7,Level 2,Long-Distance Traveler
User_1869,Lucid Air,75,Station_218,Los Angeles,02/13/2025 14:00,02/13/2025 16:34,,2.76,15.29,26.58,Afternoon,Wednesday,75.32,89.87,197.67,21.14,6,Level 1,Casual Driver
User_1870,Polestar 2,75,Station_44,Los Angeles,02/13/2025 15:00,02/13/2025 16:50,65.23,2.76,18.07,29.44,Evening,Tuesday,45.51,83.41,206.99,4.07,0,DC Fast Charger,Casual Driver
User_1871,Polestar 3,100,Station_417,Houston,02/13/2025 16:00,02/13/2025 19:41,23.54,2.59,3.51,23.22,Evening,Thursday,17.17,39.32,192.86,14.54,4,Level 2,Casual Driver
User_1872,Mini Cooper SE,75,Station_269,Chicago,02/13/2025 17:00,02/13/2025 18:31,18.55,1.83,13.86,16.48,Night,Tuesday,37.87,66.17,46.22,26.69,7,DC Fast Charger,Casual Driver
User_1873,Toyota bZ4X,33.38,Station_78,Chicago,02/13/2025 18:00,02/13/2025 19:41,20.76,2.69,23.99,30.69,Morning,Thursday,27.4,55.23,155.22,8.32,2,Level 1,Long-Distance Traveler
User_1874,Subaru Solterra,85,Station_216,Houston,02/13/2025 19:00,02/13/2025 22:38,46.45,3.94,42.84,5.06,Morning,Tuesday,12.79,70.72,3.82,26.51,1.76,Level 1,Commuter
User_1875,Honda Prologue,85,Station_382,Los Angeles,02/13/2025 20:00,02/13/2025 22:34,49.75,2.01,33.7,18.59,Night,Thursday,62.64,87.47,177.27,31.46,0,DC Fast Charger,Long-Distance Traveler
User_1876,Genesis GV60,100,Station_239,New York,02/02/2025 6:00,02/02/2025 9:54,19.47,1.44,7.04,36.95,Afternoon,Wednesday,31.32,78.06,,8.35,2,DC Fast Charger,Casual Driver
User_1877,Genesis GV70 Electric,100,Station_98,Houston,02/13/2025 21:00,02/14/2025 0:10,66.17,1.59,4.1,37.06,Night,Wednesday,57.52,59.22,19.84,12.63,2,DC Fast Charger,Casual Driver
User_1878,Fiat 500e,85,Station_236,New York,02/13/2025 22:00,02/13/2025 23:35,,2.14,12.43,30.35,Evening,Tuesday,11.31,61.9,50.07,22.77,1,DC Fast Charger,Commuter
User_1879,Mazda MX-30,59.79,Station_282,Chicago,02/13/2025 23:00,02/13/2025 23:59,49.84,1.65,20.87,12.25,Morning,Friday,41.38,62.03,40.84,-4.84,5.69,DC Fast Charger,Long-Distance Traveler
User_1880,Jaguar I-PACE,75,Station_149,San Francisco,02/14/2025 0:00,02/14/2025 0:49,50.66,0.56,41.88,34.02,Night,Friday,79.26,76.34,206.67,14.06,2,Level 2,Commuter
User_1881,Tesla Model 3,62,Station_412,New York,02/14/2025 1:00,02/14/2025 4:37,6.89,3.5,29.45,13.15,Afternoon,Thursday,63,70.59,270.38,4.06,7,DC Fast Charger,Long-Distance Traveler
User_1882,Tesla Model Y,75,Station_304,New York,02/14/2025 2:00,02/14/2025 3:51,64.76,0.54,31.45,9,Evening,Wednesday,68.68,63.14,213.73,-5.43,1,Level 2,Commuter
User_1883,Tesla Model S,50,Station_484,Houston,02/14/2025 3:00,02/14/2025 5:16,55.42,3.67,39.08,11.68,Morning,Thursday,74.61,62.06,204.67,-9.37,1,DC Fast Charger,Commuter
User_1884,Tesla Model X,85,Station_424,Los Angeles,02/14/2025 4:00,02/14/2025 7:51,37.77,4.62,4.03,32.36,Evening,Wednesday,52.13,93.21,96.84,1.73,7,DC Fast Charger,Casual Driver
User_1885,Nissan Leaf,75,Station_66,Chicago,02/14/2025 5:00,02/14/2025 8:01,44.07,0.74,18.14,37.81,Evening,Monday,43.36,72.86,261.51,21.12,6,Level 2,Casual Driver
User_1886,Chevy Bolt EV,50,Station_234,San Francisco,02/14/2025 6:00,02/14/2025 8:41,76.71,2.72,37.73,9.42,Afternoon,Tuesday,57.42,53.72,189.9,20.61,2,Level 1,Commuter
User_1887,Chevy Bolt EUV,100,Station_58,Chicago,02/02/2025 7:00,02/02/2025 9:27,38.29,2.01,12.06,17.01,Evening,Wednesday,75.64,65.62,238.91,2.27,6,Level 1,Commuter
User_1888,Hyundai Kona Electric,75,Station_457,New York,02/14/2025 7:00,02/14/2025 8:06,6.52,0.95,34.45,9.84,Afternoon,Wednesday,80.47,52.87,86.12,1.22,7,Level 1,Commuter
User_1889,Hyundai Ioniq 5,85,Station_87,San Francisco,02/14/2025 8:00,02/14/2025 10:41,23.02,2.91,23.68,20.86,Night,Thursday,78.1,68.35,89.42,12.02,3,Level 1,Casual Driver
User_1890,Hyundai Ioniq 6,100,Station_79,Los Angeles,02/14/2025 9:00,02/14/2025 10:46,62.32,2.92,22.42,7.16,Afternoon,Sunday,21.82,61.29,22.62,11.13,6,Level 1,Long-Distance Traveler
User_1891,Kia EV6,62,Station_205,Los Angeles,02/14/2025 10:00,02/14/2025 11:58,64.52,1.72,39.25,38.18,Morning,Sunday,31.49,66.3,75.83,0.4,6,Level 2,Commuter
User_1892,Kia Niro EV,100,Station_279,San Francisco,02/14/2025 11:00,02/14/2025 14:54,53,3.53,38.37,6.45,Night,Monday,10.95,69.3,27.93,14.18,6,Level 1,Long-Distance Traveler
User_1893,Ford Mustang Mach-E,75,Station_337,Chicago,02/14/2025 12:00,02/14/2025 14:55,74.74,0.1,44.05,27.74,Morning,Sunday,27.62,61.33,56.33,9.99,3.18,Level 2,Casual Driver
User_1894,Ford F-150 Lightning,62,Station_254,Los Angeles,02/14/2025 13:00,02/14/2025 14:57,17.89,3.71,3.66,25.22,Morning,Thursday,32.15,113.21,,-4.31,5,Level 2,Commuter
User_1895,Volkswagen ID.4,100,Station_304,San Francisco,02/14/2025 14:00,02/14/2025 17:43,18.85,2.41,47.45,7.32,Night,Friday,84.31,62.8,237.05,-2.88,1,Level 2,Long-Distance Traveler
User_1896,BMW i3,100,Station_380,New York,02/14/2025 15:00,02/14/2025 18:25,58.38,1.88,4.67,33.86,Afternoon,Friday,15.36,56.58,96.86,16.97,3,Level 2,Casual Driver
User_1897,BMW i4,62,Station_130,San Francisco,02/14/2025 16:00,02/14/2025 17:02,57.82,2.17,,31.92,Evening,Tuesday,66.55,77.72,222.67,34.04,1,Level 2,Commuter
User_1898,BMW iX,100,Station_198,New York,02/02/2025 8:00,02/02/2025 9:58,16.14,1.31,21.52,26.44,Evening,Monday,23.6,88.2,35.5,39.38,1,Level 2,Casual Driver
User_1899,Audi e-tron,85,Station_84,San Francisco,02/14/2025 17:00,02/14/2025 18:27,13.32,1.38,24.74,12.39,Afternoon,Saturday,52.79,92.87,283.99,35.7,4,DC Fast Charger,Long-Distance Traveler
User_1900,Audi Q4 e-tron,85,Station_276,Houston,02/14/2025 18:00,02/14/2025 21:50,14.5,2.24,37.66,11.91,Morning,Tuesday,51.14,99.99,168.04,12.25,3,Level 2,Commuter
